url,title,has_file,description_chars,template,template_cluster_size,placeholder_date,views,downloads
/books/សុខភាពនៅក្នុងដៃរបស់យើង-សម្រាប់វិទ្យាសាស្ត្រជីវវិទ្យា,សុខភាពនៅក្នុងដៃរបស់យើង សម្រាប់វិទ្យាសាស្ត្រជីវវិទ្យា,true,438,77c9cfb2,1,true,41,1
/books/educational-psychology-14th-edition-global-edition,"Educational Psychology (14th Edition, Global Edition)",false,289,6754c3c7,1,false,30,1
/books/សៀវភៅណែនាំសម្រាប់គ្រូបង្រៀនថ្នាក់ទី២-ភាគ១,សៀវភៅណែនាំសម្រាប់គ្រូបង្រៀនថ្នាក់ទី២ ភាគ១,true,333,12698c19,1,false,30,1
/books/គុណភាពទឹក-សម្រាប់វិទ្យាសាស្ត្រគីមីវិទ្យា-និងបរិស្ថានវិទ្យា,គុណភាពទឹក សម្រាប់វិទ្យាសាស្ត្រគីមីវិទ្យា និងបរិស្ថានវិទ្យា,true,367,2b6b29ca,1,true,25,1
/books/កម្មវិធីសិក្សាលម្អិត-មុខវិជ្ជាការស្រាវជ្រាវអប់រំ-ba-1,កម្មវិធីសិក្សាលម្អិត មុខវិជ្ជាការស្រាវជ្រាវអប់រំ (BA+1),true,388,ad32f8d5,1,false,25,9
/books/សេដ្ឋកិច្ចកម្ពុជា,សេដ្ឋកិច្ចកម្ពុជា,true,226,53728909,1,false,25,0
/books/អន្តរកម្មសម្រាប់វិទ្យាសាស្ត្ររូបវិទ្យា-សៀវភៅសម្រាប់សិស្ស-ភាគ៣,អន្តរកម្មសម្រាប់វិទ្យាសាស្ត្ររូបវិទ្យា សៀវភៅសម្រាប់សិស្ស ភាគ៣,true,307,f30cadd8,1,true,24,0
/books/quality-of-teaching-and-learning-in-response-to-21st-century-education-selected-action-research-reports-12-4-student-teachers-batch-3-academic-year-2024-2025,"Quality of Teaching and Learning in Response to 21st Century Education: Selected Action Research Reports, 12+4 Student Teachers Batch 3, Academic Year",true,1036,9894ba15,1,true,18,0
/books/ថ្នាក់ទី៧-សិក្សាសង្គម,ថ្នាក់ទី៧៖ សិក្សាសង្គម,true,249,bb49e20d,76,false,18,0
/books/សៀវភៅណែនាំគ្រូ-គណិតវិទ្យា-ថ្នាក់ទី១,សៀវភៅណែនាំគ្រូ គណិតវិទ្យា ថ្នាក់ទី១,true,0,empty,1,false,17,0
/books/កំណែវិទ្យាសាស្ត្រ-សិក្សាសង្គម-ថ្នាក់ទី៣,កំណែវិទ្យាសាស្ត្រ សិក្សាសង្គម ថ្នាក់ទី៣,true,258,a1f387f3,12,false,14,0
/books/កម្មវិធីសិក្សាលម្អិត-មុខវិជ្ជាគរុកោសល្យនិងការបង្រៀន-ba-1,កម្មវិធីសិក្សាលម្អិត មុខវិជ្ជាគរុកោសល្យនិងការបង្រៀន (BA+1),true,380,afddd647,1,false,14,11
/books/នីតិអន្តរជាតិឯកជន,នីតិអន្តរជាតិឯកជន,true,207,3c665b6a,1,true,12,0
/books/operations-research-an-introduction-10th-edition-global-edition,"Operations Research: An Introduction (10th Edition, Global Edition)",false,211,5e1536c2,1,false,11,1
/books/the-action-research-planner-doing-critical-participatory-action-research,The Action Research Planner: Doing Critical Participatory Action Research,true,222,8956e15c,1,false,10,7
/books/action-research-series-volume-3,Action Research Series Volume 3,true,1526,ac9807f9,1,false,10,0
/books/កំណែភាសាខ្មែរ-ថ្នាក់ទី៦,កំណែភាសាខ្មែរ ថ្នាក់ទី៦,true,241,a1f387f3,12,false,10,0
/books/the-action-research-guidebook-cdpf-iii,The Action Research Guidebook (CDPF III),true,196,bcedea29,1,false,10,7
/books/introduction-to-research-methods-5th-edition,Introduction to Research Methods (5th Edition),true,296,3175f9df,1,false,9,0
/books/សៀវភៅណែនាំសម្រាប់គ្រូបង្រៀនថ្នាក់ទី១-ភាគ១,សៀវភៅណែនាំសម្រាប់គ្រូបង្រៀនថ្នាក់ទី១ ភាគ១,true,327,19bd0bdf,1,false,9,0
/books/គណិតវិទ្យា-បណ្តុំវិទ្យាសាស្រ្ត,គណិតវិទ្យា បណ្តុំវិទ្យាសាស្រ្ត,true,242,9b003fd8,1,false,9,0
/books/ថ្នាក់ទី៨-សិក្សាសង្គម,ថ្នាក់ទី៨៖ សិក្សាសង្គម,true,249,bb49e20d,76,false,9,0
/books/សៀវភៅណែនាំសម្រាប់គ្រូបង្រៀនថ្នាក់ទី២-ភាគ២,សៀវភៅណែនាំសម្រាប់គ្រូបង្រៀនថ្នាក់ទី២ ភាគ២,true,297,4a5fe964,1,false,9,0
/books/សៀវភៅណែនាំគ្រូ-គណិតវិទ្យា-ថ្នាក់ទី៣,សៀវភៅណែនាំគ្រូ គណិតវិទ្យា ថ្នាក់ទី៣,true,149,e8e23396,1,true,9,0
/books/essential-english-for-foreign-students-book-3,Essential English for Foreign Students: Book 3,true,228,2376c1e6,1,true,9,0
/books/សៀវភៅណែនាំគ្រូបង្រៀន-គណិតវិទ្យា-ថ្នាក់ទី៨-stepsam3,សៀវភៅណែនាំគ្រូបង្រៀន គណិតវិទ្យា ថ្នាក់ទី៨ (STEPSAM3),true,300,571ae7be,1,false,8,2
/books/research-methodology-a-step-by-step-guide-for-beginners-5th-edition,Research Methodology: A Step-by-Step Guide for Beginners (5th Edition),true,168,9de7f009,1,false,8,0
/books/កំណែភាសាខ្មែរ-ថ្នាក់ទី៤,កំណែភាសាខ្មែរ ថ្នាក់ទី៤,true,241,a1f387f3,12,false,8,0
/books/student-statistics-challenges-in-collection-and-validity,Student Statistics: Challenges in Collection and Validity,true,331,d9480946,1,false,8,3
/books/educational-research-competencies-for-analysis-12th-edition,Educational Research: Competencies for Analysis (12th Edition),false,322,ead5be7a,1,false,8,1
/books/គុណភាពនៃការបង្រៀននិងរៀនឆ្លើយតបការអប់រំក្នុងសតវត្សទី២១-របាយការណ៍ស្រាវជ្រាវប្រតិបត្តិជ្រើសរើស-គរុនិស្សិត១២-៤-ជំនាន់ទី៣-ឆ្នាំសិក្សា២០២៤-២០២៥,គុណភាពនៃការបង្រៀននិងរៀនឆ្លើយតបការអប់រំក្នុងសតវត្សទី២១ របាយការណ៍ស្រាវជ្រាវប្រតិបត្តិជ្រើសរើស គរុនិស្សិត១២+៤ ជំនាន់ទី៣ ឆ្នាំសិក្សា២០២៤-២០២៥,true,599,b0f70029,1,false,8,0
/books/action-research-series-volume-1,Action Research Series Volume 1,true,725,d11e9d28,1,false,8,0
/books/សៀវភៅគណិតវិទ្យា-សម្រាប់ថ្នាក់វិទ្យាសាស្រ្ត-ថ្នាក់ទី១២,សៀវភៅគណិតវិទ្យា សម្រាប់ថ្នាក់វិទ្យាសាស្រ្ត ថ្នាក់ទី១២,true,259,3d4a6881,330,true,8,0
/books/research-design-qualitative-quantitative-and-mixed-methods-approaches,"Research Design: Qualitative, Quantitative, and Mixed Methods Approaches",false,469,1d2f8976,1,false,7,1
/books/សៀវភៅជំនួយ-គណិតវិទ្យា-ថ្នាក់ទី១,សៀវភៅជំនួយ គណិតវិទ្យា ថ្នាក់ទី១,true,344,08cb9b2f,1,false,7,0
/books/សៀវភៅណែនាំ-សម្រាប់គ្រូបង្រៀនថ្នាក់ទី២,សៀវភៅណែនាំ សម្រាប់គ្រូបង្រៀនថ្នាក់ទី២,true,350,864ac366,1,false,7,0
/books/កំណែសិក្សាសង្គម-ថ្នាក់ទី៤,កំណែសិក្សាសង្គម ថ្នាក់ទី៤,true,244,a1f387f3,12,false,7,1
/books/សៀវភៅជំនួយភាសាខ្មែរ-ថ្នាក់ទី១-ភាគ១,សៀវភៅជំនួយភាសាខ្មែរ ថ្នាក់ទី១ ភាគ១,true,267,60e512a5,1,false,7,1
/books/បទបង្ហាញទី៨-សាលាស្អាត-ក្នុងក្របខណ្ឌ-យុទ្ធនាការសាលាគ្មានសំរាម,បទបង្ហាញទី៨៖ សាលាស្អាត ក្នុងក្របខណ្ឌ យុទ្ធនាការសាលាគ្មានសំរាម,true,238,5448c4f2,5,false,7,0
/books/សៀវភៅជំនួយ-គណិតវិទ្យា-ថ្នាក់ទី២,សៀវភៅជំនួយ គណិតវិទ្យា ថ្នាក់ទី២,true,253,aefd2a48,1,false,7,0
/books/ស្រាវជ្រាវលើសម្ភារឧបទេស-និងវិធីសាស្ត្របង្រៀន-ict,ស្រាវជ្រាវលើសម្ភារឧបទេស និងវិធីសាស្ត្របង្រៀន ICT,true,328,2d0ea6dd,1,false,7,6
/books/action-research-series-volume-2,Action Research Series Volume 2,true,760,f76d5f07,1,false,7,0
/books/វិធីសាស្ត្រសម្រាប់ការរៀបចំសរសេរសារណាបញ្ចប់ថ្នាក់បរិញ្ញាបត្រ,វិធីសាស្ត្រសម្រាប់ការរៀបចំសរសេរសារណាបញ្ចប់ថ្នាក់បរិញ្ញាបត្រ,true,157,3673a237,1,false,7,6
/books/កម្មវិធីសិក្សាថ្នាក់ទី5,កម្មវិធីសិក្សាថ្នាក់ទី5,true,207,467c364e,6,false,6,1
/books/សៀវភៅហ្វឹកហាត់កិច្ចការផ្ទះ-ភាសាខ្មែរ-ថ្នាក់ទី៣,សៀវភៅហ្វឹកហាត់កិច្ចការផ្ទះ ភាសាខ្មែរ ថ្នាក់ទី៣,true,271,62c32686,1,false,6,1
/books/សៀវភៅលំហាត់-គណិតវិទ្យា-ថ្នាក់ទី១-គ១,សៀវភៅលំហាត់ គណិតវិទ្យា ថ្នាក់ទី១ គ១,true,277,f3a04cdd,1,false,6,0
/books/កម្មវិធីសិក្សាថ្នាក់ទី6,កម្មវិធីសិក្សាថ្នាក់ទី6,true,207,467c364e,6,false,6,1
/books/កំណែសិក្សាសង្គម-វិទ្យាសាស្ត្រ-ថ្នាក់ទី៦,កំណែសិក្សាសង្គម វិទ្យាសាស្ត្រ ថ្នាក់ទី៦,true,259,a1f387f3,12,false,6,0
/books/អប់រំសុខភាព-ថ្នាក់ទី៤-សៀវភៅសិស្ស,អប់រំសុខភាព ថ្នាក់ទី៤ (សៀវភៅសិស្ស),true,255,bb49e20d,76,false,6,0
/books/essential-english-for-foreign-students-book-1,Essential English for Foreign Students: Book 1,true,266,87eb05b7,1,true,6,0
/books/កញ្ចប់ឯកសារទី៦-ការសិក្សាបំប៉នបន្ថែម-គណិតវិទ្យា-ថ្នាក់ទី៣,កញ្ចប់ឯកសារទី៦ ការសិក្សាបំប៉នបន្ថែម (គណិតវិទ្យា ថ្នាក់ទី៣),true,264,3d4a6881,330,true,6,0
/books/កម្មវិធីសិក្សាលម្អិត-មុខវិជ្ជាវិធីសាស្ត្របង្រៀនគណិតវិទ្យា២,កម្មវិធីសិក្សាលម្អិត មុខវិជ្ជាវិធីសាស្ត្របង្រៀនគណិតវិទ្យា២,true,387,bf5a9dfc,1,false,6,0
/books/កម្មវិធីសិក្សាលម្អិត-មុខវិជ្ជាវិធីសាស្ត្របង្រៀនគណិតវិទ្យា១,កម្មវិធីសិក្សាលម្អិត មុខវិជ្ជាវិធីសាស្ត្របង្រៀនគណិតវិទ្យា១,true,404,8c1c816d,1,false,6,0
/books/educational-research-competencies-for-analysis-11th-global-edition,Educational Research: Competencies for Analysis (11th Global Edition),false,321,c0ef19e4,1,false,6,1
/books/កម្មវិធីសិក្សាលម្អិត-សម្រាប់កម្មវិធីអប់រំគ្រូបង្រៀនអនុវិទ្យាល័យតាមប្រព័ន្ធ-បរិញ្ញាបត្រ-១-មុខវិជ្ជា-វិធីសាស្ត្រ១-ឯកទេស-រូបវិទ្យា,កម្មវិធីសិក្សាលម្អិត សម្រាប់កម្មវិធីអប់រំគ្រូបង្រៀនអនុវិទ្យាល័យតាមប្រព័ន្ធ បរិញ្ញាបត្រ+១ មុខវិជ្ជា៖វិធីសាស្ត្រ១ ឯកទេស៖រូបវិទ្យា,true,785,c73526c5,1,false,6,4
/books/ការបង្រៀន-និងរៀនតាមប្រព័ន្ធអេឡិចត្រូនិក,ការបង្រៀន និងរៀនតាមប្រព័ន្ធអេឡិចត្រូនិក,true,238,330a4d57,4,true,6,0
/books/introduction-to-database,Introduction to Database,true,240,64851361,20,true,6,0
/books/effective-school-management-4th-edition,Effective School Management (4th Edition),false,196,c629d64e,1,false,5,0
/books/action-research-a-guide-for-the-teacher-researcher-5th-edition,Action Research: A Guide for the Teacher Researcher (5th Edition),false,212,c92dfc51,1,false,5,3
/books/term-of-use,Term of Use,true,235,c1127915,36,false,5,0
/books/qualitative-inquiry-and-research-design-4th-edition,Qualitative Inquiry and Research Design (4th Edition),false,321,3147e72d,1,false,5,2
/books/យុទ្ធសាស្ត្របង្រៀនទំនើប,យុទ្ធសាស្ត្របង្រៀនទំនើប,true,219,5f86b7a2,1,true,5,0
/books/អំណាន-ជាអំណាច,អំណាន ជាអំណាច,true,191,2b11d43c,1,true,5,0
/books/សៀវភៅលំហាត់-គណិតវិទ្យា-ថ្នាក់ទី១-គ២,សៀវភៅលំហាត់ គណិតវិទ្យា ថ្នាក់ទី១ គ២,true,288,f9f03ba8,1,false,5,0
/books/practical-research-methods,Practical Research Methods,true,331,6b9fb95e,1,false,5,0
/books/រលកអេឡិចត្រូម៉ាញ៉េទិច,រលកអេឡិចត្រូម៉ាញ៉េទិច,true,222,686ecb43,168,false,5,0
/books/កម្មវិធីសិក្សាលម្អិត-ភាសាខ្មែរ-ថ្នាក់ទី១-៦,កម្មវិធីសិក្សាលម្អិត ភាសាខ្មែរ ថ្នាក់ទី១-៦,true,259,83f747b2,10,false,5,0
/books/គណិតវិទ្យា-ថ្នាក់ទី២-សៀវភៅគ្រូ,គណិតវិទ្យា ថ្នាក់ទី២ (សៀវភៅគ្រូ),true,247,49ab0832,16,false,5,0
/books/សៀវភៅណែនាំគ្រូបង្រៀន-រូបវិទ្យា-ថ្នាក់ទី៨-stepsam3,សៀវភៅណែនាំគ្រូបង្រៀន រូបវិទ្យា ថ្នាក់ទី៨ (STEPSAM3),true,300,51a6799a,1,false,5,0
/books/គីមីវិទ្យា-បណ្តុំវិទ្យាសាស្ត្រ,គីមីវិទ្យា បណ្តុំវិទ្យាសាស្ត្រ,true,251,e705e1a6,1,false,5,2
/books/research-design-qualitative-quantitative-and-mixed-methods-3rd-edition,"Research Design: Qualitative, Quantitative and Mixed Methods (3rd Edition)",false,345,cfbff583,1,false,5,0
/books/ថ្នាក់ទី៤-english,ថ្នាក់ទី៤៖ English,true,238,bb036af9,15,false,5,0
/books/មនុស្សលោក-2nd-edition,មនុស្សលោក (2nd Edition),true,217,6f2c4e55,1,false,5,0
/books/ជំនឿផ្សេងៗនៃជនជាតិខ្មែរ,ជំនឿផ្សេងៗនៃជនជាតិខ្មែរ,true,196,c9bd76d8,1,false,5,0
/books/វិធីសាស្ត្របរិយាយ-story-telling,វិធីសាស្ត្របរិយាយ Story Telling,true,227,23f63b55,1,true,5,0
/books/កម្រងកិច្ចការផ្ទះភាសាខ្មែរ-និងគណិតវិទ្យាថ្នាក់ទី៦,កម្រងកិច្ចការផ្ទះភាសាខ្មែរ និងគណិតវិទ្យាថ្នាក់ទី៦,true,275,c5771d26,18,false,5,0
/books/english-lesson-plans-grade-8,English Lesson Plans — Grade 8,true,254,9a8ba899,3,false,5,0
/books/សៀវភៅហ្វឹកហាត់គណិតវិទ្យា-ទ្រឹស្តីបទពីតាគ័រ,សៀវភៅហ្វឹកហាត់គណិតវិទ្យា ទ្រឹស្តីបទពីតាគ័រ,true,248,3d4a6881,330,true,5,0
/books/ថ្នាក់ទី៤-វិទ្យាសាស្ត្រ,ថ្នាក់ទី៤៖ វិទ្យាសាស្ត្រ,true,253,7098a849,9,false,5,0
/books/ការបង្រៀនតាមវិធីសម្តែងតួ,ការបង្រៀនតាមវិធីសម្តែងតួ,true,240,de11407e,1,false,5,6
/books/ថ្នាក់ទី១២-សីលធម៌-ពលរដ្ឋវិជ្ជា,ថ្នាក់ទី១២៖ សីលធម៌ ពលរដ្ឋវិជ្ជា,true,259,bb49e20d,76,false,4,0
/books/សៀវភៅណែនាំគ្រូ-គណិតវិទ្យា-ថ្នាក់ទី២,សៀវភៅណែនាំគ្រូ គណិតវិទ្យា ថ្នាក់ទី២,true,241,3d4a6881,330,false,4,0
/books/ប្រវត្តិវិទ្យា-ថ្នាក់ទី១២,ប្រវត្តិវិទ្យា ថ្នាក់ទី១២,true,218,1dd264ba,1,false,4,1
/books/becoming-a-teacher-through-action-research-3rd-edition,Becoming a Teacher Through Action Research (3rd Edition),false,312,a3a7a347,1,false,4,1
/books/book-of-5es-mathematics,Book of 5Es Mathematics,true,186,8fdd08cc,8,false,4,0
/books/កំណែគណិតវិទ្យា-ថ្នាក់ទី៣,កំណែគណិតវិទ្យា ថ្នាក់ទី៣,true,243,a1f387f3,12,false,4,0
/books/ការជ្រើសរើស-វិធីសាស្ត្របង្រៀន,ការជ្រើសរើស វិធីសាស្ត្របង្រៀន,true,216,3861ee6a,8,false,4,0
/books/ថ្នាក់ទី១០-សិក្សាសង្គម,ថ្នាក់ទី១០៖ សិក្សាសង្គម,true,251,bb49e20d,76,false,4,1
/books/ឯកសារជំនួយស្មារតីតេស្ត-pisa-d-អំណាន,ឯកសារជំនួយស្មារតីតេស្ត PISA-D អំណាន,true,198,392f3f2c,1,false,4,1
/books/introduction-to-research-methods-4th-edition,Introduction to Research Methods (4th Edition),true,313,0156ff90,1,false,4,0
/books/digital-literacy-and-artificial-intelligence,Digital Literacy and Artificial Intelligence,true,247,64851361,20,false,4,0
/books/data-analysis-and-hypothesis-testing-using-python,Data Analysis and Hypothesis Testing Using Python,true,288,e3b73d1d,1,false,4,0
/books/how-to-write-a-better-thesis,How to Write a Better Thesis,false,450,f7b0dcf8,1,false,4,1
/books/generative-ai,Generative AI,true,215,59eef3e3,108,true,4,0
/books/សៀវភៅណែនាំ-សម្រាប់គ្រូបង្រៀនថ្នាក់ទី៣,សៀវភៅណែនាំ សម្រាប់គ្រូបង្រៀនថ្នាក់ទី៣,true,450,c424386d,1,false,4,0
/books/អប់រំសុខភាព-ថ្នាក់ទី៤-សៀវភៅគ្រូ,អប់រំសុខភាព ថ្នាក់ទី៤ (សៀវភៅគ្រូ),true,244,49ab0832,16,false,4,0
/books/សៀវភៅគ្រូ-ភាសាខ្មែរ-ថ្នាក់ទី១០,សៀវភៅគ្រូ ភាសាខ្មែរ ថ្នាក់ទី១០,true,150,cd632c80,1,true,4,0
/books/កម្មវិធីសិក្សាលម្អិត-ផ្នែកកម្មសិក្សាគរុកោសល្យ-ba-1,កម្មវិធីសិក្សាលម្អិត ផ្នែកកម្មសិក្សាគរុកោសល្យ (BA+1),true,386,f34e3857,1,false,4,7
/books/សៀវភៅណែនាំគ្រូបង្រៀន-រូបវិទ្យា-ថ្នាក់ទី៩-stepsam3,សៀវភៅណែនាំគ្រូបង្រៀន រូបវិទ្យា ថ្នាក់ទី៩ (STEPSAM3),true,270,6d127a09,1,false,4,0
/books/របៀបប្រើបញ្ញាសិប្បនិម្មិត-ai-ជាជំនួយរៀបចំប្លង់មេរៀន,របៀបប្រើបញ្ញាសិប្បនិម្មិត (AI) ជាជំនួយរៀបចំប្លង់មេរៀន,true,238,77fb8711,1,false,4,0
/books/បណ្ណអក្សររូបភាព-ព្យញ្ចនៈ,បណ្ណអក្សររូបភាព ព្យញ្ចនៈ,true,211,15fbfec5,2,false,4,0
/books/តេស្តរង្វាយតម្លៃថ្នាក់តំបន់-sea-plm,តេស្តរង្វាយតម្លៃថ្នាក់តំបន់ SEA-PLM,true,241,3d4a6881,330,true,4,0
/books/action-research-in-teacher-development,Action Research in Teacher Development,true,275,8f132282,1,false,4,0
/books/educational-research-quantitative-qualitative-and-mixed-5th-edition,"Educational Research: Quantitative, Qualitative and Mixed (5th Edition)",true,311,7fb17c86,1,false,4,1
/books/កម្មវិធីសិក្សាលម្អិតភាសាអង់គ្លេសសម្រាប់ថ្នាក់បឋមសិក្សា,កម្មវិធីសិក្សាលម្អិតភាសាអង់គ្លេសសម្រាប់ថ្នាក់បឋមសិក្សា,true,272,5b0680c8,1,false,4,0
/books/spss-survival-manual-a-step-by-step-guide-to-data-analysis-using-ibm-spss,SPSS Survival Manual: A Step by Step Guide to Data Analysis Using IBM SPSS,false,528,af0db838,1,false,4,0
/books/បរិវត្តកម្មការអប់រំស្ទែម,បរិវត្តកម្មការអប់រំស្ទែម,true,196,096ee743,1,true,4,0
/books/សៀវភៅគ្រូគណិតវិទ្យាថ្នាក់ទី១០,សៀវភៅគ្រូគណិតវិទ្យាថ្នាក់ទី១០,true,235,3d4a6881,330,true,4,0
/books/គ្រប់គ្រងមន្ទីរពិសោធវិទ្យាសាស្ត្រ,គ្រប់គ្រងមន្ទីរពិសោធវិទ្យាសាស្ត្រ,true,301,053230e8,1,false,4,0
/books/សៀវភៅលំហាត់-គីមីវិទ្យា-ថ្នាក់ទី១១,សៀវភៅលំហាត់ គីមីវិទ្យា ថ្នាក់ទី១១,true,231,7c61b4b3,239,true,4,0
/books/សៀវភៅលំហាត់-គណិតវិទ្យា-ថ្នាក់ទី២-ន១,សៀវភៅលំហាត់ គណិតវិទ្យា ថ្នាក់ទី២ ន១,true,256,fc40aeac,1,false,4,0
/books/សន្ទានុក្រមពាក្យថ្មី,សន្ទានុក្រមពាក្យថ្មី,true,178,563ad18d,1,true,4,0
/books/កម្មវិធីសិក្សាលម្អិត-មុខវិជ្ជា-បច្ចេកវិទ្យាព័ត៌មាន-និងសារគមនាគមន៍,កម្មវិធីសិក្សាលម្អិត មុខវិជ្ជា បច្ចេកវិទ្យាព័ត៌មាន និងសារគមនាគមន៍,true,285,ed6bd704,25,true,4,0
/books/រលក,រលក,true,200,7c61b4b3,239,true,4,1
/books/សំណួរចម្លើយ-ប្រវត្តិវិទ្យា-ជីវវិទ្យា-រូបវិទ្យា-ថ្នាក់ទី១២,សំណួរចម្លើយ(ប្រវត្តិវិទ្យា ជីវវិទ្យា រូបវិទ្យា)ថ្នាក់ទី១២,true,263,3d4a6881,330,true,4,1
/books/សៀវភៅសិក្សាគោល-គណិតវិទ្យា-ថ្នាក់-ទី-៧,សៀវភៅសិក្សាគោល ​គណិតវិទ្យា ​ថ្នាក់​ទី​៧,true,245,3d4a6881,330,true,4,0
/books/សៀវភៅ-កុំព្យូទ័រជំនាញរដ្ឋបាល,សៀវភៅ កុំព្យូទ័រជំនាញរដ្ឋបាល,true,248,ed6bd704,25,true,4,0
/books/សៀវភៅពិសោធគីមីវិទ្យា-ភាគ២,សៀវភៅពិសោធគីមីវិទ្យា ភាគ២,true,292,9dcd640e,1,false,3,2
/books/អាថ៌កំបាំងមនុស្សបុរាណនៅសម័យនគរ,អាថ៌កំបាំងមនុស្សបុរាណនៅសម័យនគរ,true,197,96080efe,1,true,3,1
/books/មេរៀន-excel-2013,មេរៀន Excel 2013,true,228,2426146f,37,false,3,0
/books/សៀវភៅសិក្សាគោលសម្រាប់មត្តេយ្យសិក្សា-វិទ្យាសាស្ត្រ,សៀវភៅសិក្សាគោលសម្រាប់មត្តេយ្យសិក្សា វិទ្យាសាស្ត្រ,true,246,7018f742,23,true,3,0
/books/សៀវភៅលំហាត់-គណិតវិទ្យា-ថ្នាក់ទី១-គ៤,សៀវភៅលំហាត់ គណិតវិទ្យា ថ្នាក់ទី១ គ៤,true,290,f5abae75,1,false,3,0
/books/កម្មវិធីសិក្សាលម្អិត-កុំព្យូទ័រ-បឋមសិក្សា,កម្មវិធីសិក្សាលម្អិត កុំព្យូទ័រ (បឋមសិក្សា),true,263,ed6bd704,25,true,3,0
/books/ថ្នាក់ទី១-ខាខំ,ថ្នាក់ទី១៖ ខាខំ,true,224,2ee5c7e0,102,false,3,0
/books/english-lesson-plans-grade-9,English Lesson Plans — Grade 9,true,254,9a8ba899,3,false,3,0
/books/រុក្ខវិទ្យា-1,រុក្ខវិទ្យា,true,213,a8657abd,1,false,3,0
/books/របៀបប្រើប្រាស់-gemini,របៀបប្រើប្រាស់ Gemini,true,223,59eef3e3,108,false,3,0
/books/ថ្នាក់ទី៩-សិក្សាសង្គម,ថ្នាក់ទី៩៖ សិក្សាសង្គម,true,249,bb49e20d,76,false,3,1
/books/ការអប់រំបែបស្ទែម,ការអប់រំបែបស្ទែម,true,214,2426146f,37,true,3,0
/books/គណិតវិទ្យា-ថ្នាក់ទី៣-សៀវភៅលំហាត់-ភាគ១,គណិតវិទ្យា ថ្នាក់ទី៣ សៀវភៅលំហាត់ ភាគ១,true,149,36a28aef,1,true,3,1
/books/សៀវភៅណែនាំគ្រូបង្រៀន-គណិតវិទ្យាថ្នាក់ទី៣,សៀវភៅណែនាំគ្រូបង្រៀន គណិតវិទ្យាថ្នាក់ទី៣,true,255,49ab0832,16,false,3,0
/books/ថ្នាក់ទី១១-ប្រវត្តិវិទ្យា,ថ្នាក់ទី១១៖ ប្រវត្តិវិទ្យា,true,254,bb49e20d,76,false,3,0
/books/សៀវភៅ-គណិតវិទ្យាថ្នាក់ទី១២,សៀវភៅ គណិតវិទ្យាថ្នាក់ទី១២,true,232,3d4a6881,330,true,3,0
/books/សំណួរតេស្តគំរូនៃកម្មវិធីអន្តរជាតិ-pisa-គីមីវិទ្យា-ថ្នាក់ទី៧-សម,សំណួរតេស្តគំរូនៃកម្មវិធីអន្តរជាតិ (PISA) គីមីវិទ្យា ថ្នាក់ទី៧ (សម,true,263,7c61b4b3,239,true,3,0
/books/ថ្នាលអភិវឌ្ឍសមត្ថភាព-cdp,ថ្នាលអភិវឌ្ឍសមត្ថភាព CDP,true,218,7eb4718c,1,false,3,0
/books/ស្រាវជ្រាវសកម្ម,ស្រាវជ្រាវសកម្ម,true,208,314bb48c,6,true,3,2
/books/សៀវភៅណែនាំស្ដីពីឧបករណ៍ពិសោធ-មន្ទីរពិសោធវិទ្យាសាស្ត្រ,សៀវភៅណែនាំស្ដីពីឧបករណ៍ពិសោធ មន្ទីរពិសោធវិទ្យាសាស្ត្រ,true,295,c2e75b85,1,false,3,0
/books/អេឡិចត្រូនិចសម្រាប់ថ្នាក់ទី៧-៨-៩-ស្ទែម,អេឡិចត្រូនិចសម្រាប់ថ្នាក់ទី៧-៨-៩ (ស្ទែម),true,174,4bead345,1,true,3,0
/books/វិញ្ញាសាប្រឡងឌីប្លូម,វិញ្ញាសាប្រឡងឌីប្លូម,true,222,59eef3e3,108,true,3,0
/books/accreditation-protocols,Accreditation Protocols,true,229,8db1d2a1,13,false,3,0
/books/សៀវភៅ-អិចសែលកម្រិតខ្ពស់-microsoft-advance-excel-2013,សៀវភៅ អិចសែលកម្រិតខ្ពស់ Microsoft Advance Excel 2013,true,264,2426146f,37,false,3,0
/books/digital-literacy-fundamental,Digital Literacy Fundamental,true,240,64851361,20,true,3,0
/books/សៀវភៅកិច្ចតែងការបង្រៀនគណិតវិទ្យាថ្នាក់ទី៣,សៀវភៅកិច្ចតែងការបង្រៀនគណិតវិទ្យាថ្នាក់ទី៣,true,247,3d4a6881,330,false,3,0
/books/ការអប់រំព័ត៌មានវិទ្យា,ការអប់រំព័ត៌មានវិទ្យា,true,229,1252ae18,1,true,3,0
/books/មគ្គុទ្ទេសក៍ជីវិត,មគ្គុទ្ទេសក៍ជីវិត,true,213,189ac1ab,1,true,3,0
/books/អប់រំសុខភាព-ថ្នាក់ទី៦-សៀវភៅសិស្ស,អប់រំសុខភាព ថ្នាក់ទី៦ (សៀវភៅសិស្ស),true,256,bb49e20d,76,false,3,1
/books/microsoft-excel-2016,Microsoft Excel 2016,true,232,2426146f,37,false,3,0
/books/research-methodology-a-step-by-step-guide-for-beginners-3rd-edition,Research Methodology: A Step-by-Step Guide for Beginners (3rd Edition),true,203,f79eca0f,1,false,3,0
/books/english-teacher-s-guide-grade-4,English Teacher's Guide Grade 4,true,264,bb49e20d,76,false,3,0
/books/introduction-to-computer,Introduction to Computer,true,232,abcba533,5,true,3,0
/books/english-for-writing-research-papers-2nd-edition,English for Writing Research Papers (2nd Edition),false,209,23d1d0f8,1,false,3,0
/books/កម្រងលំហាត់សិស្សពូកែថ្នាក់ទី៩,កម្រងលំហាត់សិស្សពូកែថ្នាក់ទី៩,true,235,3d4a6881,330,true,3,0
/books/អប់រំសុខភាព-សម្រាប់គ្រូ-ថ្នាក់ទី១១,អប់រំសុខភាព សម្រាប់គ្រូ ថ្នាក់ទី១១,true,190,249929d8,1,true,3,0
/books/អប់រំសុខភាព-ថ្នាក់ទី៥-សៀវភៅសិស្ស,អប់រំសុខភាព ថ្នាក់ទី៥ (សៀវភៅសិស្ស),true,255,bb49e20d,76,false,3,0
/books/តាវ-តឺជីង-dao-de-jing,តាវ តឺជីង (Dao De Jing),true,182,87eb1730,1,true,3,0
/books/វិញ្ញសាត្រៀមប្រឡងបាក់ឌុប-គណិតវិទ្យា-វិទ្យាសាស្ត្រ,វិញ្ញសាត្រៀមប្រឡងបាក់ឌុប គណិតវិទ្យា(វិទ្យាសាស្ត្រ),true,256,3d4a6881,330,true,3,0
/books/teacher-guide-mathematics-grade-1,Teacher Guide: Mathematics Grade 1,true,249,49ab0832,16,false,3,0
/books/qualitative-data-analysis-with-nvivo-2nd-edition,Qualitative Data Analysis with NVivo (2nd Edition),false,196,e2b29570,1,false,3,0
/books/កម្មវិធីសិក្សាលម្អិត-វិទ្យាសាស្រ្ត-ថ្នាក់ទី១-៦,កម្មវិធីសិក្សាលម្អិត វិទ្យាសាស្រ្ត ថ្នាក់ទី១-៦,true,266,c116031e,2,false,3,0
/books/សៀវភៅលំហាត់-គណិតវិទ្យា-ថ្នាក់ទី១-គ៣,សៀវភៅលំហាត់ គណិតវិទ្យា ថ្នាក់ទី១ គ៣,true,274,b9042d0a,1,false,3,0
/books/វិធីសាស្ត្របង្រៀនគណិតវិទ្យាផ្នែកចំនួន-ថ្នាក់ទី២,វិធីសាស្ត្របង្រៀនគណិតវិទ្យាផ្នែកចំនួន ថ្នាក់ទី២,true,204,6c93078e,1,false,3,3
/books/សៀវភៅណែនាំសម្រាប់គ្រូបង្រៀនថ្នាក់ទី១-ភាគ២,សៀវភៅណែនាំសម្រាប់គ្រូបង្រៀនថ្នាក់ទី១ ភាគ២,true,307,a51a3979,1,false,3,0
/books/ថ្នាក់ទី១២-រូបវិទ្យា,ថ្នាក់ទី១២៖ រូបវិទ្យា,true,247,bb49e20d,76,false,3,0
/books/សៀវភៅណែនាំការប្រឹក្សាគរុកោសល្យកម្រិតថ្នាក់ដំបូង,សៀវភៅណែនាំការប្រឹក្សាគរុកោសល្យកម្រិតថ្នាក់ដំបូង,true,180,9280f889,1,false,3,5
/books/action-research-in-practice-partnerships-for-social-justice-in-education,Action Research in Practice: Partnerships for Social Justice in Education,false,208,e07927f2,1,false,3,0
/books/សម័យក្រោយអង្គរ-ចតុមុខ-លង្វែក-និងឧដុង្គ,សម័យក្រោយអង្គរ (ចតុមុខ លង្វែក និងឧដុង្គ),true,186,1480114a,1,false,3,0
/books/បច្ចេកវិទ្យាព័ត៌មាន-និង-សារ-គមនាគមន៍-ថ្នាក់ទី៧-សៀវភៅគ្រូ,បច្ចេកវិទ្យាព័ត៌មាន និង​សារ​គមនាគមន៍ ថ្នាក់ទី៧ សៀវភៅគ្រូ,true,271,ed6bd704,25,true,3,0
/books/project-work-methodologies-manual-khmer,Project Work Methodologies Manual (Khmer),true,208,922b8d7c,4,false,3,0
/books/authentic-problem-solving-and-learning-in-the-21st-century,Authentic Problem Solving and Learning in the 21st Century,true,306,94156c76,1,false,3,0
/books/សៀវភៅជំនួយ-គណិតវិទ្យា-ថ្នាក់ទី៣,សៀវភៅជំនួយ គណិតវិទ្យា ថ្នាក់ទី៣,true,318,aa08415b,1,false,3,0
/books/ការសិក្សាបែបសកម្ម-active-learning,ការសិក្សាបែបសកម្ម (Active Learning),true,305,e2698e74,1,false,3,0
/books/ឯកសារ-បណ្ដាញ-ចំណេះដឹង-សម្រាប់-សិស្ស-ស្វ័យ-សិក្សា-គណិតវិទ្យា-ថ្នាក,ឯកសារ​បណ្ដាញ​ចំណេះដឹង​សម្រាប់​សិស្ស​ស្វ័យ​សិក្សា គណិតវិទ្យា ថ្នាក់ទី៧,true,271,58298329,1,true,3,0
/books/កម្មវិធីសិក្សាលម្អិត-មុខវិជ្ជាចំណេះដឹងឯកទេសគណិតវិទ្យា,កម្មវិធីសិក្សាលម្អិត សម្រាប់ការអប់រំគ្រូបង្រៀនអនុវិទ្យាល័យតាមប្រព័ន្ធបរិញ្ញាបត្រ+១ មុខវិជ្ជា៖ ចំណេះដឹងឯកទេសគណិតវិទ្យា,true,265,7a51b44a,1,false,3,0
/books/ដកស្រង់ពីបទពិសោធន៍-copai-នៅកម្ពុជា,ដកស្រង់ពីបទពិសោធន៍ COPAI នៅកម្ពុជា,true,233,adb6d9bf,9,false,3,0
/books/ព្រះពុទ្ធសាសនា-និង-បរិស្ថាន-1st-edition,ព្រះពុទ្ធសាសនា និង បរិស្ថាន (1st Edition),true,225,6a8844e1,1,false,3,1
/books/វិញ្ញាសាប្រឡងសិស្សពូកែថ្នាក់ទី១២-ខេត្តព្រៃវែង,វិញ្ញាសាប្រឡងសិស្សពូកែថ្នាក់ទី១២_ខេត្តព្រៃវែង,true,246,686ecb43,168,true,3,0
/books/ថ្នាក់ទី១១-english,ថ្នាក់ទី១១៖ English,true,240,bb036af9,15,false,3,0
/books/research-methods-in-education-8th-edition,Research Methods in Education (8th Edition),false,219,ada37883,1,false,3,1
/books/ថ្នាក់ទី១១-គីមីវិទ្យា,ថ្នាក់ទី១១៖ គីមីវិទ្យា,true,249,bb49e20d,76,false,3,0
/books/ក្របខ័ណ្ឌកម្មវិធីអប់រំគ្រូបង្រៀនបឋមសិក្សា-១២-៤,ក្របខ័ណ្ឌកម្មវិធីអប់រំគ្រូបង្រៀនបឋមសិក្សា (១២+៤),true,339,5dc79df5,1,false,3,0
/books/ថ្នាក់ទី៣-វិទ្យាសាស្ត្រ-សិក្សាសង្គម,ថ្នាក់ទី៣៖ វិទ្យាសាស្ត្រ សិក្សាសង្គម,true,263,bb49e20d,76,false,3,0
/books/ឯកសារជំនួយស្មារតីតេស្ត-pisa-d-គណិតវិទ្យា,ឯកសារជំនួយស្មារតីតេស្ត PISA-D គណិតវិទ្យា,true,200,a99670e6,1,false,3,1
/books/សៀវភៅណែនាំអ្នកបណ្ដុះបណ្ដាលអំពីបរិយាបន្នពិការភាព,សៀវភៅណែនាំអ្នកបណ្ដុះបណ្ដាលអំពីបរិយាបន្នពិការភាព,true,326,abc39f4e,1,false,3,0
/books/cooperative-learning-manual-khmer,Cooperative Learning Manual (Khmer),true,201,922b8d7c,4,false,3,0
/books/methods-in-educational-research-from-theory-to-practice-2nd-edition,Methods in Educational Research: From Theory to Practice (2nd Edition),false,184,267b8d52,1,false,3,3
/books/c-programming,C++ Programming,true,217,59eef3e3,108,true,3,0
/books/ឯកសារណែនាំប្រតិបត្តិវិធីសាស្ត្របង្រៀន,ឯកសារណែនាំប្រតិបត្តិវិធីសាស្ត្របង្រៀន,true,216,93ab804f,1,false,3,1
/books/វិធីសាស្ដ្របង្រៀនគណិតវិទ្យាផ្នែកចំនួនថ្នាក់ទី៤-ផ្នែកចំនួន,វិធីសាស្ដ្របង្រៀនគណិតវិទ្យាផ្នែកចំនួនថ្នាក់ទី៤ ផ្នែកចំនួន,true,282,fb639d0f,2,false,3,0
/books/qualitative-research-an-introduction-to-methods-and-designs,Qualitative Research: An Introduction to Methods and Designs,false,221,8e6144ed,1,false,3,2
/books/សៀវភៅណែនាំគ្រូបង្រៀន-រូបវិទ្យា-ថ្នាក់ទី៧-stepsam3,សៀវភៅណែនាំគ្រូបង្រៀន រូបវិទ្យា ថ្នាក់ទី៧ (STEPSAM3),true,299,e8bf8ee6,1,false,3,0
/books/research-methodology-a-step-by-step-guide-for-beginners-4th-edition,Research Methodology: A Step-by-Step Guide for Beginners (4th Edition),false,219,6adf96aa,1,false,3,0
/books/សន្និបាតបូកសរុបវាយតម្លៃការងារអប់រំ-យុវជន-និងកីឡា,សន្និបាតបូកសរុបវាយតម្លៃការងារអប់រំ យុវជន និងកីឡា,true,334,21d118c0,1,false,3,0
/books/កម្មវិធីសិក្សាថ្នាក់ទី3,កម្មវិធីសិក្សាថ្នាក់ទី3,true,207,467c364e,6,false,3,0
/books/ឯកសារជំនួយស្មារតីតេស្ត-pisa-d-វិទ្យាសាស្ត្រ,ឯកសារជំនួយស្មារតីតេស្ត PISA-D វិទ្យាសាស្ត្រ,true,203,873039e0,1,false,3,1
/books/អប់រំសុខភាព-ថ្នាក់ទី១,អប់រំសុខភាព ថ្នាក់ទី១,true,242,bb49e20d,76,false,3,2
/books/ការវិភាគទិន្នន័យតាម-spss-16-0,ការវិភាគទិន្នន័យតាម SPSS 16.0,true,205,ffddc0ad,1,false,3,0
/books/កិច្ចតែងការភាសាខ្មែរ-ថ្នាក់ទី១០,កិច្ចតែងការភាសាខ្មែរ ថ្នាក់ទី១០,true,239,0919aede,1,false,3,0
/books/interviewing-as-qualitative-research-3rd-edition,Interviewing as Qualitative Research (3rd Edition),true,364,ad088a74,1,false,3,0
/books/កម្រងកិច្ចការផ្ទះគណិតវិទ្យា-ថ្នាក់ទី៣-ឆ្នាំ២០២១-សៀវភៅសិក្សាគោល,កម្រងកិច្ចការផ្ទះគណិតវិទ្យា ថ្នាក់ទី៣ ឆ្នាំ២០២១ (សៀវភៅសិក្សាគោល),true,270,3d4a6881,330,true,3,0
/books/ចិត្តវិទ្យា-សម្រាប់បណ្តុះបណ្តាលគ្រូបឋមសិក្សា,ចិត្តវិទ្យា សម្រាប់បណ្តុះបណ្តាលគ្រូបឋមសិក្សា,true,307,bf45af0f,1,false,3,0
/books/ក្របខណ្ឌកម្មវិធីសិក្សា-ថ្នាក់បរិញ្ញាបត្រអប់រំ-ជំនាញគណិតវិទ្យា,ក្របខណ្ឌកម្មវិធីសិក្សា ថ្នាក់បរិញ្ញាបត្រអប់រំ ជំនាញគណិតវិទ្យា,true,267,3d4a6881,330,true,3,0
/books/ថ្នាក់ទី៣-រចនា-និងព្រះចន្ទ,ថ្នាក់ទី៣៖ រចនា និងព្រះចន្ទ,true,236,2ee5c7e0,102,false,3,0
/books/microsoft-office-word-2016,Microsoft Office Word 2016,true,238,2426146f,37,false,3,0
/books/អាថ៌កំបាំង-៥-យ៉ាង,អាថ៌កំបាំង ៥ យ៉ាង,true,219,59eef3e3,108,true,3,0
/books/អត្រាកំណែរតេស្តគណិតវិទ្យាសម្រាប់ខែមិថុនា,អត្រាកំណែរតេស្តគណិតវិទ្យាសម្រាប់ខែមិថុនា,true,246,3d4a6881,330,true,3,0
/books/សៀវភៅអនុគមន៍អិចស្ប៉ូណង់ស្យែល,សៀវភៅអនុគមន៍អិចស្ប៉ូណង់ស្យែល,true,281,0c87d22c,1,false,3,0
/books/សៀគ្វីឌីជីថល-digital-circuits,សៀគ្វីឌីជីថល DIGITAL CIRCUITS,true,231,59eef3e3,108,true,3,0
/books/ឧបសម្ព័ន្ធស្តីពីសញ្ញាចរាចរណ៍ផ្លូវគោក-ភាគ១-ទូទៅ,ឧបសម្ព័ន្ធស្តីពីសញ្ញាចរាចរណ៍ផ្លូវគោក ភាគ១៖ ទូទៅ,true,220,37e9596e,1,false,2,0
/books/ថ្នាក់ទី៧-english-is-fun-book-1,ថ្នាក់ទី៧៖ English is Fun Book 1,true,251,bb036af9,15,false,2,0
/books/បំណិនជីវិតតាមមូលដ្ឋាន-សៀវភៅណែនាំអនុវត្ត,បំណិនជីវិតតាមមូលដ្ឋាន សៀវភៅណែនាំអនុវត្ត,true,177,064f2cf3,1,false,2,0
/books/សៀវភៅលំហាត់-គណិតវិទ្យា-ថ្នាក់ទី២-ន២,សៀវភៅលំហាត់ គណិតវិទ្យា ថ្នាក់ទី២ ន២,true,240,b91b73e7,1,false,2,1
/books/កម្មវិធីសិក្សាលម្អិត-មុខវិជ្ជា-កុំព្យូទ័រ-សម្រាប់កម្រិតបឋមសិក្សា,កម្មវិធីសិក្សាលម្អិត មុខវិជ្ជា កុំព្យូទ័រ សម្រាប់កម្រិតបឋមសិក្សា,true,284,ed6bd704,25,true,2,0
/books/constructivist-learning-training-manual-khmer,Constructivist Learning Training Manual (Khmer),true,214,922b8d7c,4,false,2,0
/books/តាមដានសុខភាពសិស្ស,តាមដានសុខភាពសិស្ស,true,212,2426146f,37,true,2,0
/books/កម្មវិធីសិក្សាថ្នាក់ទី4,កម្មវិធីសិក្សាថ្នាក់ទី4,true,207,467c364e,6,false,2,0
/books/សៀវភៅលំហាត់-គណិតវិទ្យា-ថ្នាក់ទី៣-ប១,សៀវភៅលំហាត់ គណិតវិទ្យា ថ្នាក់ទី៣ ប១,true,295,05671126,1,false,2,0
/books/សៀវភៅណែនាំគ្រូបង្រៀន-គីមីវិទ្យា-ថ្នាក់ទី៩-stepsam3,សៀវភៅណែនាំគ្រូបង្រៀន គីមីវិទ្យា ថ្នាក់ទី៩ (STEPSAM3),true,254,ed2724a3,1,false,2,0
/books/គីមីវិទ្យា-បណ្តុំវិទ្យាសាស្ត្រសង្គម,គីមីវិទ្យា បណ្តុំវិទ្យាសាស្ត្រសង្គម,true,281,7a475bfd,1,false,2,0
/books/edutech-roadmap,EduTech Roadmap,true,231,64851361,20,false,2,0
/books/action-research-in-teaching-and-learning,Action Research in Teaching and Learning,false,343,abd84a8c,1,false,2,0
/books/ការសិក្សាភាសាខ្មែរនៅសម័យបច្ចេកវិទ្យាបញ្ញាសិប្បនិម្មិត,ការសិក្សាភាសាខ្មែរនៅសម័យបច្ចេកវិទ្យាបញ្ញាសិប្បនិម្មិត,true,282,ed6bd704,25,false,2,0
/books/doing-data-analysis-with-spss-version-18-5th-edition,Doing Data Analysis with SPSS: Version 18 (5th Edition),true,209,9fbcc290,1,false,2,0
/books/ផែនការមេរៀននៃការបង្កើតហ្គេមអប្សរាដោយប្រើប្រាស់-scratch,ផែនការមេរៀននៃការបង្កើតហ្គេមអប្សរាដោយប្រើប្រាស់ Scratch,true,257,2426146f,37,true,2,0
/books/essential-english-for-foreign-students-book-4,Essential English for Foreign Students: Book 4,true,270,b2c558bb,1,true,2,0
/books/social-research-methods-4th-edition,Social Research Methods (4th Edition),false,253,210818d0,1,false,2,0
/books/សៀវភៅគណិតវិទ្យាថ្នាក់ទី៧,សៀវភៅគណិតវិទ្យាថ្នាក់ទី៧,true,230,3d4a6881,330,true,2,0
/books/ប្រវត្តិសាស្រ្តកម្ពុជាក្នុងបរិបទសកលលោក,ប្រវត្តិសាស្រ្តកម្ពុជាក្នុងបរិបទសកលលោក,true,249,4454951f,1,false,2,0
/books/ក្របខ័ណ្ឌកម្មវិធីអប់រំគ្រូបង្រៀន-មត្តេយ្យសិក្សា-១២-២,ក្របខ័ណ្ឌកម្មវិធីអប់រំគ្រូបង្រៀន មត្តេយ្យសិក្សា (១២+២),true,319,83f45a88,1,false,2,0
/books/ថ្នាក់ទី៨-english-is-fun-book-3,ថ្នាក់ទី៨៖ English is Fun Book 3,true,251,bb036af9,15,false,2,0
/books/សៀវភៅហ្វឹកហាត់លំហាត់គណិតវិទ្យាថ្នាក់ទី២-ភាគ១,សៀវភៅហ្វឹកហាត់លំហាត់គណិតវិទ្យាថ្នាក់ទី២ ភាគ១,true,250,3d4a6881,330,true,2,0
/books/qualitative-research-and-evaluation-methods-4th-edition,Qualitative Research and Evaluation Methods (4th Edition),false,345,000758b8,1,false,2,0
/books/សទ្ទានុក្រមវិទ្យាសាស្ត្រ-និងបច្ចេកវិទ្យា-ខ្មែរ-អង់គ្លេស-បារំាង,សទ្ទានុក្រមវិទ្យាសាស្ត្រ និងបច្ចេកវិទ្យា ខ្មែរ-អង់គ្លេស-បារំាង,true,260,7c61b4b3,239,true,2,2
/books/research-methods-in-education-6th-edition,Research Methods in Education (6th Edition),false,179,15620af8,1,false,2,0
/books/a-z-of-digital-research-methods,A-Z of Digital Research Methods,false,216,1a6c2ada,1,false,2,2
/books/research-methods-in-education-5th-edition,Research Methods in Education (5th Edition),false,244,be0a6e2d,1,false,2,1
/books/វិធីសាស្ត្របង្រៀន-ការអប់រំសុខភាពសម្រាប់គ្រូឧទ្ទេស,វិធីសាស្ត្របង្រៀន ការអប់រំសុខភាពសម្រាប់គ្រូឧទ្ទេស,true,325,2cc70f8e,1,false,2,2
/books/ឯកសារជំនួយ-ការអប់រំកុមារពិការសតិបញ្ញា,ឯកសារជំនួយ ការអប់រំកុមារពិការសតិបញ្ញា,true,298,c57f2b9d,1,false,2,0
/books/កម្រងកិច្ចការផ្ទះគណិតវិទ្យាថ្នាក់ទី៤-សម្រាប់រយៈពេល១ឆ្នាំ,កម្រងកិច្ចការផ្ទះគណិតវិទ្យាថ្នាក់ទី៤ សម្រាប់រយៈពេល១ឆ្នាំ,true,283,c5771d26,18,false,2,0
/books/curriculum-models-for-the-21st-century,Curriculum Models for the 21st Century,true,268,2aa85297,1,false,2,0
/books/សៀវភៅណែនាំគ្រូបង្រៀន-ជីវវិទ្យា-ថ្នាក់ទី៩-stepsam3,សៀវភៅណែនាំគ្រូបង្រៀន ជីវវិទ្យា ថ្នាក់ទី៩ (STEPSAM3),true,307,f0d3e01b,1,false,2,0
/books/វប្បធម៌-អារ្យធម៌ខ្មែរ,វប្បធម៌ អារ្យធម៌ខ្មែរ,true,290,d09b4c39,1,false,2,1
/books/students-perception-of-the-impact-of-ai-generative-tools-in-learn,Students perception of the impact of AI generative tools in learn,true,281,64851361,20,false,2,0
/books/មុខវិជ្ជាបំណិនជីវិតតាមមូលដ្ឋាន-សៀវភៅណែនាំបង្រៀន-អំពី-សុវត្ថិភាពកុ,មុខវិជ្ជាបំណិនជីវិតតាមមូលដ្ឋាន សៀវភៅណែនាំបង្រៀន អំពី សុវត្ថិភាពកុ,true,269,41779126,5,false,2,0
/books/របៀបប្រើប្រាស់google-form,របៀបប្រើប្រាស់google form,true,237,2426146f,37,true,2,0
/books/ថ្នាក់ទី៧-english,ថ្នាក់ទី៧៖ English,true,238,bb036af9,15,false,2,0
/books/ថ្នាក់ទី១-ចេះ-មិនចេះ,ថ្នាក់ទី១៖ ចេះ មិនចេះ,true,230,2ee5c7e0,102,false,2,0
/books/ពិភពការងារ,ពិភពការងារ,true,213,2426146f,37,true,2,0
/books/cybergovernance-in-cambodia,Cybergovernance in Cambodia,true,314,66995235,1,false,2,0
/books/កិច្ចតែងការបង្រៀន-គីមីវិទ្យា-ថ្នាក់ទី៩,កិច្ចតែងការបង្រៀន គីមីវិទ្យា ថ្នាក់ទី៩,true,244,3d4a6881,330,true,2,0
/books/សៀវភៅលំហាត់-គណិតវិទ្យា-ថ្នាក់ទី៣-ប៣,សៀវភៅលំហាត់ គណិតវិទ្យា ថ្នាក់ទី៣ ប៣,true,260,17b08d8c,1,false,2,0
/books/ចន-ឡុក-john-locke,ចន ឡុក (John Locke),true,200,e289de75,8,false,2,0
/books/វិធីសាស្រ្តបង្រៀនបែប-5e,វិធីសាស្រ្តបង្រៀនបែប 5E,true,210,3861ee6a,8,false,2,0
/books/អនុគមន៍ត្រីកោណមាត្រ-សម្រាប់ថ្នាក់ទី-១១-និង-សិស្សពូកែគណិតវិទ្យា,អនុគមន៍ត្រីកោណមាត្រ សម្រាប់ថ្នាក់ទី ១១ និង សិស្សពូកែគណិតវិទ្យា,true,268,3d4a6881,330,false,2,0
/books/សៀវភៅលំហាត់-គណិតវិទ្យា-ថ្នាក់ទី៣-ប៤,សៀវភៅលំហាត់ គណិតវិទ្យា ថ្នាក់ទី៣ ប៤,true,277,2a1122ed,1,false,2,0
/books/កម្មវិធីពង្រឹងការអប់រំគ្រូបង្រៀននៅកម្ពុជា-stepcam,កម្មវិធីពង្រឹងការអប់រំគ្រូបង្រៀននៅកម្ពុជា STEPCAM,true,255,3d4a6881,330,true,2,0
/books/កម្រងកិច្ចការផ្ទះភាសាខ្មែរថ្នាក់ទី៤-សម្រាប់១ឆ្នាំ,កម្រងកិច្ចការផ្ទះភាសាខ្មែរថ្នាក់ទី៤ សម្រាប់១ឆ្នាំ,true,275,c5771d26,18,false,2,0
/books/essential-english-for-foreign-students-book-2,Essential English for Foreign Students: Book 2,true,228,80470e62,1,true,2,0
/books/transforming-teacher-education,Transforming Teacher Education,true,375,3ac89965,1,false,2,1
/books/កម្មវិធីសិក្សាលម្អិត-រូបវិទ្យា-សម្រាប់-កម្រិតមធ្យមសិក្សាបឋមឋភូមិ,កម្មវិធីសិក្សាលម្អិត រូបវិទ្យា សម្រាប់ កម្រិតមធ្យមសិក្សាបឋមឋភូមិ,true,261,7c61b4b3,239,true,2,0
/books/ថ្នាក់ទី១-ខ្ញុំឃើញច្បាស់,ថ្នាក់ទី១៖ ខ្ញុំឃើញច្បាស់,true,234,2ee5c7e0,102,false,2,0
/books/កម្មវិធីនពន្ធ-កម្រិតមូលដ្ឋាន-basic-excel,កម្មវិធីនពន្ធ កម្រិតមូលដ្ឋាន Basic Excel,true,252,2426146f,37,true,2,0
/books/សៀវភៅណែនាំស្តីពី-ការប្រើប្រាស់ប្រព័ន្ធគ្រប់គ្រងហិរញ្ញវត្ថុ,សៀវភៅណែនាំស្តីពី ការប្រើប្រាស់ប្រព័ន្ធគ្រប់គ្រងហិរញ្ញវត្ថុ,true,259,686ecb43,168,false,2,0
/books/social-research-methods-qualitative-and-quantitative-7th-edition,Social Research Methods: Qualitative and Quantitative (7th Edition),false,326,9a9734a5,1,false,2,0
/books/គណិតវិទ្យា-បណ្តុំវិទ្យាសាស្រ្តសង្គម,គណិតវិទ្យា បណ្តុំវិទ្យាសាស្រ្តសង្គម,true,264,161702e9,1,false,2,0
/books/teaching-and-learning-strategies-for-the-thinking-classroom,Teaching and Learning Strategies for the Thinking Classroom,true,208,7a0f8f6c,1,false,2,0
/books/ថ្នាក់ទី២-មុខរបរ,ថ្នាក់ទី២៖ មុខរបរ,true,226,2ee5c7e0,102,false,2,0
/books/book-of-ibl-chemistry,Book of IBL Chemistry,true,184,8fdd08cc,8,false,2,0
/books/សង្ខេបរូបមន្ដរូបវិទ្យាថ្នាក់ទី-១២,សង្ខេបរូបមន្ដរូបវិទ្យាថ្នាក់ទី ១២,true,230,7c61b4b3,239,true,2,0
/books/ស្តង់ដាបណ្ណាល័យ-សតវត្សទី២១,ស្តង់ដាបណ្ណាល័យ សតវត្សទី២១,true,209,6181767c,1,false,2,0
/books/ណែនាំអំពីកុំព្យូទ័រ,ណែនាំអំពីកុំព្យូទ័រ,true,206,d702efc6,21,false,2,0
/books/សៀវភៅលំហាត់-គណិតវិទ្យា-ថ្នាក់ទី២-ន៤,សៀវភៅលំហាត់ គណិតវិទ្យា ថ្នាក់ទី២ ន៤,true,246,19df900b,1,false,2,0
/books/សទ្ទានុក្រម-វិទ្យាសាស្ត្រ-និង-បច្ចេកវិទ្យា-ខ្មែរ-អង់គ្លេស-បារាំង,សទ្ទានុក្រម​វិទ្យាសាស្ត្រ និង បច្ចេកវិទ្យា ខ្មែរ-អង់គ្លេស-បារាំង,true,280,ed6bd704,25,true,2,1
/books/ជីវវិទ្យា-ថ្នាក់ទី-១២-មេរៀន-សង្ខេប-និង-លំហាត់-គំរូ-សម្រាប់-ជា-ជ,ជីវវិទ្យា ថ្នាក់ទី​១២ ៖ មេរៀន​សង្ខេប និង​លំហាត់​គំរូ​សម្រាប់​ជា​ជ,true,262,7c61b4b3,239,true,2,2
/books/ស្តង់ដារវិជ្ជាជីវៈគ្រូបង្រៀន-teacher-professional-standards,ស្តង់ដារវិជ្ជាជីវៈគ្រូបង្រៀន (Teacher Professional Standards),true,291,7f21bf22,1,false,2,0
/books/សៀវភៅវិទ្យាសាស្ត្ត្រ-ថ្នាក់ទី៧,សៀវភៅវិទ្យាសាស្ត្ត្រ ថ្នាក់ទី៧,true,231,686ecb43,168,true,2,0
/books/ប្រជុំកំណាព្យ-១០១,ប្រជុំកំណាព្យ ១០១,true,180,89676dad,1,true,2,0
/books/ថ្នាក់ទី៨-វិទ្យាសាស្ត្រ,ថ្នាក់ទី៨៖ វិទ្យាសាស្ត្រ,true,253,7098a849,9,false,2,1
/books/បទបង្ហាញទី១០-ការអភិវឌ្ឍឧត្តមសិក្សាក្នុងបរិបទបច្ចេកវិទ្យាឌីជីថល,បទបង្ហាញទី១០៖ ការអភិវឌ្ឍឧត្តមសិក្សាក្នុងបរិបទបច្ចេកវិទ្យាឌីជីថល,true,264,638c7460,2,false,2,0
/books/ទែម៉ូឌីណាមិច-រលក-ភាគទី២,ទែម៉ូឌីណាមិច & រលក ភាគទី២,true,227,7018f742,23,true,2,0
/books/មុខងារ-របស់-កុំព្យូទ័រ,មុខងារ​របស់​កុំព្យូទ័រ​​,true,243,67071660,34,true,2,0
/books/កំណែភាសាខ្មែរ-ថ្នាក់ទី៣,កំណែភាសាខ្មែរ ថ្នាក់ទី៣,true,241,a1f387f3,12,false,2,0
/books/100-activities-for-teaching-research-methods,100 Activities for Teaching Research Methods,false,254,eb27e1f8,1,false,2,0
/books/សៀវភៅសិក្សាកុំព្យូទ័រ-សម្រាប់ការបង្រៀន-និងរៀន,សៀវភៅសិក្សាកុំព្យូទ័រ សម្រាប់ការបង្រៀន និងរៀន,true,260,ed6bd704,25,true,2,0
/books/research-methods-and-statistics-a-critical-thinking-approach-3rd-edition,Research Methods and Statistics: A Critical Thinking Approach (3rd Edition),false,215,80414665,1,false,2,1
/books/កិច្ចតែងការភាសាខ្មែរ-ថ្នាក់ទី៧,កិច្ចតែងការភាសាខ្មែរ ថ្នាក់ទី៧,true,216,fbf9bcc3,1,false,2,0
/books/នាងតូចម៉ូម៉ូ-និងមេអំបៅ-kamishibai-បរិស្ថាន,នាងតូចម៉ូម៉ូ និងមេអំបៅ (Kamishibai បរិស្ថាន),true,262,a803ba82,1,false,2,1
/books/english-teacher-s-guide-grade-6,English Teacher's Guide Grade 6,true,265,bb49e20d,76,false,2,0
/books/ការប្រើប្រាស់បច្ចេកវិទ្យាឌីជីថលជួយដល់ការរៀន-និងបង្រៀន,ការប្រើប្រាស់បច្ចេកវិទ្យាឌីជីថលជួយដល់ការរៀន និងបង្រៀន,true,311,9f51221e,1,false,2,0
/books/guide-book-for-unplugged-computational-thinking,Guide Book for Unplugged Computational Thinking,true,254,64851361,20,false,2,0
/books/កម្មវិធីសិក្សាថ្នាក់ទី1,កម្មវិធីសិក្សាថ្នាក់ទី1,true,207,467c364e,6,false,2,0
/books/ជំហ៊ានណែនាំលើការប្រើប្រាស់-ប័ណ្ណតូចៗ,ជំហ៊ានណែនាំលើការប្រើប្រាស់​ប័ណ្ណតូចៗ,true,237,686ecb43,168,true,2,0
/books/ព្រំដែននៃប្រទេសកម្ពុជា-les-frontières-du-cambodge,ព្រំដែននៃប្រទេសកម្ពុជា (Les frontières du Cambodge),true,324,291a324f,1,false,2,0
/books/កម្មវិធីសិក្សាលម្អិត-មុខវិជ្ជា-បច្ចេកវិទ្យាព័ត៌មាននិងសារគមនាគមន៍,កម្មវិធីសិក្សាលម្អិត មុខវិជ្ជា បច្ចេកវិទ្យាព័ត៌មាននិងសារគមនាគមន៍,true,284,ed6bd704,25,true,2,0
/books/introducing-english-for-research-publication-purposes,Introducing English for Research Publication Purposes,true,220,86c734c4,1,false,2,0
/books/lesson-3-google-drive,Lesson 3: Google Drive,true,208,d702efc6,21,false,2,0
/books/educational-research-contemporary-issues-and-practical-approaches,Educational Research: Contemporary Issues and Practical Approaches,true,209,198fa767,1,false,2,0
/books/កិច្ចតែងការបង្រៀន-គណិតវិទ្យា-ថ្នាក់ទី៨,កិច្ចតែងការបង្រៀន គណិតវិទ្យា ថ្នាក់ទី៨,true,263,4aa990db,6,false,2,0
/books/ថ្នាក់ទី៨-english-grade-8,ថ្នាក់ទី៨៖ English Grade 8,true,246,bb036af9,15,false,2,1
/books/ការអប់រំសុខភាពសម្រាប់សាលាគរុកោសល្យ-និងវិក្រឹតការ,ការអប់រំសុខភាពសម្រាប់សាលាគរុកោសល្យ និងវិក្រឹតការ,true,313,a6177f6b,1,false,2,0
/books/សទ្ទានុក្រមពាក្យច្បាប់-និងរដ្ឋបាល,សទ្ទានុក្រមពាក្យច្បាប់ និងរដ្ឋបាល,true,248,721cedec,1,false,2,0
/books/បំណែងចែកកម្មវិធីសិក្សា-អង់គ្លេស-ទី៩,បំណែងចែកកម្មវិធីសិក្សា អង់គ្លេស ទី៩,true,247,3267c018,3,false,2,0
/books/startup-cambodia-sinsight-2023,STARTUP CAMBODIA SINSIGHT 2023,true,233,64851361,20,false,2,0
/books/introduction-to-qualitative-research-methods-4th-edition,Introduction to Qualitative Research Methods (4th Edition),false,303,60c97bf5,1,false,2,0
/books/ទ្រឹស្តីស្ថិតិ,ទ្រឹស្តីស្ថិតិ,true,220,3d4a6881,330,true,2,0
/books/វិធីសាស្ត្របង្រៀនគណិតវិទ្យាផ្នែកចំនួន-ថ្នាក់ទី៥,វិធីសាស្ត្របង្រៀនគណិតវិទ្យាផ្នែកចំនួន ថ្នាក់ទី៥,true,212,39b81365,1,false,2,2
/books/កិច្ចតែងការបង្រៀន-គណិតវិទ្យា-ថ្នាក់ទី៩,កិច្ចតែងការបង្រៀន គណិតវិទ្យា ថ្នាក់ទី៩,true,263,4aa990db,6,false,2,0
/books/បណ្ណអក្សររូបភាព-ស្រៈ,បណ្ណអក្សររូបភាព ស្រៈ,true,207,15fbfec5,2,false,2,0
/books/គណិតវិទ្យា-ថ្នាក់ទី៦-កម្មវិធីថ្មី,គណិតវិទ្យា ថ្នាក់ទី៦ (កម្មវិធីថ្មី),true,260,bb49e20d,76,false,2,0
/books/សៀវភៅគ្រូ-អក្ខរកម្មឌីជីថល-កម្រិតមធ្យម,សៀវភៅគ្រូ អក្ខរកម្មឌីជីថល កម្រិតមធ្យម,true,234,70e478c8,1,false,2,0
/books/បច្ចេកវិទ្យាព័ត៌មាននិងសារគមនាគមន៍ថ្នាក់ទី១០,បច្ចេកវិទ្យាព័ត៌មាននិងសារគមនាគមន៍ថ្នាក់ទី១០,true,263,ed6bd704,25,false,2,0
/books/doing-action-research-in-english-language-teaching,Doing Action Research in English Language Teaching,false,323,af17afef,1,false,2,0
/books/ថ្នាក់ទី៦-គណិតវិទ្យា,ថ្នាក់ទី៦៖ គណិតវិទ្យា,true,247,bb49e20d,76,false,2,0
/books/english-teacher-s-guide-grade-5,English Teacher's Guide Grade 5,true,264,bb49e20d,76,false,2,0
/books/នីតិរដ្ឋបាលទូទៅ-4th-edition,នីតិរដ្ឋបាលទូទៅ (4th Edition),true,226,bd2172d3,1,false,2,0
/books/ថ្នាក់ទី១១-រូបវិទ្យា,ថ្នាក់ទី១១៖ រូបវិទ្យា,true,247,bb49e20d,76,false,2,0
/books/ជំនាញជាងកំបោរ,ជំនាញជាងកំបោរ,true,216,2426146f,37,true,2,0
/books/សៀវភៅណែនាំគ្រូបង្រៀន-គណិតវិទ្យា-ថ្នាក់ទី៩-stepsam3,សៀវភៅណែនាំគ្រូបង្រៀន គណិតវិទ្យា ថ្នាក់ទី៩ (STEPSAM3),true,259,9d63ed80,1,false,2,0
/books/educational-research-competencies-for-analysis-10th-edition,Educational Research: Competencies for Analysis (10th Edition),false,338,719688a6,1,false,2,1
/books/lesson-8-google-forms,Lesson 8: Google Forms,true,208,d702efc6,21,false,2,0
/books/សៀវភៅគ្រូគណិតវិទ្យាថ្នាក់ទី១២-កម្រិតមូលដ្ឋាន,សៀវភៅគ្រូគណិតវិទ្យាថ្នាក់ទី១២ កម្រិតមូលដ្ឋាន,true,250,3d4a6881,330,true,2,0
/books/steam-education-based-on-ict,STEAM Education Based on ICT,true,201,107b93c2,1,false,2,0
/books/urban-water-project-international-symposium-on-urban-water-manage,URBAN WATER PROJECT INTERNATIONAL SYMPOSIUM ON URBAN WATER MANAGE,true,268,64851361,20,false,2,0
/books/ថ្នាក់ទី៥-ភាសាខ្មែរ,ថ្នាក់ទី៥៖ ភាសាខ្មែរ,true,245,bb49e20d,76,false,2,0
/books/ថ្នាក់ទី១១-សីលធម៌-ពលរដ្ឋវិជ្ជា,ថ្នាក់ទី១១៖ សីលធម៌ ពលរដ្ឋវិជ្ជា,true,259,bb49e20d,76,false,2,0
/books/របាយការណ៍សង្ខេបការងារអប់រំ-យុវជន-និងកីឡា-២០២៣-២០២៤,របាយការណ៍សង្ខេបការងារអប់រំ យុវជន និងកីឡា ២០២៣-២០២៤,true,204,520ce0fa,1,false,2,0
/books/អរិយធម៌ខ្មែរ-ថ្នាក់បញ្ចប់-កម្មវិធីថ្មី,អរិយធម៌ខ្មែរ ថ្នាក់បញ្ចប់ (កម្មវិធីថ្មី),true,289,6c215139,1,false,2,0
/books/excel,Excel,true,217,2426146f,37,false,2,0
/books/ថ្នាក់ទី៦-ភាសាខ្មែរ,ថ្នាក់ទី៦៖ ភាសាខ្មែរ,true,245,bb49e20d,76,false,2,0
/books/របាយការណ៍ស្រាវជ្រាវ-ការសិក្សាពីចំណេះដឹង-ឥរិយាបថ-និងការអនុវត្តជាប្,របាយការណ៍ស្រាវជ្រាវ ការសិក្សាពីចំណេះដឹង ឥរិយាបថ និងការអនុវត្តជាប្,true,264,adb6d9bf,9,true,2,5
/books/សៀវភៅភាសាខ្មែរ-ថ្នាក់ទី៦-សម្រាប់គ្រូ,សៀវភៅភាសាខ្មែរ ថ្នាក់ទី៦ សម្រាប់គ្រូ,true,250,49ab0832,16,false,2,0
/books/ក្របខណ្ឌសាលារៀនសុវត្ថិភាពគ្រប់ជ្រុងជ្រោយ-២០២២-២០៣០,ក្របខណ្ឌសាលារៀនសុវត្ថិភាពគ្រប់ជ្រុងជ្រោយ ២០២២-២០៣០,true,233,d1223607,1,false,2,0
/books/សៀវភៅណែនាំសម្រាប់គ្រូបង្រៀនថ្នាក់ទី៣,សៀវភៅណែនាំសម្រាប់គ្រូបង្រៀនថ្នាក់ទី៣,true,307,96eb790c,1,false,2,0
/books/តួនាទីបច្ចេកវិទ្យា-និងនវានុវត្តន៍ក្នុងការអភិវឌ្ឍគ្រូបង្រៀនដើម្បីស,តួនាទីបច្ចេកវិទ្យា និងនវានុវត្តន៍ក្នុងការអភិវឌ្ឍគ្រូបង្រៀនដើម្បីស,true,294,ed6bd704,25,false,2,0
/books/សៀវភៅល្បែងសិក្សាសម្រាប់កុមារ,សៀវភៅល្បែងសិក្សាសម្រាប់កុមារ,true,290,bcbad048,1,false,2,0
/books/សៀវភៅគ្រូ-រូបវិទ្យាថ្នាក់ទី៩,សៀវភៅគ្រូ រូបវិទ្យាថ្នាក់ទី៩,true,225,7c61b4b3,239,true,2,0
/books/សៀវភៅណែនាំគ្រូបង្រៀន-ជីវវិទ្យា-ថ្នាក់ទី៧-stepsam3,សៀវភៅណែនាំគ្រូបង្រៀន ជីវវិទ្យា ថ្នាក់ទី៧ (STEPSAM3),true,337,b2c8a269,1,false,2,2
/books/កិច្ចការផ្ទះចំនួនកុំផ្លិច,កិច្ចការផ្ទះចំនួនកុំផ្លិច,true,231,3d4a6881,330,false,2,0
/books/public-finance-in-cambodia,Public Finance in Cambodia,true,264,0c638572,1,false,2,0
/books/how-to-design-and-evaluate-research-in-education-8th-edition,How to Design and Evaluate Research in Education (8th Edition),false,265,bcb2e31f,1,false,2,0
/books/គោលការណ៍ប្រតិបត្តិស្តង់ដាស្តីពីការលើកកម្ពស់សុខភាពសិក្សា-សម្រាប់គ្រឹះស្ថានសិក្សាចំណេះទូទៅ-២០២២,គោលការណ៍ប្រតិបត្តិស្តង់ដាស្តីពីការលើកកម្ពស់សុខភាពសិក្សា សម្រាប់គ្រឹះស្ថានសិក្សាចំណេះទូទៅ (២០២២),true,268,965fa282,1,false,2,0
/books/auto-speech-recognition-of-khmer-language-draft,Auto Speech Recognition of Khmer Language(draft),true,249,686ecb43,168,true,2,0
/books/action-research-themes-in-education,Action Research (Themes in Education),true,205,a92ba3ca,1,false,2,0
/books/handbook-of-methodological-approaches-to-community-based-research,Handbook of Methodological Approaches to Community-Based Research,false,334,2ca7ae16,1,false,2,0
/books/សៀវភៅណែនាំគ្រូបង្រៀន-គណិតវិទ្យា-ថ្នាក់ទី៧-stepsam3,សៀវភៅណែនាំគ្រូបង្រៀន គណិតវិទ្យា ថ្នាក់ទី៧ (STEPSAM3),true,312,419debed,1,false,2,0
/books/វិញ្ញាសាប្រឡងគ្រូអនុ-២០០២ដល់២០១៩,វិញ្ញាសាប្រឡងគ្រូអនុ_២០០២ដល់២០១៩,true,233,686ecb43,168,true,2,0
/books/គន្លឹះធរណីមាត្រ-ថ្នាក់ទី-១១,គន្លឹះធរណីមាត្រ ថ្នាក់ទី ១១,true,253,35dffd82,1,false,2,0
/books/អប់រំសុខភាព-ថ្នាក់ទី៣-សៀវភៅគ្រូ,អប់រំសុខភាព ថ្នាក់ទី៣ (សៀវភៅគ្រូ),true,244,49ab0832,16,false,2,1
/books/កម្មវិធីសិក្សាលម្អិត-សុខភាព-ថ្នាក់ទី១-៦,កម្មវិធីសិក្សាលម្អិត សុខភាព ថ្នាក់ទី១-៦,true,252,83f747b2,10,false,2,0
/books/ថ្នាក់ទី៥-english,ថ្នាក់ទី៥៖ English,true,238,bb036af9,15,false,2,0
/books/គណិតវិទ្យា-កម្រិតខ្ពស់-ថ្នាក់ទី១១,គណិតវិទ្យា កម្រិតខ្ពស់ ថ្នាក់ទី១១,true,239,3d4a6881,330,true,2,0
/books/ផែនការអនុវត្តគ្រប់គ្រងគ្រោះមហន្តរាយ-និងការប្រែប្រួលអាកាសធាតុ,ផែនការអនុវត្តគ្រប់គ្រងគ្រោះមហន្តរាយ និងការប្រែប្រួលអាកាសធាតុ,true,245,f0f72030,1,false,2,0
/books/វិធីសាស្ត្របង្រៀនគណិតវិទ្យាផ្នែកចំនួន-ថ្នាក់ទី១,វិធីសាស្ត្របង្រៀនគណិតវិទ្យាផ្នែកចំនួន ថ្នាក់ទី១,true,212,7c0a7b9b,1,false,2,2
/books/ច្បាប់ការទូត-diplomatic-law,ច្បាប់ការទូត (Diplomatic Law),true,275,6fc12aa8,1,false,2,0
/books/physical-education-sport-teacher-s-book-grade-3,Physical Education & Sport — Teacher's Book Grade 3,true,272,49ab0832,16,false,2,0
/books/ស្តង់ដានាយកសាលារៀន,ស្តង់ដានាយកសាលារៀន,true,175,b8902bb3,3,false,2,0
/books/របៀបប្រើប្រាស់-book-creator,របៀបប្រើប្រាស់ Book Creator,true,230,2426146f,37,true,2,0
/books/សៀវភៅជំនួយភាសាខ្មែរ-ថ្នាក់ទី២,សៀវភៅជំនួយភាសាខ្មែរ ថ្នាក់ទី២,true,264,23dfc163,1,false,2,0
/books/មេម-ៀនទី៣-ដំណ-ឹ-កនកំ-នងុ-កុ-ជាខ-តិមានផ្កា-មានគ្រាប់,មេម ៀនទី៣ ដំណ ឹ កនកំ នងុ កុ ជាខ តិមានផ្កា (មានគ្រាប់),true,254,686ecb43,168,true,2,0
/books/សទ្ទានុក្រមភាសាវិទ្យា-និងអក្សរសិល្ប៍,សទ្ទានុក្រមភាសាវិទ្យា និងអក្សរសិល្ប៍,true,244,41de5980,1,false,2,0
/books/វិធីសាស្ត្រនៃការបង្រៀនស្ទែម-stem,វិធីសាស្ត្រនៃការបង្រៀនស្ទែម (STEM),true,240,3d4a6881,330,true,2,0
/books/កំណែគណិតថ្នាក់ទី៥,កំណែគណិតថ្នាក់ទី៥,true,236,a1f387f3,12,false,2,0
/books/ការប្រើប្រាស់-canva-សម្រាប់រចនា,ការប្រើប្រាស់ Canva សម្រាប់រចនា,true,233,59eef3e3,108,true,2,0
/books/កត្តាជះឥទ្ធិពលលើជម្រើសអាជីពសិស្សមធ្យមសិក្សាបច្ចេកទេស,កត្តាជះឥទ្ធិពលលើជម្រើសអាជីពសិស្សមធ្យមសិក្សាបច្ចេកទេស,true,295,8a3dca57,1,false,2,0
/books/ការអនុវត្តវិធីសាស្ត្របង្រៀនតាមបែបរិះរក-ibl-និងវិធីបង្រៀនតាម-5es-លើមុខវិជ្ជាវិទ្យាសាស្ត្រ,ការអនុវត្តវិធីសាស្ត្របង្រៀនតាមបែបរិះរក (IBL) និងវិធីបង្រៀនតាម 5Es លើមុខវិជ្ជាវិទ្យាសាស្ត្រ,true,300,6b8547fd,1,false,2,0
/books/ដំណើរឆ្ពោះទៅសម្រេចចក្ខុវិស័យកម្ពុជា-ឆ្នាំ២០៥០,ដំណើរឆ្ពោះទៅសម្រេចចក្ខុវិស័យកម្ពុជា ឆ្នាំ២០៥០,true,313,03512c3d,1,false,2,0
/books/c-programming-1,C++ Programming,true,217,59eef3e3,108,false,2,0
/books/english-for-research-usage-style-and-grammar,"English for Research: Usage, Style, and Grammar",true,214,42c93c26,1,false,2,0
/books/បច្ចេកវិទ្យា-និងការអប់រំឆ្លាតវៃនៅកម្ពុជា,បច្ចេកវិទ្យា និងការអប់រំឆ្លាតវៃនៅកម្ពុជា,true,259,67071660,34,true,2,0
/books/ការផលិតសម្ភារៈពិសោធ-និងវិធីសាស្ត្របង្រៀនពិសោធ-មុខវិជ្ជាគីមីវិទ្យា,ការផលិតសម្ភារៈពិសោធ និងវិធីសាស្ត្របង្រៀនពិសោធ មុខវិជ្ជាគីមីវិទ្យា,true,263,7c61b4b3,239,true,2,0
/books/ថ្នាក់ទី១២-គីមីវិទ្យា,ថ្នាក់ទី១២៖ គីមីវិទ្យា,true,249,bb49e20d,76,false,2,0
/books/pisa-in-focus-teacher-support-for-students,PISA in Focus: Teacher Support for Students,true,261,9ffbf397,1,false,2,0
/books/គណិតវិទ្យា-ថ្នាក់ទី៩,គណិតវិទ្យា ថ្នាក់ទី៩,true,241,bd1e639d,67,true,2,0
/books/សេនេទិចទូទៅ,សេនេទិចទូទៅ,true,215,097b0ae9,1,false,2,0
/books/artificial-intelligence-programming,Artificial Intelligence Programming,true,237,64851361,20,true,2,0
/books/កិច្ចតែងការបង្រៀន-គណិតវិទ្យា-ថ្នាក់ទី១០,កិច្ចតែងការបង្រៀន គណិតវិទ្យា ថ្នាក់ទី១០,true,265,4aa990db,6,false,2,0
/books/កម្មវិធីសិក្សាលម្អិត-កុំព្យូទ័រ-ថ្នាក់ទី១-៦,កម្មវិធីសិក្សាលម្អិត កុំព្យូទ័រ ថ្នាក់ទី១-៦,true,240,76d9fc2d,1,false,2,0
/books/ធរណីមាត្រ,ធរណីមាត្រ,true,215,3d4a6881,330,true,2,0
/books/របៀបបង្កើត-google-classroom-តាម-ipad-or-iphone,របៀបបង្កើត_Google_classroom_តាម_ipad_or_iphone,true,248,59eef3e3,108,true,2,0
/books/កម្មវិធីសិក្សាលម្អិត-គណិតវិទ្យា-ថ្នាក់ទី១-៦,កម្មវិធីសិក្សាលម្អិត គណិតវិទ្យា ថ្នាក់ទី១-៦,true,260,83f747b2,10,false,2,0
/books/bloom-s-taxonomy-book,Bloom's Taxonomy Book,true,208,3861ee6a,8,false,2,0
/books/low-cost-experiments-for-physics-education-part-2,Low-Cost Experiments for Physics Education (Part 2),true,271,bd1e639d,67,false,2,0
/books/ការប្រើប្រាស់កុំព្យូទ័រ,ការប្រើប្រាស់កុំព្យូទ័រ,true,229,8db1d2a1,13,true,2,0
/books/បរិវត្តកម្មឌីជីថលក្នុងប្រព័ន្ធគាំពារសង្គមផែនការយុទ្ធសាស្ត្រ-២០២៤,បរិវត្តកម្មឌីជីថលក្នុងប្រព័ន្ធគាំពារសង្គមផែនការយុទ្ធសាស្ត្រ ២០២៤-,true,267,59eef3e3,108,true,2,0
/books/selection-and-assessment-of-diabetes-risk-factors-with-data-analy,Selection and Assessment of Diabetes Risk Factors with Data Analy,true,281,64851361,20,false,2,0
/books/ជីវវិទ្យា-បណ្តុំវិទ្យាសាស្ត្រ-កម្រិតបឋម,ជីវវិទ្យា បណ្តុំវិទ្យាសាស្ត្រ (កម្រិតបឋម),true,254,83e3b276,1,false,2,0
/books/កញ្ចប់ឯកសារការសិក្សាបំប៉នបន្ថែម-គណិតវិទ្យា-ថ្នាក់ទី៣,កញ្ចប់ឯកសារការសិក្សាបំប៉នបន្ថែម គណិតវិទ្យា (ថ្នាក់ទី៣),true,260,3d4a6881,330,true,2,0
/books/គន្លឹះខ្លីៗក្នុងការប្រើប្រាស់កម្មវិធី-ms-excel,គន្លឹះខ្លីៗក្នុងការប្រើប្រាស់កម្មវិធី MS. EXCEL,true,259,2426146f,37,true,2,0
/books/english-lesson-plans-grade-7,English Lesson Plans — Grade 7,true,254,9a8ba899,3,false,2,0
/books/ថ្នាក់ទី៧-english-is-fun-book-2,ថ្នាក់ទី៧៖ English is Fun Book 2,true,251,bb036af9,15,false,2,1
/books/កំណត់ហេតុរបស់ជីវតាក្វាន់-3rd-edition,កំណត់ហេតុរបស់ជីវតាក្វាន់ (3rd Edition),true,216,f69cf0be,1,false,2,2
/books/គណិតទី១១,គណិតទី១១,true,214,3d4a6881,330,true,2,0
/books/intel-teach-program-getting-started-course,Intel Teach Program Getting Started Course,true,249,3b56a1e8,1,false,2,0
/books/កម្មវិធីសិក្សាលំអិតគណិត១០-១១-១២,"កម្មវិធីសិក្សាលំអិតគណិត១០,១១,១២",true,237,3d4a6881,330,true,2,0
/books/វិធីសាស្ត្របង្រៀនគណិតវិទ្យាផ្នែកចំនួន-ថ្នាក់ទី៣,វិធីសាស្ត្របង្រៀនគណិតវិទ្យាផ្នែកចំនួន ថ្នាក់ទី៣,true,253,3d4a6881,330,false,2,0
/books/ថ្នាក់ទី១២-គណិតវិទ្យា-កម្រិតខ្ពស់,ថ្នាក់ទី១២៖ គណិតវិទ្យា កម្រិតខ្ពស់,true,261,bb49e20d,76,false,2,0
/books/វិធីសាស្ត្របង្រៀនវិស្វកម្មកុំព្យូទ័រ,វិធីសាស្ត្របង្រៀនវិស្វកម្មកុំព្យូទ័រ,true,255,67071660,34,true,2,0
/books/phrasebook-for-writing-papers-and-research-in-english-4th-edition,PhraseBook for Writing Papers and Research in English (4th Edition),true,192,558e0ade,1,false,2,0
/books/គណិតវិទ្យាថ្នាក់ទី៥,គណិតវិទ្យាថ្នាក់ទី៥,true,245,bb49e20d,76,false,2,0
/books/from-teacher-to-manager-managing-language-teaching-organizations,From Teacher to Manager: Managing Language Teaching Organizations,false,198,41b24fa9,1,false,2,0
/books/ថ្នាក់ទី១-តើពួកគេទៅណា,ថ្នាក់ទី១៖ តើពួកគេទៅណា,true,231,2ee5c7e0,102,false,2,0
/books/ការប្រកួតប្រជែងបច្ចេកវិទ្យា-និងសហគ្រិនភាព-technovation-girls-camb,ការប្រកួតប្រជែងបច្ចេកវិទ្យា និងសហគ្រិនភាព Technovation Girls Camb,true,284,67071660,34,true,2,0
/books/លីមីតនៃអនុគមន៍-1,លីមីតនៃអនុគមន៍,true,220,3d4a6881,330,true,2,0
/books/វិទ្យាសាស្ត្រា-ថ្នាក់ទី៤,វិទ្យាសាស្ត្រា ថ្នាក់ទី៤,true,248,c1127915,36,true,2,0
/books/កំណែលំហាត់គិមីថ្នាក់ទី១០ឆ្នាំ១៩៩៧,កំណែលំហាត់គិមីថ្នាក់ទី១០ឆ្នាំ១៩៩៧,true,234,686ecb43,168,true,2,0
/books/បច្ចេកទេស-ដាំដំណាំ-ប៉េងប៉ោះ,បច្ចេកទេស​ដាំដំណាំ​ប៉េងប៉ោះ,true,229,59eef3e3,108,true,2,0
/books/physical-education-sport-teacher-s-book-grade-2,Physical Education & Sport — Teacher's Book Grade 2,true,272,49ab0832,16,false,2,0
/books/សៀវភៅណែនាំ-ស្ដីពីការប្រើប្រាស់ប្រព័ន្ធគ្រប់គ្រងហិរញ្ញវត្ថុ,សៀវភៅណែនាំ ស្ដីពីការប្រើប្រាស់ប្រព័ន្ធគ្រប់គ្រងហិរញ្ញវត្ថុ,true,270,2426146f,37,false,2,0
/books/សទ្ទានុក្រម-ឈ្មោះប្រទេស-រាជធានី-និងរូបិយប័ណ្ណ,សទ្ទានុក្រម ឈ្មោះប្រទេស រាជធានី និងរូបិយប័ណ្ណ,true,266,dc3a060a,1,false,2,0
/books/ថ្នាក់ទី១០-រូបវិទ្យា,ថ្នាក់ទី១០៖ រូបវិទ្យា,true,247,bb49e20d,76,false,2,0
/books/sala-digital-education-slides,Sala Digital Education (Slides),true,208,5448c4f2,5,false,1,0
/books/សៀវភៅគ្រប់គ្រងបន្ទប់ពិសោធន៍គីមីវិទ្យា,សៀវភៅគ្រប់គ្រងបន្ទប់ពិសោធន៍គីមីវិទ្យា,true,188,8d9d37d3,1,false,1,0
/books/academic-phrasebank-2018-edition,Academic Phrasebank (2018 Edition),true,335,a336e222,1,false,1,0
/books/ថ្នាក់ទី១-ក្មួយៗ,ថ្នាក់ទី១៖ ក្មួយៗ,true,226,2ee5c7e0,102,false,1,0
/books/ការប្រើប្រាស់-data-vilidation-ក្នុង-excel,ការប្រើប្រាស់ Data Vilidation ក្នុង Excel,true,253,2426146f,37,true,1,0
/books/basic-coding-scratch,Basic Coding Scratch,true,222,59eef3e3,108,true,1,0
/books/ជីវិតម៉ែ,ជីវិតម៉ែ,true,150,64de47c9,1,false,1,0
/books/សកលចិន្តា-ធម្មបាល,សកលចិន្តា ធម្មបាល,true,170,076d54a5,1,true,1,0
/books/បច្ចេកវិទ្យាគមនាគមន៍និងព័ត៌មាន,បច្ចេកវិទ្យាគមនាគមន៍និងព័ត៌មាន,true,173,6d6f32b9,2,false,1,0
/books/the-good-research-guide-4th-edition,The Good Research Guide (4th Edition),true,324,02ca1086,1,false,1,0
/books/សមាហរណកម្មនៃការរៀនបែបចម្រុះសម្រាប់សិស្សវិទ្យាល័យ,សមាហរណកម្មនៃការរៀនបែបចម្រុះសម្រាប់សិស្សវិទ្យាល័យ,true,274,eb49237d,1,false,1,0
/books/សង្គ្រាមត្រជាក់-១៩៤៧-១៩៩១,សង្គ្រាមត្រជាក់ ១៩៤៧-១៩៩១,true,186,3c6b5678,1,false,1,0
/books/pisa-for-development-results-in-focus,PISA for Development: Results in Focus,true,262,f5565f1f,1,false,1,0
/books/លំនាំដើមនៃសេដ្ឋកិច្ច,លំនាំដើមនៃសេដ្ឋកិច្ច,true,221,686ecb43,168,false,1,0
/books/ថ្នាក់ទី១១-ផែនដីនិងបរិស្ថានវិទ្យា,ថ្នាក់ទី១១៖ ផែនដីនិងបរិស្ថានវិទ្យា,true,264,7098a849,9,false,1,0
/books/សទ្ទានុក្រមទស្សនវិជ្ជា,សទ្ទានុក្រមទស្សនវិជ្ជា,true,241,c717c772,1,false,1,0
/books/ឯកសារស្វ័យសិក្សារូបវិទ្យាថ្នាក់ទី១១,ឯកសារស្វ័យសិក្សារូបវិទ្យាថ្នាក់ទី១១,true,232,7c61b4b3,239,true,1,0
/books/ដើមវល្លិ៍ឆ្អឹងពស់,ដើមវល្លិ៍ឆ្អឹងពស់,true,214,7c61b4b3,239,true,1,0
/books/ឯកសារដំណើរការគម្រោងស្ទែម-stem,ឯកសារដំណើរការគម្រោងស្ទែម (STEM),true,237,3d4a6881,330,true,1,0
/books/រូបវិទ្យា-ថ្នាក់-ទី-៧-មេរៀន-ទី-២-ការរីក-នៃ-អង្គធាតុ,រូបវិទ្យា ថ្នាក់​ទី​៧ មេរៀន​ទី​២៖ ​ការរីក​នៃ​អង្គធាតុ,true,250,7c61b4b3,239,true,1,0
/books/អត្តសញ្ញាណប្រទេសកម្ពុជា,អត្តសញ្ញាណប្រទេសកម្ពុជា,true,201,eddfd5f8,1,false,1,0
/books/កម្ម-អ្នកសាងលោកពិត,កម្ម អ្នកសាងលោកពិត,true,152,ca0c0e63,1,true,1,0
/books/អប់រំការគិត-បែបកុំព្យូទ័រ-កម្រិត២-សម្រាប់គ្រូ,អប់រំការគិត បែបកុំព្យូទ័រ កម្រិត២ សម្រាប់គ្រូ,true,264,67071660,34,true,1,0
/books/ថ្នាក់ទី១២-គណិតវិទ្យា-កម្រិតមូលដ្ឋាន,ថ្នាក់ទី១២៖ គណិតវិទ្យា កម្រិតមូលដ្ឋាន,true,264,bb49e20d,76,false,1,0
/books/ថ្នាក់ទី៦-វិទ្យាសាស្ត្រ,ថ្នាក់ទី៦៖ វិទ្យាសាស្ត្រ,true,253,7098a849,9,false,1,1
/books/ជីវៈវិទ្យា-ថ្នាក់-ទី-៧-មេរៀន-ទី៣-ដំណឹកនាំ-ក្នុង-រុក្ខជាតិមានផ្ក,ជីវៈវិទ្យា​ថ្នាក់​ទី​៧ មេរៀន​ទី៣៖ ដំណឹកនាំ​ក្នុង​​រុក្ខជាតិមានផ្ក,true,262,7c61b4b3,239,true,1,0
/books/ការអនុវត្តវិធីបង្រៀន-តាមទ្រឹស្តីប្អូម-និងវិធីបង្រៀនតាមការ-បញ្ញាបក,ការអនុវត្តវិធីបង្រៀន តាមទ្រឹស្តីប្អូម និងវិធីបង្រៀនតាមការ បញ្ញាបក,true,271,3d4a6881,330,true,1,0
/books/កម្រងកិច្ចការផ្ទះគណិតវិទ្យាថ្នាក់ទី៦,កម្រងកិច្ចការផ្ទះគណិតវិទ្យាថ្នាក់ទី៦,true,242,3d4a6881,330,true,1,0
/books/មេរៀនគីមីវិទ្យាថ្នាក់ទី៧,មេរៀនគីមីវិទ្យាថ្នាក់ទី៧,true,222,7c61b4b3,239,true,1,0
/books/សេចក្តីផ្តើមពិសោធន៍រូបវិទ្យា,សេចក្តីផ្តើមពិសោធន៍រូបវិទ្យា,true,234,3d4a6881,330,true,1,0
/books/វិធីសាស្រ្តបង្រៀនតាមបែបសហការ,វិធីសាស្រ្តបង្រៀនតាមបែបសហការ,true,252,c1127915,36,true,1,0
/books/ប្រឡងជ្រើសរើសសិស្សពូកែទូទាំងប្រទេស-ផ្នែកគណិតវិទ្យា-ថ្នាក់ទី៩,ប្រឡងជ្រើសរើសសិស្សពូកែទូទាំងប្រទេស ផ្នែកគណិតវិទ្យា ថ្នាក់ទី៩,true,266,3d4a6881,330,true,1,0
/books/កម្មវិធីសិក្សាលម្អិត-ផែនដីបរិស្ថានវិទ្យា-កម្រិតមធ្យមសិក្សាបឋមភូមិ,កម្មវិធីសិក្សាលម្អិត ផែនដីបរិស្ថានវិទ្យា កម្រិតមធ្យមសិក្សាបឋមភូមិ,true,262,7018f742,23,true,1,0
/books/educational-research-planning-conducting-and-evaluating-4th-edition,"Educational Research: Planning, Conducting, and Evaluating (4th Edition)",false,349,eb26e33b,1,false,1,1
/books/ថ្នាក់ទី១-ទិញអីវ៉ាន់,ថ្នាក់ទី១៖ ទិញអីវ៉ាន់,true,230,2ee5c7e0,102,false,1,0
/books/អប់រំការគិត-បែបកុំព្យូទ័រ-កម្រិត១-សម្រាប់គ្រូ,អប់រំការគិត បែបកុំព្យូទ័រ កម្រិត១ សម្រាប់គ្រូ,true,264,67071660,34,true,1,0
/books/អត្ថបទស្រាវជ្រាវស្តីអំពី-ការរកឃើញរូបមន្តស៊េរីនៃផាយដោយគណិតវិទូអាល,អត្ថបទស្រាវជ្រាវស្តីអំពី៖ ការរកឃើញរូបមន្តស៊េរីនៃផាយដោយគណិតវិទូអាល,true,271,3d4a6881,330,true,1,0
/books/យុទ្ធសាស្ត្រពាណិជ្ជកម្ម-តាមប្រព័ន្ធអេឡិចត្រូនិក,យុទ្ធសាស្ត្រពាណិជ្ជកម្ម តាមប្រព័ន្ធអេឡិចត្រូនិក,true,249,59eef3e3,108,false,1,0
/books/ពាក្យសំដីមាស-les-paroles-d-or,ពាក្យសំដីមាស (Les Paroles d'Or),true,169,9e8ee2f1,1,true,1,0
/books/lesson-4-google-docs,Lesson 4: Google Docs,true,207,d702efc6,21,false,1,0
/books/ជីវវិទ្យា-ថ្នាក់ទី១០-1,ជីវវិទ្យា ថ្នាក់ទី១០,true,240,bd1e639d,67,false,1,0
/books/pisa-2022-results-learning-during-disruption-volume-ii,PISA 2022 Results: Learning During Disruption (Volume II),true,262,626576d6,1,false,1,0
/books/ឯកសារជំនួយស្ដីពីការប្រើប្រាស់ថ្នាលអភិវឌ្ឍសមត្ថភាព,ឯកសារជំនួយស្ដីពីការប្រើប្រាស់ថ្នាលអភិវឌ្ឍសមត្ថភាព​,true,249,adb6d9bf,9,true,1,0
/books/ការផលិតសម្ភារៈពិសោធ-និងវិធីសាស្ត្របង្រៀនពិសោធ-មុខវិទ្យាជីវវិទ្យា,ការផលិតសម្ភារៈពិសោធ និងវិធីសាស្ត្របង្រៀនពិសោធ មុខវិទ្យាជីវវិទ្យា,true,261,7c61b4b3,239,true,1,0
/books/mathematics-education-in-singapore,Mathematics Education in Singapore,true,255,bd1e639d,67,true,1,0
/books/វិទ្យាសាស្ត្រ-ថ្នាក់ទី៨,វិទ្យាសាស្ត្រ ថ្នាក់ទី៨,true,247,c1127915,36,false,1,0
/books/database-management-system,Database Management System,true,238,2426146f,37,true,1,0
/books/សៀវភៅយោងសម្រាប់បំណិនជីវិតតាមមូលដ្ឋាន,សៀវភៅយោងសម្រាប់បំណិនជីវិតតាមមូលដ្ឋាន,true,183,539d234c,1,false,1,0
/books/សៀវភៅ-កូនស្វាឆ្លាត-ប១-មេរៀនទី១-ដល់-ទី៣,សៀវភៅ កូនស្វាឆ្លាត ប១ មេរៀនទី១ ដល់ ទី៣,true,239,686ecb43,168,true,1,0
/books/research-design-quantitative-qualitative-and-arts-based-approaches,"Research Design: Quantitative, Qualitative and Arts-Based Approaches",true,344,26cbface,1,false,1,0
/books/កំណែគណិតវិទ្យា-ថ្នាក់ទី៥,កំណែគណិតវិទ្យា ថ្នាក់ទី៥,true,243,a1f387f3,12,false,1,0
/books/ឯកសារណែនាំអភិវឌ្ឍន៍វិញ្ញាសាសម្រាប់-ការប្រឡងសញ្ញាបត្រមធ្យមសិក្សាបឋ,ឯកសារណែនាំអភិវឌ្ឍន៍វិញ្ញាសាសម្រាប់ ការប្រឡងសញ្ញាបត្រមធ្យមសិក្សាបឋ,true,268,2426146f,37,true,1,0
/books/ជម្រើសក្នុងការប្រើប្រាស់សារធាតុគីមី,ជម្រើសក្នុងការប្រើប្រាស់សារធាតុគីមី,true,233,7c61b4b3,239,true,1,0
/books/fundamental-of-research-methodology-and-statistics,Fundamental of Research Methodology and Statistics,true,216,f4aa6aea,1,false,1,0
/books/វិធីសាស្រ្ដបង្រៀនបែបសកម្ម,វិធីសាស្រ្ដបង្រៀនបែបសកម្ម,true,226,686ecb43,168,true,1,0
/books/introduction-to-research-in-education-8th-edition,Introduction to Research in Education (8th Edition),false,226,49388fd3,1,false,1,0
/books/បំណែងចែកកម្មវិធីសិក្សា-អង់គ្លេស-ទី៨,បំណែងចែកកម្មវិធីសិក្សា អង់គ្លេស ទី៨,true,247,3267c018,3,false,1,0
/books/បទបង្ហាញទី៧-ការអនុវត្តសកម្មភាពក្រៅម៉ោងសិក្សា,បទបង្ហាញទី៧៖ ការអនុវត្តសកម្មភាពក្រៅម៉ោងសិក្សា,true,222,5448c4f2,5,false,1,0
/books/ឧបសម្ព័ន្ធ-ក្របខណ្ឌអប់រំស្ទែមកម្រិតសាលារៀន,ឧបសម្ព័ន្ធ ក្របខណ្ឌអប់រំស្ទែមកម្រិតសាលារៀន,true,178,30f5875f,1,false,1,0
/books/មូលដ្ឋានគ្រឹះនៃមីក្រុបវិទ្យា,មូលដ្ឋានគ្រឹះនៃមីក្រុបវិទ្យា,true,214,a4555c1c,1,false,1,0
/books/វិញ្ញាសាប្រឡងសញ្ញាបត្រមធ្យមសិក្សាទុតិយភូមិចាប់ពីឆ្នាំ-20214-ដល់-2,វិញ្ញាសាប្រឡងសញ្ញាបត្រមធ្យមសិក្សាទុតិយភូមិចាប់ពីឆ្នាំ 20214 ដល់ 2,true,263,7c61b4b3,239,false,1,0
/books/ថ្នាក់ទី៣-ភាសាខ្មែរ,ថ្នាក់ទី៣៖ ភាសាខ្មែរ,true,245,bb49e20d,76,false,1,0
/books/ការត្រួតពិនិត្យផលិតផលថ្នាំជក់,ការត្រួតពិនិត្យផលិតផលថ្នាំជក់,true,230,686ecb43,168,true,1,0
/books/សៀវភៅសិស្សអក្ខរកម្មឌីជីថលសម្រាប់មធ្យមសិក្សា-កម្រិតមធ្យម,សៀវភៅសិស្សអក្ខរកម្មឌីជីថលសម្រាប់មធ្យមសិក្សា (កម្រិតមធ្យម),true,260,2426146f,37,true,1,0
/books/ក្របខណ្ឌកម្មវិធីបណ្តុះបណ្តាលគ្រូបង្រៀនកម្រិតឧត្តម,ក្របខណ្ឌកម្មវិធីបណ្តុះបណ្តាលគ្រូបង្រៀនកម្រិតឧត្តម,true,236,9fe004f6,1,false,1,0
/books/អាំងតេក្រាល-2,អាំងតេក្រាល,true,212,686ecb43,168,true,1,0
/books/ថ្នាក់ទី៤-សិក្សាសង្គម,ថ្នាក់ទី៤៖ សិក្សាសង្គម,true,249,bb49e20d,76,false,1,2
/books/ict,ICT,true,214,74c5ac3b,1,true,1,0
/books/សៀវភៅណែនាំស្តីពីការអប់រំស្នែមសម្រាប់បំប៉នគ្រូមធ្យមសិក្សាទុតិយភូមិ,សៀវភៅណែនាំស្តីពីការអប់រំស្នែមសម្រាប់បំប៉នគ្រូមធ្យមសិក្សាទុតិយភូមិ,true,266,686ecb43,168,true,1,0
/books/ការប្រើប្រាស់-និងការ-កំណត់រចនាសម្ព័ន្ធមេខលា,ការប្រើប្រាស់ និងការ កំណត់រចនាសម្ព័ន្ធមេខលា,true,245,59eef3e3,108,true,1,0
/books/qualitative-research-methods-collecting-evidence,Qualitative Research Methods: Collecting Evidence,true,322,7554f5ff,1,false,1,1
/books/កូនស្វាឆ្លាត-កម្រិត-a4-សៀវភៅគ្រូ,កូនស្វាឆ្លាត កម្រិត A4 (សៀវភៅគ្រូ),true,230,3ee677b6,5,false,1,0
/books/គីមីទូទៅ៣-ឆ្នាំទី១,គីមីទូទៅ៣ (ឆ្នាំទី១),true,218,7c61b4b3,239,true,1,0
/books/ថ្នាក់ទី១-យើងទៅជួយ,ថ្នាក់ទី១៖ យើងទៅជួយ,true,228,2ee5c7e0,102,false,1,0
/books/គណិតវិទ្យាវិស្វកម្ម,គណិតវិទ្យាវិស្វកម្ម,true,225,3d4a6881,330,true,1,0
/books/ផែនទីបង្ហាញផ្លូវបច្ចេកវិទ្យាកសិកម្ម,ផែនទីបង្ហាញផ្លូវបច្ចេកវិទ្យាកសិកម្ម,true,236,686ecb43,168,false,1,0
/books/ការគិតបែបកុំព្យូទ័រ,ការគិតបែបកុំព្យូទ័រ.,true,235,ed6bd704,25,false,1,0
/books/សៀវភៅកិច្ចការផ្ទះផែនដីវិទ្យាថ្នាក់ទី៨,សៀវភៅកិច្ចការផ្ទះផែនដីវិទ្យាថ្នាក់ទី៨,true,238,686ecb43,168,true,1,0
/books/ថ្នាក់ទី៦-english,ថ្នាក់ទី៦៖ English,true,238,bb036af9,15,false,1,0
/books/ក្របខណ្ឌកម្មវិធីអប់រំគ្រូបង្រៀនបឋមសិក្សា-បរិញ្ញាបត្រ-១,ក្របខណ្ឌកម្មវិធីអប់រំគ្រូបង្រៀនបឋមសិក្សា (បរិញ្ញាបត្រ+១),true,163,f119126d,1,false,1,0
/books/កិច្ចការផ្ទះគណិតវិទ្យាថ្នាក់ទី១០-ប្រព័ន្ធសមីការ-និង-សមីការដឺក្រេល,កិច្ចការផ្ទះគណិតវិទ្យាថ្នាក់ទី១០ ប្រព័ន្ធសមីការ និង សមីការដឺក្រេល,true,271,3d4a6881,330,true,1,0
/books/សៀវភៅគ្រូអក្ខរកម្មឌីជីថល-សម្រាប់បឋមសិក្សា,សៀវភៅគ្រូអក្ខរកម្មឌីជីថល សម្រាប់បឋមសិក្សា,true,247,41779126,5,true,1,0
/books/គណិតវិទ្យា-1,គណិតវិទ្យា,true,216,3d4a6881,330,false,1,0
/books/quantitative-methods-in-educational-research,Quantitative Methods in Educational Research,true,309,32f5a8d7,1,false,1,0
/books/បណ្ណាល័យបឋមសិក្សា-ផ្នែកទី១-ការបង្កើត-និងគ្រប់គ្រងបណ្ណាល័យ,បណ្ណាល័យបឋមសិក្សា ផ្នែកទី១ ការបង្កើត និងគ្រប់គ្រងបណ្ណាល័យ,true,263,4d8f6ed4,2,false,1,0
/books/សៀវភៅ-microsoft-excel-ដោយក្រសួងសេដ្ឋកិច្ច,សៀវភៅ_Microsoft_Excel_ដោយក្រសួងសេដ្ឋកិច្ច,true,253,2426146f,37,true,1,0
/books/វិញ្ញាសា-គណិតវិទ្យា-សម្រាប់-ត្រៀម-ប្រឡង-បាក់-ឌុប-០២,វិញ្ញាសា​គណិតវិទ្យា​សម្រាប់​ត្រៀម​ប្រឡង​បាក់​ឌុប ០២,true,257,3d4a6881,330,false,1,0
/books/ថ្នាក់ទី៣-បន្លាចបងលេង,ថ្នាក់ទី៣៖ បន្លាចបងលេង,true,231,2ee5c7e0,102,false,1,0
/books/កម្រងកិច្ចការផ្ទះភាសាខ្មែរ-គណិតវិទ្យា-ថ្នាក់ទី៣,កម្រងកិច្ចការផ្ទះភាសាខ្មែរ គណិតវិទ្យា ថ្នាក់ទី៣,true,253,3d4a6881,330,true,1,0
/books/វិញ្ញាសាជីវវិទ្យា-ប្រឡងបាក់ឌុប,វិញ្ញាសាជីវវិទ្យា ប្រឡងបាក់ឌុប,true,227,7c61b4b3,239,true,1,0
/books/គោលនយោបាយ-អភិវឌ្ឍវិជ្ជាជីវៈជាប្រចាំសម្រាប់បុគ្គលិកអប់រំ,គោលនយោបាយ អភិវឌ្ឍវិជ្ជាជីវៈជាប្រចាំសម្រាប់បុគ្គលិកអប់រំ,true,337,e4e7a167,1,false,1,0
/books/ដើមត្នោត,ដើមត្នោត,true,200,6b3b17ea,10,false,1,0
/books/ចំនួនកុំផ្លិច-1,ចំនួនកុំផ្លិច,true,214,686ecb43,168,false,1,0
/books/វិញ្ញាសាត្រៀមប្រឡងបាក់ឌុប-រូបវិទ្យា,វិញ្ញាសាត្រៀមប្រឡងបាក់ឌុប «រូបវិទ្យា»,true,243,3d4a6881,330,false,1,0
/books/chemistry,Chemistry,true,230,bd1e639d,67,true,1,0
/books/a-country-report-pisa-2022-results-for-cambodia,A Country Report PISA 2022 Results for Cambodia,true,272,829540c6,1,false,1,0
/books/introduction-to-insurance,Introduction to Insurance,true,270,57243120,1,false,1,0
/books/កម្មវិធីសិក្សាលម្អិត-បំណិនជីវិត-ថ្នាក់ទី១-៦,កម្មវិធីសិក្សាលម្អិត បំណិនជីវិត ថ្នាក់ទី១-៦,true,260,83f747b2,10,false,1,0
/books/សុវត្ថិភាពកុមារតាមប្រព័ន្ធអនឡាញសម្រាប់កុមារវ័យជំទង់-ឬសិស្សមធ្យមសិ-1,សុវត្ថិភាពកុមារតាមប្រព័ន្ធអនឡាញសម្រាប់កុមារវ័យជំទង់ ឬសិស្សមធ្យមសិ,true,268,2426146f,37,true,1,0
/books/សៀវភៅណែនាំគ្រូបង្រៀន-គីមីវិទ្យា-ថ្នាក់ទី៧-stepsam3,សៀវភៅណែនាំគ្រូបង្រៀន គីមីវិទ្យា ថ្នាក់ទី៧ (STEPSAM3),true,271,70a35ee1,1,false,1,0
/books/ថ្នាក់ទី១-ណាវី-និងបូរ៉ា,ថ្នាក់ទី១៖ ណាវី និងបូរ៉ា,true,233,2ee5c7e0,102,false,1,0
/books/សិស្សពូកែថ្នាក់ទី៩-១៩៩៧ដល់២០២៣,សិស្សពូកែថ្នាក់ទី៩_១៩៩៧ដល់២០២៣,true,231,686ecb43,168,true,1,0
/books/python-programming,Python Programming,true,234,64851361,20,true,1,0
/books/មេរៀនទី៨-ការប្រើប្រាស់-google-classroom,មេរៀនទី៨ ការប្រើប្រាស់ Google Classroom,true,241,59eef3e3,108,true,1,0
/books/អប់រំការគិត-បែបកុំព្យូទ័រ-កម្រិត១-សម្រាប់សិស្ស,អប់រំការគិត បែបកុំព្យូទ័រ កម្រិត១ សម្រាប់សិស្ស,true,265,67071660,34,true,1,0
/books/រៀនធ្វើវិញ្ញាសា,រៀនធ្វើវិញ្ញាសា,true,216,686ecb43,168,true,1,0
/books/គីមីវិទ្យា-ថ្នាក់ទី១១,គីមីវិទ្យា ថ្នាក់ទី១១,true,242,bd1e639d,67,false,1,0
/books/ការគិតស៊ីជម្រៅ,ការគិតស៊ីជម្រៅ.,true,217,59eef3e3,108,true,1,0
/books/data-communication-and-computer-networking,Data Communication and Computer Networking,true,250,abcba533,5,true,1,0
/books/សទ្ទានុក្រមវប្បធម៌-និងវិចិត្រសិល្បៈ,សទ្ទានុក្រមវប្បធម៌ និងវិចិត្រសិល្បៈ,true,261,213d938b,1,false,1,0
/books/ថ្នាក់ទី១១-សេដ្ឋកិច្ចវិទ្យា,ថ្នាក់ទី១១៖ សេដ្ឋកិច្ចវិទ្យា,true,256,bb49e20d,76,false,1,0
/books/សៀភៅ-ការគ្រប់គ្រងកសិដ្ឋាន,សៀភៅ ការគ្រប់គ្រងកសិដ្ឋាន,true,226,686ecb43,168,false,1,0
/books/ថ្នាក់ទី១-វិទ្យាសាស្ត្រ-សិក្សាសង្គម,ថ្នាក់ទី១៖ វិទ្យាសាស្ត្រ សិក្សាសង្គម,true,262,bb49e20d,76,false,1,1
/books/ថ្នាក់ទី១០-english,ថ្នាក់ទី១០៖ English,true,240,bb036af9,15,false,1,0
/books/បច្ចេកទេស-ចិញ្ចឹម-ជ្រូក-ជា-លក្ខណៈ-គ្រួសារ,បច្ចេកទេស​ចិញ្ចឹម​ជ្រូក​ជា​លក្ខណៈ​គ្រួសារ,true,243,59eef3e3,108,true,1,0
/books/កម្រងកិច្ចការផ្ទះគណិតវិទ្យាថ្នាក់ទី៦-សម្រាប់១ឆ្នាំ,កម្រងកិច្ចការផ្ទះគណិតវិទ្យាថ្នាក់ទី៦ សម្រាប់១ឆ្នាំ,true,277,c5771d26,18,false,1,0
/books/មេរៀនទី៩-ការប្រើប្រាស់កាមេរ៉ាលើទូរស័ព្ទដៃ,មេរៀនទី៩ ការប្រើប្រាស់កាមេរ៉ាលើទូរស័ព្ទដៃ,true,243,59eef3e3,108,true,1,0
/books/ការអនុវត្តវិធីសាស្ត្របង្រៀន-តាមទ្រឹស្តីអប់រំបែបស្ថាបនានិយម-លើមុខវ,ការអនុវត្តវិធីសាស្ត្របង្រៀន តាមទ្រឹស្តីអប់រំបែបស្ថាបនានិយម លើមុខវិជ្ជាជីវវិទ្យា,true,271,3a3e6742,2,true,1,0
/books/កិច្ចតែងការបង្រៀន-វិទ្យាសាស្ត្រអនុវត្ត-ថ្នាក់ទី៤,កិច្ចតែងការបង្រៀន វិទ្យាសាស្ត្រអនុវត្ត ថ្នាក់ទី៤,true,240,7018f742,23,true,1,0
/books/ថ្នាក់ទី១-ទៅផ្សារ,ថ្នាក់ទី១៖ ទៅផ្សារ,true,227,2ee5c7e0,102,false,1,0
/books/សៀវភៅសិស្សថ្នាក់ទី១-មុខវិជ្ជាអប់រំសុខភាព,សៀវភៅសិស្សថ្នាក់ទី១ មុខវិជ្ជាអប់រំសុខភាព,true,208,bacd6d22,41,true,1,0
/books/ថ្នាក់ទី១-៧-៦-៥,ថ្នាក់ទី១៖ ៧ ៦ ៥...,true,228,2ee5c7e0,102,false,1,0
/books/សៀវភៅគ្រប់គ្រងសម្ភារៈពិសោធន៍វិទ្យាសាស្ត្រ-ជីវវិទ្យា-nie,សៀវភៅគ្រប់គ្រងសម្ភារៈពិសោធន៍វិទ្យាសាស្ត្រ៖ ជីវវិទ្យា (NIE),true,265,ec177daa,6,false,1,0
/books/guidance-on-ai-and-children,Guidance on AI and Children,true,230,64851361,20,true,1,0
/books/សៀវភៅសិស្សអក្ខរកម្មឌីជីថល-សម្រាប់មធ្យមសិក្សា-កម្រិតមូលដ្ឋាន,សៀវភៅសិស្សអក្ខរកម្មឌីជីថល សម្រាប់មធ្យមសិក្សា (កម្រិតមូលដ្ឋាន),true,264,2426146f,37,true,1,0
/books/យុទ្ធសាស្រ្ដអប់រំឌីជីថលសម្រាប់សាលារៀន,យុទ្ធសាស្រ្ដអប់រំឌីជីថលសម្រាប់សាលារៀន,true,239,59eef3e3,108,true,1,0
/books/being-a-teacher-in-the-21st-century,Being a Teacher in the 21st Century,true,280,7c3572bb,1,false,1,0
/books/ការប្រើប្រាស់-moeys-edtech-app-សម្រាប់សិស្ស,ការប្រើប្រាស់ MoEYS Edtech App សម្រាប់សិស្ស,true,245,59eef3e3,108,true,1,0
/books/គណិតវិទ្យា-ថ្នាក់ទី១,គណិតវិទ្យា ថ្នាក់ទី១,true,241,bd1e639d,67,false,1,0
/books/ប្រព័ន្ធសមីការលីនេអ៊ែរ,ប្រព័ន្ធសមីការលីនេអ៊ែរ,true,228,3d4a6881,330,true,1,0
/books/ថ្នាក់ទី១-មានរួចហើយ,ថ្នាក់ទី១៖ មានរួចហើយ,true,229,2ee5c7e0,102,false,1,0
/books/365-weird-wonderful-science-experiments,365 WEIRD WONDERFUL SCIENCE EXPERIMENTS,true,263,c1127915,36,false,1,0
/books/សៀវភៅ-មូលដ្ឋាន-excel-2016-សម្រាប់ការរៀនដោយខ្លួនឯង,សៀវភៅ មូលដ្ឋាន Excel 2016 សម្រាប់ការរៀនដោយខ្លួនឯង,true,261,2426146f,37,true,1,0
/books/teacher-education-in-the-21st-century,Teacher Education in the 21st Century,true,272,9f3fd8c0,1,false,1,0
/books/សៀវភៅកិច្ចការផ្ទះគីមីវិទ្យាថ្នាក់ទី៨,សៀវភៅកិច្ចការផ្ទះគីមីវិទ្យាថ្នាក់ទី៨,true,234,7c61b4b3,239,true,1,0
/books/understanding-ipv6-3th-edition,Understanding IPv6 3th_edition,true,233,64851361,20,false,1,0
/books/student-centred-approaches-for-science-education,Student Centred Approaches for Science Education,true,272,c1127915,36,false,1,0
/books/សុវត្ថិភាពអនឡាញសម្រាប់កុមារ-សៀវភៅគ្រូ,សុវត្ថិភាពអនឡាញសម្រាប់កុមារ (សៀវភៅគ្រូ),true,243,41779126,5,true,1,0
/books/ថ្នាក់ទី១-ថ្ងៃអាទិត្យ,ថ្នាក់ទី១៖ ថ្ងៃអាទិត្យ,true,231,2ee5c7e0,102,false,1,0
/books/កំណែទម្រង់គ្រឹះស្ថានអប់រំគ្រូ,កំណែទម្រង់គ្រឹះស្ថានអប់រំគ្រូ,true,189,b0119433,7,false,1,0
/books/គណិតវិទ្យាកុំព្យូទ័រ,គណិតវិទ្យាកុំព្យូទ័រ,true,226,3d4a6881,330,true,1,0
/books/ថ្នាក់ទី៤-គណិតវិទ្យា,ថ្នាក់ទី៤៖ គណិតវិទ្យា,true,247,bb49e20d,76,false,1,0
/books/book-of-ibl-biology,Book of IBL Biology,true,181,8fdd08cc,8,false,1,0
/books/ms-office-word,MS Office Word,true,222,2426146f,37,true,1,0
/books/របៀប-បង្កើត-ឯកសារ-ប្រភេទ-pdf,របៀប​បង្កើត​ឯកសារ​ប្រភេទ​​PDF,true,231,59eef3e3,108,true,1,0
/books/អប់រំការគិត-បែបកុំព្យូទ័រ-កម្រិត២-សម្រាប់សិស្ស,អប់រំការគិត បែបកុំព្យូទ័រ កម្រិត២ សម្រាប់សិស្ស,true,265,67071660,34,true,1,0
/books/តើអ្វីទៅជាបដិវត្តន៍ឧស្សហកម្ម,តើអ្វីទៅជាបដិវត្តន៍ឧស្សហកម្ម?,true,231,59eef3e3,108,true,1,0
/books/តែងសេចក្តីមធ្យមទុតិយភូមិ,តែងសេចក្តីមធ្យមទុតិយភូមិ,true,221,11492dbd,2,false,1,0
/books/មូលដ្ឋានគ្រឹះសម្រាប់ការអនុវត្តកម្មវិធីអប់រំបង្កើតហ្គេម,មូលដ្ឋានគ្រឹះសម្រាប់ការអនុវត្តកម្មវិធីអប់រំបង្កើតហ្គេម,true,256,59eef3e3,108,true,1,0
/books/ឯកសារស្វ័យសិក្សាស្តីពីការរៀបចំសាលារៀនសុវត្ថិភាព,ឯកសារស្វ័យសិក្សាស្តីពីការរៀបចំសាលារៀនសុវត្ថិភាព,true,219,9cba5bd8,1,false,1,0
/books/របៀបប្រើប្រាស់សាលារៀនឌីជីថល,របៀបប្រើប្រាស់សាលារៀនឌីជីថល,true,229,59eef3e3,108,true,1,0
/books/ថ្នាលអភិវឌ្ឍសមត្ថភាពជាអ្វី,ថ្នាលអភិវឌ្ឍសមត្ថភាពជាអ្វី?,true,229,59eef3e3,108,true,1,0
/books/ថ្នាក់ទី១-កុំឆាឆៅ,ថ្នាក់ទី១៖ កុំឆាឆៅ,true,227,2ee5c7e0,102,false,1,0
/books/លំហាត់ថ្នាក់ទី៩-១ដល់៥,លំហាត់ថ្នាក់ទី៩-១ដល់៥,true,227,3d4a6881,330,true,1,0
/books/សៀវភៅលំហាត់គីមីវិទ្យាថ្នាក់ទី១០,សៀវភៅលំហាត់គីមីវិទ្យាថ្នាក់ទី១០,true,229,7c61b4b3,239,true,1,0
/books/រៀន-ប្រើ-អ៊ីនធឺណិត-ឱ្យ-ចេះ,រៀន​ប្រើ​អ៊ីនធឺណិត​ឱ្យ​ចេះ,true,228,59eef3e3,108,true,1,0
/books/essentials-of-research-design-and-methodology,Essentials of Research Design and Methodology,false,218,b05a010c,1,false,1,0
/books/កិច្ចតែងការភាសាខ្មែរ-ថ្នាក់ទី៩,កិច្ចតែងការភាសាខ្មែរ ថ្នាក់ទី៩,true,220,ea434a7e,1,false,1,0
/books/ការប្រើប្រាស់-ai-ដើម្បីបង្កើតមាតិកាសម្រាប់រៀន-និងបង្រៀន,ការប្រើប្រាស់ AI ដើម្បីបង្កើតមាតិកាសម្រាប់រៀន និងបង្រៀន,true,258,96902f4e,4,true,1,0
/books/កម្មវិធីសិក្សាលម្អិត-គីមីវិទ្យា-កម្រិតមធ្យមសិក្សាបឋមភូមិ,កម្មវិធីសិក្សាលម្អិត គីមីវិទ្យា កម្រិតមធ្យមសិក្សាបឋមភូមិ,true,254,7c61b4b3,239,true,1,0
/books/គោលការណ៍សុខាភិបាលសត្វ,គោលការណ៍សុខាភិបាលសត្វ,true,223,59eef3e3,108,true,1,0
/books/សិក្ខាសាលាមូលដ្ឋាន-កម្មវិធី-band-សម្រាប់ការសិក្សាបែបចម្រុះ,សិក្ខាសាលាមូលដ្ឋាន កម្មវិធី Band សម្រាប់ការសិក្សាបែបចម្រុះ,true,257,adb6d9bf,9,false,1,0
/books/សៀវភៅកិច្ចការផ្ទះផែនដីវិទ្យាថ្នាក់ទី៧,សៀវភៅកិច្ចការផ្ទះផែនដីវិទ្យាថ្នាក់ទី៧,true,239,7018f742,23,true,1,0
/books/កម្មវិធី-នព្វន្,កម្មវិធី​នព្វន្,true,217,59eef3e3,108,true,1,0
/books/អប់រំការគិត-បែបកុំព្យូទ័រ-កម្រិត៣-សម្រាប់សិស្ស,អប់រំការគិត បែបកុំព្យូទ័រ កម្រិត៣ សម្រាប់សិស្ស,true,265,67071660,34,true,1,0
/books/ភាសាសរសេរកូដកម្មវិធី-python,ភាសាសរសេរកូដកម្មវិធី Python,true,214,d702efc6,21,false,1,0
/books/សៀវភៅណែនាំ-ការប្រើប្រាស់-google-docs,សៀវភៅណែនាំ ការប្រើប្រាស់ GOOGLE DOCS,true,238,59eef3e3,108,true,1,0
/books/ឧបករណ៍ពិនិត្យតាមដាន-និងវាយតម្លៃការរៀន-និងបង្រៀន-ស្ទែមនៅមធ្យមសិក្ស,ឧបករណ៍ពិនិត្យតាមដាន និងវាយតម្លៃការរៀន និងបង្រៀន ស្ទែមនៅមធ្យមសិក្ស,true,269,41779126,5,true,1,0
/books/qualitative-research-from-start-to-finish,Qualitative Research from Start to Finish,true,197,dbf8f538,1,false,1,0
/books/ផែនដីនិងបរិស្ថានវិទ្យា-១២,ផែនដីនិងបរិស្ថានវិទ្យា_១២,true,227,7018f742,23,true,1,0
/books/ai-mastery-roadmap-5-ដំណាក់កាល-skill-next-ជំនាញអនាគត,AI Mastery Roadmap — 5 ដំណាក់កាល ⚡ Skill Next ជំនាញអនាគត,true,258,59eef3e3,108,true,1,0
/books/គីមីវិទ្យាថ្នាក់ទី១០-ជំពូក១-មេរៀនទី២-ទម្រង់អាតូម,គីមីវិទ្យាថ្នាក់ទី១០ ជំពូក១ មេរៀនទី២ ទម្រង់អាតូម,true,246,7c61b4b3,239,true,1,0
/books/ប្រវត្តិសាស្ត្រខ្មែរ-សម្រាប់មធ្យមនិងឧត្តមសិក្សា,ប្រវត្តិសាស្ត្រខ្មែរ សម្រាប់មធ្យមនិងឧត្តមសិក្សា,true,312,fb532fd5,1,false,1,0
/books/បណ្ណាល័យបឋមសិក្សា-ផ្នែកទី៣-បញ្ជីសៀវភៅរឿងកុមារ,បណ្ណាល័យបឋមសិក្សា ផ្នែកទី៣ បញ្ជីសៀវភៅរឿងកុមារ,true,251,4d8f6ed4,2,false,1,0
/books/កម្មវិធីសិក្សាលម្អិត-មុខវិជ្ជា-បច្ចេកវិទ្យាគមនាគមន៍និងព័ត៌មាន-សម្,កម្មវិធីសិក្សាលម្អិត មុខវិជ្ជា បច្ចេកវិទ្យាគមនាគមន៍និងព័ត៌មាន សម្,true,285,ed6bd704,25,true,1,0
/books/informal-solution-of-final-exam-fourier-analysis,Informal Solution of Final Exam (Fourier Analysis),true,256,3d4a6881,330,true,1,0
/books/research-methodology-methods-and-techniques-2nd-edition,Research Methodology: Methods and Techniques (2nd Edition),true,212,f6749b37,1,false,1,0
/books/chicken-raising,Chicken Raising,true,239,c1127915,36,true,1,0
/books/កម្មវិធីសិក្សាការអប់រំស្ដីពីការប្រែប្រួលអាកាសធាតុ,កម្មវិធីសិក្សាការអប់រំស្ដីពីការប្រែប្រួលអាកាសធាតុ,true,246,7018f742,23,true,1,0
/books/ជីវវិទ្យា,ជីវវិទ្យា,true,229,bd1e639d,67,false,1,3
/books/កិច្ចការស្រាវជ្រាវនៃគណិតវិភាគ,កិច្ចការស្រាវជ្រាវនៃគណិតវិភាគ,true,235,3d4a6881,330,false,1,0
/books/ថ្នាក់ទី១-ចំណី,ថ្នាក់ទី១៖ ចំណី,true,224,2ee5c7e0,102,false,1,0
/books/ទស្សនាវដ្ដីស្រាវជ្រាវកម្ពុជា-សម្រាប់ការអប់រំ-និងស្នែម-ឆ្នាំទី១-លេ,ទស្សនាវដ្ដីស្រាវជ្រាវកម្ពុជា សម្រាប់ការអប់រំ និងស្នែម ឆ្នាំទី១ លេ,true,258,314bb48c,6,true,1,0
/books/ឯកសារ-ស្វ័យសិក្សា-ផែនដីវិទ្យា-និង-បរិស្ថាន-ថ្នាក់ទី១០,ឯកសារ​ស្វ័យសិក្សា ផែនដីវិទ្យា​ និង​បរិស្ថាន ថ្នាក់ទី១០,true,255,686ecb43,168,true,1,0
/books/pisa-2022-results-learning-and-equity-volume-i,PISA 2022 Results: Learning and Equity (Volume I),true,267,4243a8d4,1,false,1,0
/books/សៀវភៅជំនួយភាសាខ្មែរ-ថ្នាក់ទី១-ភាគ២,សៀវភៅជំនួយភាសាខ្មែរ ថ្នាក់ទី១ ភាគ២,true,280,fe26cf8e,1,false,1,0
/books/បំណែងចែកកម្មវិធីសិក្សា-អង់គ្លេស-ទី៧,បំណែងចែកកម្មវិធីសិក្សា អង់គ្លេស ទី៧,true,247,3267c018,3,false,1,0
/books/មេរៀនសង្ខេបទស្សនវិជ្ជា-ថ្នាក់ទី-១១,មេរៀនសង្ខេបទស្សនវិជ្ជា ថ្នាក់ទី ១១,true,268,1a9505a7,1,false,1,0
/books/សៀវភៅគ្រប់គ្រងសម្ភារៈពិសោធន៍វិទ្យាសាស្ត្រ-រូបវិទ្យា-nie,សៀវភៅគ្រប់គ្រងសម្ភារៈពិសោធន៍វិទ្យាសាស្ត្រ៖ រូបវិទ្យា (NIE),true,264,ec177daa,6,false,1,0
/books/មុខជំនាញផ្នែកសំណង់,មុខជំនាញផ្នែកសំណង់​,true,221,59eef3e3,108,true,1,0
/books/កំណែពិជគណិតឆ្នាំទី១,កំណែពិជគណិតឆ្នាំទី១,true,225,3d4a6881,330,true,1,0
/books/ឯកសារជំនួយ-ស្តីពី-ការអប់រំ-និងការលើកកម្ពស់សុខភាព,ឯកសារជំនួយ ស្តីពី ការអប់រំ និងការលើកកម្ពស់សុខភាព,true,285,97bf7ade,1,false,1,0
/books/ការអប់រំសុខភាពសម្រាប់មជ្ឈមណ្ឌលគរុកោសល្យភូមិភាគ,ការអប់រំសុខភាពសម្រាប់មជ្ឈមណ្ឌលគរុកោសល្យភូមិភាគ,true,298,59448783,1,false,1,0
/books/ការណែនាំអំពីមូលដ្ឋានទិន្នន័យ,ការណែនាំអំពីមូលដ្ឋានទិន្នន័យ,true,215,d702efc6,21,false,1,0
/books/សៀវភៅអប់រំសុខភាព-ជំងឺកូវីដ-១៩-សម្រាប់កុមារ,សៀវភៅអប់រំសុខភាព ជំងឺកូវីដ-១៩ សម្រាប់កុមារ,true,210,bacd6d22,41,true,1,0
/books/គីមីវិទ្យា,គីមីវិទ្យា,true,208,7c61b4b3,239,false,1,0
/books/សៀវភៅណែនាំគ្រូបង្រៀន-គីមីវិទ្យា-ថ្នាក់ទី៨-stepsam3,សៀវភៅណែនាំគ្រូបង្រៀន គីមីវិទ្យា ថ្នាក់ទី៨ (STEPSAM3),true,313,6125b2a5,1,false,1,0
/books/កំណែគណិតវិទ្យា-ថ្នាក់ទី៤,កំណែគណិតវិទ្យា ថ្នាក់ទី៤,true,243,a1f387f3,12,false,1,0
/books/សៀវភៅលំហាត់-គណិតវិទ្យា-ថ្នាក់ទី២-ន៣,សៀវភៅលំហាត់ គណិតវិទ្យា ថ្នាក់ទី២ ន៣,true,240,405b33b8,1,false,1,0
/books/វិភាគអនុគមន៍,វិភាគអនុគមន៍,true,233,bd1e639d,67,false,1,0
/books/លិខិតបទដ្ឋានគតិយុត្ត-ការគ្រប់គ្រងបុគ្គលិករដ្ឋបាលថ្នាក់ក្រោមជាតិ,លិខិតបទដ្ឋានគតិយុត្ត ការគ្រប់គ្រងបុគ្គលិករដ្ឋបាលថ្នាក់ក្រោមជាតិ,true,358,fbf0ab8e,1,false,1,0
/books/qualitative-data-analysis-a-methods-sourcebook,Qualitative Data Analysis: A Methods Sourcebook,false,394,a7e018d8,1,false,1,1
/books/បញ្ញាសិប្បនិមិ្មត-និងឧបករណ៍ឌីជីថលសម្រាប់ការអប់រំ,បញ្ញាសិប្បនិមិ្មត និងឧបករណ៍ឌីជីថលសម្រាប់ការអប់រំ,true,247,adb6d9bf,9,true,1,0
/books/កម្មវិធីសិក្សាលម្អិត-វិទ្យាសាស្រ្ត,កម្មវិធីសិក្សាលម្អិត_វិទ្យាសាស្រ្ត.,true,232,7018f742,23,true,1,0
/books/ការលើកកម្ពស់សុខភាពសិក្សា,ការលើកកម្ពស់សុខភាពសិក្សា,true,192,bacd6d22,41,true,1,0
/books/the-copai-experience-in-cambodia,The COPAI Experience in Cambodia,true,235,64851361,20,false,1,0
/books/អំប្រ៊ីយ៉ុងវិទ្យា,អំប្រ៊ីយ៉ុងវិទ្យា,true,219,5ce857fa,1,false,1,0
/books/សៀវភៅណែនាំពិសោធន៍ជីវវិទ្យា,សៀវភៅណែនាំពិសោធន៍ជីវវិទ្យា,true,232,ec177daa,6,false,1,0
/books/និតិវិធីនៃការស្រាវជ្រាវ,និតិវិធីនៃការស្រាវជ្រាវ,true,222,adb6d9bf,9,true,1,0
/books/វិញ្ញាសាគណិតវិទ្យាថ្នាក់ទី១២,វិញ្ញាសាគណិតវិទ្យាថ្នាក់ទី១២,true,234,3d4a6881,330,true,1,0
/books/កិច្ចតែងការបង្រៀនមេរៀនទី៤-memory-សតិ,កិច្ចតែងការបង្រៀនមេរៀនទី៤ Memory (សតិ),true,237,330a4d57,4,true,1,0
/books/សៀវភៅណែនាំគ្រូបង្រៀន-ផែនដីវិទ្យា-ថ្នាក់ទី៩-stepsam3,សៀវភៅណែនាំគ្រូបង្រៀន ផែនដីវិទ្យា ថ្នាក់ទី៩ (STEPSAM3),true,276,839519c0,1,false,1,0
/books/សំណួរតេស្តគំរូនៃកម្មវិធីអន្តរជាតិ-pisa-រូបវិទ្យា-ថ្នាក់ទី-៨-សម្,សំណួរតេស្តគំរូនៃកម្មវិធីអន្តរជាតិ(PISA) រូបវិទ្យា ថ្នាក់ទី ៨ (សម្,true,262,7c61b4b3,239,true,1,0
/books/សទ្ទានុក្រមបច្ចេកសព្ទឌីជីថល-និងទូរគមនាគមន៍,សទ្ទានុក្រមបច្ចេកសព្ទឌីជីថល និងទូរគមនាគមន៍,true,333,1805c03f,1,false,1,0
/books/សទ្ទានុក្រមវិទ្យាសាស្ត្រសេដ្ឋកិច្ច,សទ្ទានុក្រមវិទ្យាសាស្ត្រសេដ្ឋកិច្ច,true,246,d3974b48,1,false,1,0
/books/ជំពូកទី១-មេរៀនទី៥-ការថែទាំនិងព្យាបាលអ្នករស់នៅជាមួយមេរោគអេដស៍-ភា,ជំពូកទី១ មេរៀនទី៥៖ ការថែទាំនិងព្យាបាលអ្នករស់នៅជាមួយមេរោគអេដស៍ (ភា,true,233,bacd6d22,41,true,1,0
/books/កំណាព្យអប់រំ-សម្រាប់ទិវាគ្រូបង្រៀន,កំណាព្យអប់រំ សម្រាប់ទិវាគ្រូបង្រៀន,true,215,d0a95ec8,1,false,1,0
/books/សៀវភៅសិក្សាកំព្យូទ័រសម្រេាប់ការបង្រៀន-និងរៀន,សៀវភៅសិក្សាកំព្យូទ័រសម្រេាប់ការបង្រៀន_និងរៀន,true,243,330a4d57,4,true,1,0
/books/វិធីសាស្ត្របង្រៀនតាមបែបវិទ្យាសាស្ត្រ,វិធីសាស្ត្របង្រៀនតាមបែបវិទ្យាសាស្ត្រ,true,228,7018f742,23,true,1,0
/books/សៀវភៅ-ពន្យល់-ពី-របៀប-ប្រើប្រាស់-ប្រព័ន្ធ-ផ្សព្វ-ផ្សាយ-សង្គម,សៀវភៅ​ពន្យល់​ពី​របៀប​ប្រើប្រាស់​ប្រព័ន្ធ​ផ្សព្វ​ផ្សាយ​សង្គម,true,261,59eef3e3,108,false,1,0
/books/ថ្នាក់ទី១-នៅលើ,ថ្នាក់ទី១៖ នៅលើ,true,224,2ee5c7e0,102,false,1,0
/books/sea-plm-2019-national-snapshot-report,SEA-PLM 2019 National Snapshot Report,true,326,7e11aa1d,1,false,1,0
/books/essais-economiques,Essais Economiques,true,256,d6d963bf,1,false,1,0
/books/កំណែសិក្សាសង្គម-វិទ្យាសាស្ត្រ-ថ្នាក់ទី៥,កំណែសិក្សាសង្គម វិទ្យាសាស្ត្រ ថ្នាក់ទី៥,true,259,a1f387f3,12,false,1,0
/books/ផែនការយុទ្ធសាស្រ្ដវិស័យអប់រំឆ្នាំ-២០២៤-២០២៨,ផែនការយុទ្ធសាស្រ្ដវិស័យអប់រំឆ្នាំ ២០២៤ ២០២៨,true,203,b0119433,7,false,1,0
/books/កិច្ចតែងការបង្រៀនរូបវិទ្យាថ្នាក់ទី១១,កិច្ចតែងការបង្រៀនរូបវិទ្យាថ្នាក់ទី១១,true,233,7c61b4b3,239,true,1,0
/books/កិច្ចតែងការភាសាខ្មែរ-ថ្នាក់ទី៨,កិច្ចតែងការភាសាខ្មែរ ថ្នាក់ទី៨,true,222,c0ece1e9,1,false,1,1
/books/ថ្នាក់ទី១-១-២-៣,ថ្នាក់ទី១៖ ១ ២ ៣...,true,228,2ee5c7e0,102,false,1,0
/books/កម្រងកិច្ចការផ្ទះគណិតវិទ្យាថ្នាក់ទី១-សម្រាប់១ឆ្នាំ,កម្រងកិច្ចការផ្ទះគណិតវិទ្យាថ្នាក់ទី១ សម្រាប់១ឆ្នាំ,true,277,c5771d26,18,false,1,0
/books/spss-explained,SPSS Explained,false,232,38f12216,1,false,1,1
/books/ថ្នាក់ទី១០-ផែនដីនិងបរិស្ថានវិទ្យា,ថ្នាក់ទី១០៖ ផែនដីនិងបរិស្ថានវិទ្យា,true,263,7098a849,9,false,1,0
/books/កម្មវិធីសិក្សាលម្អិត-បច្ចេកវិទ្យាព័ត៌មាន-និង-សារគមនាគមន៍-សម្រាប់ថ,កម្មវិធីសិក្សាលម្អិត បច្ចេកវិទ្យាព័ត៌មាន និង សារគមនាគមន៍ សម្រាប់ថ,true,285,ed6bd704,25,true,1,0
/books/ឧត្តមានុវត្តន៍ទី៤-បច្ចេកវិទ្យាអប់រំ-edtech-ធានាការរៀនសូត្រអំឡុ,ឧត្តមានុវត្តន៍ទី៤៖ បច្ចេកវិទ្យាអប់រំ (EdTech) ធានាការរៀនសូត្រអំឡុ,true,280,ed6bd704,25,true,1,0
/books/ការលើកកម្ពស់អាហារូបត្ថម្ភតាមសាលារៀន,ការលើកកម្ពស់អាហារូបត្ថម្ភតាមសាលារៀន,true,194,8fdd08cc,8,false,1,0
/books/lesson-7-google-meet,Lesson 7: Google Meet,true,207,d702efc6,21,false,1,0
/books/ការអនុវត្តវិធីសាស្ត្របង្រៀន-តាមបែបដោះស្រាយបញ្ហា-និងវិធីបង្រៀនតាមប,ការអនុវត្តវិធីសាស្ត្របង្រៀន តាមបែបដោះស្រាយបញ្ហា និងវិធីបង្រៀនតាមប,true,271,3d4a6881,330,true,1,0
/books/cambodian-teacher-educators-attitudes-towards-the-use-of-informa,Cambodian Teacher Educators’ Attitudes towards the Use of Informa,true,421,f690ac2c,1,true,1,0
/books/pc-hardware-a-beginners-guide,PC Hardware A Beginners Guide,true,245,64851361,20,false,1,0
/books/សិក្ខាសាលាស្ដីពី-ការចែករំលែកឧត្តមានុវត្តនៃការអនុវត្តកញ្ចប់សម្ភារៈ,សិក្ខាសាលាស្ដីពី ការចែករំលែកឧត្តមានុវត្តនៃការអនុវត្តកញ្ចប់សម្ភារៈ,true,264,7018f742,23,false,1,0
/books/ការប្រើប្រាស់google-form,ការប្រើប្រាស់google form,true,236,2426146f,37,false,1,0
/books/ក្របខណ្ឌអប់រំស្ទែមកម្រិតសាលារៀន,ក្របខណ្ឌអប់រំស្ទែមកម្រិតសាលារៀន,true,156,afd916a0,1,false,1,0
/books/សៀវភៅអក្ខរកម្មគណិតវិទ្យា-កម្រិត-១,សៀវភៅអក្ខរកម្មគណិតវិទ្យា កម្រិត ១,true,239,3d4a6881,330,true,1,0
/books/កម្រងកិច្ចការផ្ទះភាសាខ្មែរថ្នាក់ទី៦-សម្រាប់១ឆ្នាំ,កម្រងកិច្ចការផ្ទះភាសាខ្មែរថ្នាក់ទី៦ សម្រាប់១ឆ្នាំ,true,275,c5771d26,18,false,1,0
/books/ទំនើបកម្មវិធីសាស្ត្របង្រៀនសម្រាប់សតវត្សទី២១,ទំនើបកម្មវិធីសាស្ត្របង្រៀនសម្រាប់សតវត្សទី២១,true,235,7018f742,23,true,1,0
/books/សត្តវិទ្យា,សត្តវិទ្យា,true,223,5d58fc27,1,false,1,0
/books/ថ្នាក់ទី៣-ចៅដាំ-និងមុខខ្មុកហនុមាន,ថ្នាក់ទី៣៖ ចៅដាំ និងមុខខ្មុកហនុមាន,true,243,2ee5c7e0,102,false,1,0
/books/វិទ្យាសាស្ត្រ-ថ្នាក់ទី៦,វិទ្យាសាស្ត្រ ថ្នាក់ទី៦,true,247,c1127915,36,true,1,0
/books/ថ្នាក់ទី១-កូនចេះ,ថ្នាក់ទី១៖ កូនចេះ,true,226,2ee5c7e0,102,false,1,0
/books/កម្មវិធីសិក្សាលម្អិតបច្ចេវិទ្យាព័ត៌មានវិទ្យា-និងសារគមនាគមន៍ថ្នាល់,កម្មវិធីសិក្សាលម្អិតបច្ចេវិទ្យាព័ត៌មានវិទ្យា និងសារគមនាគមន៍ថ្នាល់,true,254,2ca59a05,1,true,1,0
/books/កិច្ចតែងការបង្រៀន-គីមីវិទ្យា-ថ្នាក់ទី៨,កិច្ចតែងការបង្រៀន គីមីវិទ្យា ថ្នាក់ទី៨,true,236,7c61b4b3,239,true,1,0
/books/មាគ៌ាជីវិត,មាគ៌ាជីវិត,true,191,9ea3bc6e,1,false,1,0
/books/ការសង្គ្រោះផ្លូវចិត្តបឋម,ការសង្គ្រោះផ្លូវចិត្តបឋម,true,225,686ecb43,168,true,1,0
/books/ផែនដីនិងបរិស្ថានវិទ្យា-ថ្នាក់ទី១២,ផែនដីនិងបរិស្ថានវិទ្យា ថ្នាក់ទី១២,true,234,686ecb43,168,true,1,0
/books/mobile-phones-and-internet-use-in-cambodia-2016,Mobile Phones and Internet Use in Cambodia 2016,true,250,64851361,20,false,1,0
/books/បទបង្ហាញស្តីពីកញ្ចប់អំណានថា្នក់ដំបូង,បទបង្ហាញស្តីពីកញ្ចប់អំណានថា្នក់ដំបូង,true,238,1a5a04b9,1,false,1,0
/books/សេចក្តីផ្តើមនីតិភូមិបាល,សេចក្តីផ្តើមនីតិភូមិបាល,true,271,d0f6eb89,1,false,1,0
/books/វិធីសាស្ត្រគ្រប់គ្រងកំហឹង,វិធីសាស្ត្រគ្រប់គ្រងកំហឹង,true,180,6cc49a10,1,false,1,0
/books/សៀវភៅគ្រូគណិតវិទ្យាទី១១-កម្រិតមូលដ្ឋាន,សៀវភៅគ្រូគណិតវិទ្យាទី១១_កម្រិតមូលដ្ឋាន,true,244,3d4a6881,330,true,1,0
/books/កិច្ចតែងការបង្រៀន-គណិតវិទ្យា-ថ្នាក់ទី១១,កិច្ចតែងការបង្រៀន គណិតវិទ្យា ថ្នាក់ទី១១,true,265,4aa990db,6,false,1,0
/books/មេរៀនទី១-ចំនួនគត់,មេរៀនទី១ ចំនួនគត់,true,218,686ecb43,168,true,1,0
/books/គីមីវិទ្យា-ថ្នាក់-ទី-៨-ជំពូកទី១-មេរៀន-ទី-២-និមិត្តសញ្ញា-រូបមន្ត,គីមីវិទ្យា ថ្នាក់​ទី​​៨ ជំពូកទី១ មេរៀន​ទី​២៖ និមិត្តសញ្ញា រូបមន្ត,true,263,7c61b4b3,239,true,1,0
/books/ស្តង់ដាសាលាមធ្យមសិក្សាគំរូ,ស្តង់ដាសាលាមធ្យមសិក្សាគំរូ,true,184,b8902bb3,3,false,1,0
/books/ការអប់រំបំណិនជីវិតស្ដីពីសុខភាពបន្តពូជ-និងសុខភាពផ្លូវភេទ-1,ការអប់រំបំណិនជីវិតស្ដីពីសុខភាពបន្តពូជ និងសុខភាពផ្លូវភេទ,true,223,bacd6d22,41,false,1,0
/books/សទ្ទានុក្រមវិទ្យាសាស្រ្ត-និងបច្ចេកវិទ្យា,សទ្ទានុក្រមវិទ្យាសាស្រ្ត និងបច្ចេកវិទ្យា,true,266,e282bd41,1,false,1,0
/books/គន្លឹះខ្លីៗក្នុងការប្រើប្រាស់កម្មវិធី-ms-excel-1,គន្លឹះខ្លីៗក្នុងការប្រើប្រាស់កម្មវិធី MS. Excel,true,259,2426146f,37,true,1,0
/books/អ្នកដឹកនាំនៃភពផែនដី,អ្នកដឹកនាំនៃភពផែនដី,true,220,686ecb43,168,true,1,0
/books/31-lectures-on-the-international-law-of-the-sea,31 Lectures on the International Law of the Sea,true,284,5dadada5,1,false,1,0
/books/ថ្នាក់ទី៣-បូបូជាទីស្រឡាញ់,ថ្នាក់ទី៣៖ បូបូជាទីស្រឡាញ់,true,235,2ee5c7e0,102,false,1,0
/books/វគ្គបណ្តុះបណ្តាល-ស្តីពីការប្រើ-blookit-ជាល្បែង-សិក្សាសម្រាប់បង្រៀ,វគ្គបណ្តុះបណ្តាល ស្តីពីការប្រើ Blookit ជាល្បែង សិក្សាសម្រាប់បង្រៀ,true,277,2426146f,37,true,1,0
/books/សុវត្ថិភាពអនឡាញសម្រាប់កុមារ-សៀវភៅសិស្ស,សុវត្ថិភាពអនឡាញសម្រាប់កុមារ (សៀវភៅសិស្ស),true,243,2426146f,37,true,1,0
/books/កិច្ចតែងការបង្រៀន-គណិតវិទ្យា-ថ្នាក់ទី៧,កិច្ចតែងការបង្រៀន គណិតវិទ្យា ថ្នាក់ទី៧,true,263,4aa990db,6,false,1,0
/books/បណ្ដុំសំណេរតែងសេចក្តី-ភាគ-១,បណ្ដុំសំណេរតែងសេចក្តី ភាគ ១,true,286,a8b6dbe8,1,false,1,0
/books/សៀវភៅណែនាំគ្រូស្ដីពី-របៀបផលិត-និងប្រើប្រាស់សម្ភារៈគណិតវិទ្យាថ្នាក,សៀវភៅណែនាំគ្រូស្ដីពី របៀបផលិត និងប្រើប្រាស់សម្ភារៈគណិតវិទ្យាថ្នាក,true,271,3d4a6881,330,false,1,0
/books/សៀវភៅកិច្ចការផ្ទះផែនដីវិទ្យាថ្នាក់ទី១០,សៀវភៅកិច្ចការផ្ទះផែនដីវិទ្យាថ្នាក់ទី១០,true,240,7018f742,23,true,1,0
/books/sea-plm-2019-main-national-report,SEA-PLM 2019 Main National Report,true,327,66664051,1,false,1,0
/books/assessing-technology-readiness-of-students-and-teachers-in-cambod,Assessing Technology Readiness of Students and Teachers in Cambod,true,273,abcba533,5,false,1,0
/books/សៀវភៅ-មេរៀន-ms-excel,សៀវភៅ មេរៀន Ms Excel,true,232,2426146f,37,true,1,0
/books/គណិតវិទ្យា-ថ្នាក់-ទី-៩-មេរៀន-ទី-២-សមាមាត្រ,គណិតវិទ្យា ថ្នាក់​ទី​៩ មេរៀន​ទី​២៖ សមាមាត្រ​,true,250,3d4a6881,330,true,1,0
/books/handbook-of-quantitative-methods-for-educational-research,Handbook of Quantitative Methods for Educational Research,true,210,63b292e6,1,false,1,0
/books/សង្ខេបវិធីសាស្ត្របង្រៀនតាមបែបសិស្សមជ្ឈមណ្ឌល,សង្ខេបវិធីសាស្ត្របង្រៀនតាមបែបសិស្សមជ្ឈមណ្ឌល,true,230,3861ee6a,8,false,1,0
/books/ពីជគណិតថ្នាក់ទី៩,ពីជគណិតថ្នាក់ទី៩,true,222,3d4a6881,330,false,1,0
/books/ថ្នាលអភិវឌ្ឍសមត្ថភាព,ថ្នាលអភិវឌ្ឍសមត្ថភាព,true,163,7fe0c56b,5,false,1,0
/books/កម្មវិធីសិក្សាលម្អិត-វិទ្យាសាស្រ្ត-បឋមសិក្សា,កម្មវិធីសិក្សាលម្អិត វិទ្យាសាស្រ្ត (បឋមសិក្សា),true,243,7018f742,23,true,1,0
/books/ប្រវត្តិសាស្ត្រប្រទេសកម្ពុជា,ប្រវត្តិសាស្ត្រប្រទេសកម្ពុជា,true,323,83af2c36,1,false,1,0
/books/សៀវភៅកិច្ចការផ្ទះ-គណិតវិទ្យា-ថ្នាក់ទី១២,សៀវភៅកិច្ចការផ្ទះ គណិតវិទ្យា (ថ្នាក់ទី១២),true,247,3d4a6881,330,true,1,0
/books/គីមីវិទ្យា-ថ្នាក់-ទី-៩-ជំពូកទី១-មេរៀន-ទី-២-លក្ខណៈធាតុតាមក្រុម,គីមីវិទ្យា ថ្នាក់​ទី​​៩ ជំពូកទី១ មេរៀន​ទី​២៖ លក្ខណៈធាតុតាមក្រុម,true,261,7c61b4b3,239,true,1,0
/books/គីមីសរីរាង្គ-ភាគ១,គីមីសរីរាង្គ ភាគ១,true,223,3d4a6881,330,true,1,0
/books/competency-based-language-teaching-in-higher-education,Competency-based Language Teaching in Higher Education,true,208,9802890a,1,false,1,0
/books/comprehensive-sexuality-education-in-cambodia,Comprehensive Sexuality Education in Cambodia,true,262,bd1e639d,67,true,1,0
/books/ប្រជុំវិញ្ញាសាគីមីវិទ្យាថ្នាក់ទី១២-ភាគ-ii-1997,ប្រជុំវិញ្ញាសាគីមីវិទ្យាថ្នាក់ទី១២ (ភាគ II) (1997),true,248,7c61b4b3,239,true,1,0
/books/methodology-of-educational-research-and-statistics,Methodology of Educational Research and Statistics,true,223,d3684420,1,false,1,0
/books/សត្តវិទ្យា-1st-edition,សត្តវិទ្យា (1st Edition),true,197,91de563e,1,false,1,0
/books/ថ្នាក់ទី២-គណិតវិទ្យា,ថ្នាក់ទី២៖ គណិតវិទ្យា,true,247,bb49e20d,76,false,1,0
/books/សទ្ទានុក្រមវេជ្ជសាស្រ្ត-និងកសិកម្ម,សទ្ទានុក្រមវេជ្ជសាស្រ្ត និងកសិកម្ម,true,252,c063903f,1,false,1,0
/books/education-research-in-the-public-interest,Education Research in the Public Interest,true,284,2efae816,1,false,1,2
/books/កម្មវិធីសិក្សាលម្អិត-អប់រំសិល្បះ-ថ្នាក់ទី១-៦,កម្មវិធីសិក្សាលម្អិត អប់រំសិល្បះ ថ្នាក់ទី១-៦,true,262,83f747b2,10,false,1,0
/books/សៀវភៅណែនាំគ្រូបង្រៀន-ផែនដីវិទ្យា-ថ្នាក់ទី៨-stepsam3,សៀវភៅណែនាំគ្រូបង្រៀន ផែនដីវិទ្យា ថ្នាក់ទី៨ (STEPSAM3),true,297,6e945cfb,1,false,1,0
/books/educational-multimedia,Educational Multimedia,true,229,64851361,20,true,1,0
/books/សិល្បៈនៃការគិតគណិតវិទ្យា,សិល្បៈនៃការគិតគណិតវិទ្យា,true,230,3d4a6881,330,true,1,0
/books/ការប្រើប្រាស់បច្ចេកវិទ្យាឌីជីថលជំនួយវិធីសាស្រ្តបង្រៀនបែបថ្មី-code,ការប្រើប្រាស់បច្ចេកវិទ្យាឌីជីថលជំនួយវិធីសាស្រ្តបង្រៀនបែបថ្មី Code,true,285,ed6bd704,25,true,1,0
/books/ថ្នាក់ទី២-អាប៊ុំសុំទៅដែរ,ថ្នាក់ទី២៖ អាប៊ុំសុំទៅដែរ,true,234,2ee5c7e0,102,false,1,0
/books/កំណែលំហាត់-ដេរីវនៃអនុគមន៍អ៊ិចស៉្បូណង់ស្យែល-៣០-លំហាត់,កំណែលំហាត់ ដេរីវនៃអនុគមន៍អ៊ិចស៉្បូណង់ស្យែល ៣០ លំហាត់,true,253,686ecb43,168,true,1,0
/books/កំណែភាសាខ្មែរ-ថ្នាក់ទី៥,កំណែភាសាខ្មែរ ថ្នាក់ទី៥,true,241,a1f387f3,12,false,1,0
/books/បណ្ដុំសំណេរតែងសេចក្តី-ភាគ-៣,បណ្ដុំសំណេរតែងសេចក្តី ភាគ ៣,true,295,9c26f398,1,false,1,0
/books/book-of-ibl-physics,Book of IBL Physics,true,181,8fdd08cc,8,false,1,0
/books/student-assessment-manual-khmer-moeys-approved,"Student Assessment Manual (Khmer, MoEYS-approved)",true,216,922b8d7c,4,false,1,0
/books/techno-science-research-journal,Techno-Science Research Journal,true,234,64851361,20,false,1,0
/books/សៀវភៅជំនួយភាសាខ្មែរ-ថ្នាក់ទី៣,សៀវភៅជំនួយភាសាខ្មែរ ថ្នាក់ទី៣,true,258,13528249,1,false,1,0
/books/key-ideas-in-educational-research,Key Ideas in Educational Research,true,194,42ffbb02,1,false,1,0
/books/សៀវភៅ-កូនស្វាឆ្លាត-ប៤-មេរៀនទី១១-ដល់-ទី១៣,សៀវភៅ កូនស្វាឆ្លាត ប៤ មេរៀនទី១១ ដល់ ទី១៣,true,241,686ecb43,168,true,1,0
/books/pedagogy-and-practice-leadership-guide,Pedagogy and Practice: Leadership Guide,true,298,fd9e32c5,1,false,1,0
/books/សៀវភៅកិច្ចការផ្ទះគណិតវិទ្យាថ្នាក់ទី១០-ភាគ-០២,សៀវភៅកិច្ចការផ្ទះគណិតវិទ្យាថ្នាក់ទី១០ (ភាគ ០២),true,252,3d4a6881,330,true,1,0
/books/សៀវភៅកុំព្យូទ័រ,សៀវភៅកុំព្យូទ័រ,true,234,67071660,34,true,1,0
/books/ឯកសារជំនួយការប្រើប្រាស់-សាលាឌីជីថល,ឯកសារជំនួយការប្រើប្រាស់ សាលាឌីជីថល,true,233,adb6d9bf,9,true,1,0
/books/ឯកសារ-បណ្ដាញ-ចំណេះដឹង-សម្រាប់-សិស្ស-ស្វ័យ-សិក្សា-គណិតវិទ្យា-កម្រ,ឯកសារ​បណ្ដាញ​ចំណេះដឹង​សម្រាប់​សិស្ស​ស្វ័យ​សិក្សា គណិតវិទ្យា (កម្រ,true,271,3d4a6881,330,true,1,0
/books/ថ្នាក់ទី១-បូបូរៀបចំទៅសាលារៀន,ថ្នាក់ទី១៖ បូបូរៀបចំទៅសាលារៀន,true,238,2ee5c7e0,102,false,1,0
/books/កិច្ចតែងការភាសាខ្មែរ-ថ្នាក់ទី១១,កិច្ចតែងការភាសាខ្មែរ ថ្នាក់ទី១១,true,228,22576da8,1,false,1,0
/books/network-project-implementation-in-linux,Network Project Implementation in Linux,true,241,59eef3e3,108,true,1,0
/books/កម្មវិធីសិក្សាលម្អិត-មុខវិជ្ជា-កុំព្យូទ័រ-សម្រាប់-កម្រិតបឋមសិក្សា,កម្មវិធីសិក្សាលម្អិត មុខវិជ្ជា កុំព្យូទ័រ សម្រាប់ កម្រិតបឋមសិក្សា,true,285,ed6bd704,25,true,1,0
/books/គីមីទូទៅ១-ឆ្នាំទី១,គីមីទូទៅ១ ឆ្នាំទី១,true,218,0c2f5205,1,true,1,0
/books/គណិតវិទ្យា-ថ្នាក់ទី៣,គណិតវិទ្យា ថ្នាក់ទី៣,true,241,bd1e639d,67,true,1,0
/books/គេហសេដ្ឋកិច្ចវិទ្យា,គេហសេដ្ឋកិច្ចវិទ្យា,true,247,cfeef2d6,1,false,1,0
/books/វិញ្ញាសាគណិតវិទ្យា,វិញ្ញាសាគណិតវិទ្យា,true,224,3d4a6881,330,true,1,0
/books/កូនស្វាឆ្លាត-កម្រិត-a3-សៀវភៅគ្រូ,កូនស្វាឆ្លាត កម្រិត A3 (សៀវភៅគ្រូ),true,230,3ee677b6,5,false,1,0
/books/artificial-intelligence,ARTIFICIAL INTELLIGENCE,true,321,eaabe0c6,1,false,1,1
/books/ការអភិវឌ្ឍភាសា-និងទ្រឹស្តីនៃការអភិវឌ្ឍកុមារ-1,ការអភិវឌ្ឍភាសា និងទ្រឹស្តីនៃការអភិវឌ្ឍកុមារ,true,226,366a0ecb,1,false,1,0
/books/កំណែគណិតវិទ្យាថ្នាក់ទី៩,កំណែគណិតវិទ្យាថ្នាក់ទី៩,true,244,bd1e639d,67,true,1,0
/books/សទ្ទានុក្រមវិទ្យាសាស្រ្តនយោបាយ-និងការទូត,សទ្ទានុក្រមវិទ្យាសាស្រ្តនយោបាយ និងការទូត,true,296,ad09c6f8,1,false,1,0
/books/យុទ្ធសាស្រ្តអប់រំឌីជីថលសម្រាប់សាលារៀន,យុទ្ធសាស្រ្តអប់រំឌីជីថលសម្រាប់សាលារៀន,true,239,59eef3e3,108,true,1,0
/books/មេរៀនទី២-ច្បាប់ទី១ទែម៉ូឌីណាមិច1,មេរៀនទី២_ច្បាប់ទី១ទែម៉ូឌីណាមិច1,true,232,686ecb43,168,true,1,0
/books/ការអប់រំបំណិនជីវិតស្តីពីបរិស្ថាន,ការអប់រំបំណិនជីវិតស្តីពីបរិស្ថាន,true,293,0dbf650d,1,false,1,0
/books/គណិតវិទ្យា-2,គណិតវិទ្យា,true,216,3d4a6881,330,true,1,0
/books/ភាពចែកដាច់-និង-វិធីចែកអឺគ្លីត,ភាពចែកដាច់ និង វិធីចែកអឺគ្លីត,true,253,c1127915,36,false,1,0
/books/គម្រោងការចិញ្ចឹមជ្រូកសាច់,គម្រោងការចិញ្ចឹមជ្រូកសាច់,true,227,59eef3e3,108,true,1,0
/books/រដ្ឋបាលសាធារណៈ,រដ្ឋបាលសាធារណៈ,true,226,aa291e4e,1,false,1,0
/books/ហែម-ចៀវ-វីរបុរសជាតិ,ហែម ចៀវ វីរបុរសជាតិ,true,178,0f98010a,1,false,1,0
/books/ថ្នាក់ទី១-ខ្ញុំចង់បាន,ថ្នាក់ទី១៖ ខ្ញុំចង់បាន,true,231,2ee5c7e0,102,false,1,0
/books/វិធីគុណ,វិធីគុណ,true,213,3d4a6881,330,true,1,0
/books/បទបង្ហាញទី១-ការពង្រឹងអភិបាលកិច្ចសាលារៀន,បទបង្ហាញទី១៖ ការពង្រឹងអភិបាលកិច្ចសាលារៀន,true,199,b0119433,7,false,1,0
/books/សៀវភៅគ្រូអក្ខរកម្មឌីជីថលសម្រាប់មធ្យមសិក្សា-កម្រិតមូលដ្ឋាន,សៀវភៅគ្រូអក្ខរកម្មឌីជីថលសម្រាប់មធ្យមសិក្សា(កម្រិតមូលដ្ឋាន),true,257,330a4d57,4,true,1,0
/books/ការណែនាំពីការប្រើប្រាស់បញ្ញាសិប្បនិមិ្មត-ai-ជំនួយដល់ការរៀន-និងប,ការណែនាំពីការប្រើប្រាស់បញ្ញាសិប្បនិមិ្មត (AI) ជំនួយដល់ការរៀន និងប,true,267,59eef3e3,108,true,1,0
/books/មូលដ្ឋានគ្រឹះទូរគមនាគមន៍,មូលដ្ឋានគ្រឹះទូរគមនាគមន៍,true,226,59eef3e3,108,true,1,0
/books/qualitative-research-a-guide-to-design-and-implementation-2nd-edition,Qualitative Research: A Guide to Design and Implementation (2nd Edition),false,218,36ac773e,1,false,1,0
/books/គណិតវិទ្យាជុំវិញពិភពលោក,គណិតវិទ្យាជុំវិញពិភពលោក,true,244,bd1e639d,67,true,1,0
/books/កម្មវិធីសិក្សាលម្អិតគណិតវិទ្យា-កម្រិតមធ្យមសិក្សាបឋមភូមិ,កម្មវិធីសិក្សាលម្អិតគណិតវិទ្យា កម្រិតមធ្យមសិក្សាបឋមភូមិ,true,261,3d4a6881,330,true,1,0
/books/ថ្នាក់ទី១២-អក្សរសាស្ត្រខ្មែរ,ថ្នាក់ទី១២៖ អក្សរសាស្ត្រខ្មែរ,true,255,bb49e20d,76,false,1,0
/books/informatics-education,Informatics Education,true,223,64851361,20,true,1,0
/books/ការប្រើប្រាស់កម្មវិធី-កុំព្យូទ័រសម្រាប់ការងារបោះពុម្ព,ការប្រើប្រាស់កម្មវិធី កុំព្យូទ័រសម្រាប់ការងារបោះពុម្ព,true,272,67071660,34,false,1,0
/books/គោលនយោបាយ-អភិវឌ្ឍបច្ចេកវិទ្យាហិរញ្ញវត្ថុកម្ពុជា-២០២៣-២០២៨,គោលនយោបាយ អភិវឌ្ឍបច្ចេកវិទ្យាហិរញ្ញវត្ថុកម្ពុជា ២០២៣-២០២៨,true,276,67071660,34,true,1,0
/books/publication-manual-of-the-american-psychological-association-6th-edition,Publication Manual of the American Psychological Association (6th Edition),true,191,88803019,1,false,1,0
/books/កម្រងវិញ្ញាសាប្រឡងសញ្ញាបត្រមធ្យមសិក្សាទុតិយភូមិ-ឆ្នាំ២០១៤-២០១៧,កម្រងវិញ្ញាសាប្រឡងសញ្ញាបត្រមធ្យមសិក្សាទុតិយភូមិ ឆ្នាំ២០១៤-២០១៧,true,280,41b9435b,2,false,1,0
/books/ប្រវត្តិសាស្ត្រកម្ពុជា,ប្រវត្តិសាស្ត្រកម្ពុជា,true,234,44804077,1,false,1,0
/books/introduction-to-electodynamics-fourth-edition,INTRODUCTION TO ELECTODYNAMICS fourth edition,false,269,c1127915,36,false,1,0
/books/កាតសម្រាប់ការសរសេរកូដ-scratch,កាតសម្រាប់ការសរសេរកូដ Scratch,true,231,59eef3e3,108,true,1,0
/books/ចម្លើយកោនិចនិងរូបរាងក្នុងលំហ,ចម្លើយកោនិចនិងរូបរាងក្នុងលំហ,true,230,59eef3e3,108,true,1,0
/books/ការផលិតប្រេងកូឡាបណ្តេញមូសតាមបែបធម្មជាតិ,ការផលិតប្រេងកូឡាបណ្តេញមូសតាមបែបធម្មជាតិ,true,240,686ecb43,168,true,1,0
/books/សមិទ្ធផល១០ឆ្នាំនៃគ្រឹះស្ថានបណ្ដុះបណ្ដាលគ្រូ-ttis,សមិទ្ធផល១០ឆ្នាំនៃគ្រឹះស្ថានបណ្ដុះបណ្ដាលគ្រូ (TTIs),true,209,b0119433,7,false,1,0
/books/មូលដ្ឋានគ្រឹះគណិតវិភាគ,មូលដ្ឋានគ្រឹះគណិតវិភាគ,true,243,bd1e639d,67,false,1,0
/books/ក្លឹបថតរូប,ក្លឹបថតរូប,true,200,1359c09c,4,false,1,0
/books/elementary-survey-sampling-7th-edition,Elementary Survey Sampling (7th Edition),true,207,46a93801,1,false,1,0
/books/ថ្នាក់ទី១១-ភូមិវិទ្យា,ថ្នាក់ទី១១៖ ភូមិវិទ្យា,true,250,bb49e20d,76,false,1,0
/books/សទ្ទានុក្រមពាក្យផ្ទុយ,សទ្ទានុក្រមពាក្យផ្ទុយ,true,211,c8b80f61,1,false,1,0
/books/ប្រវត្តិសាស្ត្រខ្មែរ-ពាក្យកាព្យរបស់-ឌឿ-វ៉ាន់,ប្រវត្តិសាស្ត្រខ្មែរ ពាក្យកាព្យរបស់ ឌឿ វ៉ាន់,true,312,d5e48ad5,1,false,1,2
/books/កម្មវិធីសិក្សាលម្អិត-ភាសាបារាំង-ថ្នាក់ទី១-៦,កម្មវិធីសិក្សាលម្អិត ភាសាបារាំង ថ្នាក់ទី១-៦,true,260,83f747b2,10,false,1,0
/books/ស្តង់ដាសំរាប់-ទឹកម្ទេស,ស្តង់ដាសំរាប់ ទឹកម្ទេស,true,228,8db1d2a1,13,true,1,0
/books/របាយការណ៍ស្រាវជ្រាវលើកតម្លៃ-lap-កុំព្យូទ័រនៅអនុវិទ្យាល័យខ្នាចរមាស,របាយការណ៍ស្រាវជ្រាវលើកតម្លៃ LAP កុំព្យូទ័រនៅអនុវិទ្យាល័យខ្នាចរមាស,true,281,918fcf7c,1,false,1,3
/books/សៀវភៅកិច្ចការផ្ទះ-គណិតវិទ្យា-ថ្នាក់ទី១១-ភាគ២,សៀវភៅកិច្ចការផ្ទះ គណិតវិទ្យា (ថ្នាក់ទី១១) ភាគ២,true,252,3d4a6881,330,true,1,0
/books/microsoft-excel-2010-product-guide,Microsoft Excel 2010 Product Guide,true,246,2426146f,37,false,1,0
/books/book-of-5es-ict,Book of 5Es ICT,true,201,d702efc6,21,false,1,0
/books/កម្រងវិញ្ញាសាប្រឡងសញ្ញាបត្រមធ្យមសិក្សាទុតិយភូមិ-ថ្នាក់វិទ្យាសាស្ត្រសង្គម-ឆ្នាំ២០១៨,កម្រងវិញ្ញាសាប្រឡងសញ្ញាបត្រមធ្យមសិក្សាទុតិយភូមិ ថ្នាក់វិទ្យាសាស្ត្រសង្គម ឆ្នាំ២០១៨,true,300,41b9435b,2,false,1,0
/books/ជម្រើសលំហាត់អនុគមន៍ត្រីកោណមាត្រ,ជម្រើសលំហាត់អនុគមន៍ត្រីកោណមាត្រ,true,237,3d4a6881,330,true,1,0
/books/ថ្នាក់ទី១-ពេលវេលារបស់មូមូ,ថ្នាក់ទី១៖ ពេលវេលារបស់មូមូ,true,235,2ee5c7e0,102,false,1,0
/books/how-to-use-google-suite,How to use Google Suite,true,235,2426146f,37,true,1,0
/books/ស្តង់ដាសម្រាប់មីកញ្ចប់,ស្តង់ដាសម្រាប់មីកញ្ចប់,true,228,8db1d2a1,13,true,1,0
/books/កិច្ចតែងការវិទ្យាសាស្ត្រ-និងសិក្សាសង្គម-ថ្នាក់ទី១,កិច្ចតែងការវិទ្យាសាស្ត្រ និងសិក្សាសង្គម ថ្នាក់ទី១,true,241,7018f742,23,false,1,0
/books/សៀវភៅណែនាំគ្រូបង្រៀន-ផែនដីវិទ្យា-ថ្នាក់ទី៧-stepsam3,សៀវភៅណែនាំគ្រូបង្រៀន ផែនដីវិទ្យា ថ្នាក់ទី៧ (STEPSAM3),true,304,5d40a7ae,1,false,1,0
/books/សៀវភៅគ្រូ-អក្ខរកម្មឌីជីថល-សម្រាប់មធ្យមសិក្សាកម្រិតខ្ពស់,សៀវភៅគ្រូ អក្ខរកម្មឌីជីថល សម្រាប់មធ្យមសិក្សាកម្រិតខ្ពស់,true,293,05c9dcf8,1,false,1,0
/books/កម្មវិធីសិក្សាលម្អិត-ជីវវិទ្យា-កម្រិតមធ្យមសិក្សាបឋមភូមិ,កម្មវិធីសិក្សាលម្អិត ជីវវិទ្យា កម្រិតមធ្យមសិក្សាបឋមភូមិ,true,252,7c61b4b3,239,true,1,0
/books/the-action-research-guidebook-a-four-step-process,The Action Research Guidebook: A Four-Step Process,true,300,a85d0894,1,false,1,0
/books/សៀវភៅសិស្សអក្ខរកម្មឌីជីថលសម្រាប់មធ្យមសិក្សា-កម្រិតខ្ពស់,សៀវភៅសិស្សអក្ខរកម្មឌីជីថលសម្រាប់មធ្យមសិក្សា(កម្រិតខ្ពស់),true,259,2426146f,37,true,1,0
/books/មេរៀនទី៥-ការប្រើប្រាស់-google-slide,មេរៀនទី៥ ការប្រើប្រាស់ Google Slide,true,237,59eef3e3,108,true,1,0
/books/ថ្នាក់ទី១២-english,ថ្នាក់ទី១២៖ English,true,240,bb036af9,15,false,1,0
/books/សព្ទវចនាធិប្បាយផែនដី-និងបរិស្ថានវិទ្យា,សព្ទវចនាធិប្បាយផែនដី និងបរិស្ថានវិទ្យា,true,239,686ecb43,168,true,1,0
/books/ms-excel-2010-ជាភាសាខ្មែរ-កម្រិតខ្ពស់,MS Excel 2010 ជាភាសាខ្មែរ កម្រិតខ្ពស់,true,249,2426146f,37,false,1,0
/books/អ្នកចម្រៀង-រស់-សេរីសុទ្ធា,អ្នកចម្រៀង រស់ សេរីសុទ្ធា,true,217,6b3b17ea,10,false,1,0
/books/moeys-capacity-development-platform,MoEYS Capacity Development Platform,true,223,310e5e2c,1,false,1,0
/books/អត្តសញ្ញាណកម្មមេតាណុល-សន្លឹកកិច្ចការ-តេស្តអ៉ីយ៉ូដូហ្វម,អត្តសញ្ញាណកម្មមេតាណុល(សន្លឹកកិច្ចការ​​ តេស្តអ៉ីយ៉ូដូហ្វម),true,255,7c61b4b3,239,true,1,0
/books/ថ្នាក់ទី១-សាឃើញដា,ថ្នាក់ទី១៖ សាឃើញដា,true,227,2ee5c7e0,102,false,1,0
/books/ថ្នាក់ទី២-វិទ្យាសាស្ត្រ-សិក្សាសង្គម,ថ្នាក់ទី២៖ វិទ្យាសាស្ត្រ សិក្សាសង្គម,true,263,bb49e20d,76,false,1,0
/books/គីមីសរីរាង្គ,គីមីសរីរាង្គ,true,210,7c61b4b3,239,true,1,0
/books/កញ្ចប់ឯកសារ-ការសិក្សាបំប៉នបន្ថែម-គណិតវិទ្យា-ថ្នាក់ទី២,កញ្ចប់ឯកសារ ការសិក្សាបំប៉នបន្ថែម គណិតវិទ្យា (ថ្នាក់ទី២),true,261,3d4a6881,330,true,1,0
/books/ការប្រើប្រាស់បច្ចេកវិទ្យាឌីជីថលជំនួយវិធីសាស្រ្តបង្រៀនបែបថ្មី-near,ការប្រើប្រាស់បច្ចេកវិទ្យាឌីជីថលជំនួយវិធីសាស្រ្តបង្រៀនបែបថ្មី Near,true,285,ed6bd704,25,true,1,0
/books/កម្មវិធីសិក្សាភាសាខ្មែរ-ថ្នាក់ទី១-៦-ជំនាន់ចុងក្រោយ-msr,កម្មវិធីសិក្សាភាសាខ្មែរ ថ្នាក់ទី១-៦ (ជំនាន់ចុងក្រោយ MSR),true,273,83f747b2,10,false,1,0
/books/រុក្ខសរីរវិទ្យា-1st-edition,រុក្ខសរីរវិទ្យា (1st Edition),true,194,c6a6232e,1,false,1,0
/books/កម្មវិធីសិក្សាគណិតវិទ្យា-ថ្នាក់ទី១-៦-ជំនាន់ចុងក្រោយ-msr,កម្មវិធីសិក្សាគណិតវិទ្យា ថ្នាក់ទី១-៦ (ជំនាន់ចុងក្រោយ MSR),true,274,83f747b2,10,false,1,0
/books/ការអភិវឌ្ឍកុមារផ្សារភ្ជាប់នឹងការអប់រំបឋមសិក្សា-ថ្នាក់ទី៤-៦,ការអភិវឌ្ឍកុមារផ្សារភ្ជាប់នឹងការអប់រំបឋមសិក្សា ថ្នាក់ទី៤-៦,true,232,e265a5fb,2,false,1,0
/books/ថ្នាក់ទី២-យានជំនិះទៅសាលារៀន,ថ្នាក់ទី២៖ យានជំនិះទៅសាលារៀន,true,235,86fbd334,11,false,1,0
/books/ថ្នាក់ទី១-លលក,ថ្នាក់ទី១៖ លលក,true,223,2ee5c7e0,102,false,1,0
/books/ទស្សនាវដ្តីស្រាវជ្រាវកម្ពុជាសម្រាប់ការអប់រំ-និងស្ទែម-ឆ្នាំទី៣-លេខ,ទស្សនាវដ្តីស្រាវជ្រាវកម្ពុជាសម្រាប់ការអប់រំ និងស្ទែម ឆ្នាំទី៣ លេខ,true,258,314bb48c,6,true,1,0
/books/រុក្ខវិទ្យា,រុក្ខវិទ្យា,true,214,afcf45d0,1,false,1,0
/books/សៀវភៅលំហាត់-គណិតវិទ្យា-ថ្នាក់ទី៣-ប២,សៀវភៅលំហាត់ គណិតវិទ្យា ថ្នាក់ទី៣ ប២,true,242,bef70117,1,false,1,0
/books/ការជម្រុញការចូលរួមរបស់សហគមន៍-តាមរយៈមូលនិធិសមធម៌អប់រំ,ការជម្រុញការចូលរួមរបស់សហគមន៍ តាមរយៈមូលនិធិសមធម៌អប់រំ,true,211,b0119433,7,false,1,0
/books/បណ្ដុំសំណេរតែងសេចក្តី-ភាគ-២,បណ្ដុំសំណេរតែងសេចក្តី ភាគ ២,true,294,5744972e,1,false,1,0
/books/ការកំណត់ទីតាំងសាលារៀនតាមរយៈកម្មវិធីទូរសព្ទដៃ,ការកំណត់ទីតាំងសាលារៀនតាមរយៈកម្មវិធីទូរសព្ទដៃ,true,246,59eef3e3,108,true,1,0
/books/គន្លឹះស្វ៊ីតចំនួនពិត,គន្លឹះស្វ៊ីតចំនួនពិត,true,226,3d4a6881,330,true,1,0
/books/ថ្នាក់ទី១-ម៉ែថា,ថ្នាក់ទី១៖ ម៉ែថា,true,225,2ee5c7e0,102,false,1,0
/books/ភាសាខ្មែរ-ថ្នាក់ទី១,ភាសាខ្មែរ ថ្នាក់ទី១,true,243,c1127915,36,true,1,0
/books/ការអប់រំបែបឌីជីថល,ការអប់រំបែបឌីជីថល,true,219,59eef3e3,108,true,1,0
/books/ការប្រើបច្ចេកវិទ្យា-នៅក្នុងការបង្រៀន-និងរៀន,ការប្រើបច្ចេកវិទ្យា នៅក្នុងការបង្រៀន និងរៀន,true,258,ed6bd704,25,true,1,0
/books/ដេរីវេ-និងការអនុវត្តន៍,ដេរីវេ និងការអនុវត្តន៍,true,228,3d4a6881,330,true,1,0
/books/ថ្នាក់ទី១-ងូតទឹកភ្លៀង,ថ្នាក់ទី១៖ ងូតទឹកភ្លៀង,true,231,2ee5c7e0,102,false,1,0
/books/សៀវភៅវគ្គបំប៉នគ្រូវិទ្យាល័យស្ដីពី-ការថែទាំកុំព្យូទ័រ-និងគ្រប់គ្រង,សៀវភៅវគ្គបំប៉នគ្រូវិទ្យាល័យស្ដីពី ការថែទាំកុំព្យូទ័រ និងគ្រប់គ្រង,true,284,67071660,34,true,1,0
/books/ការអនុវត្តវិធីសាស្ត្របង្រៀន-វិធីវិទ្យាសាស្ត្រ-និងវិធីបង្រៀន-តាមបែ,ការអនុវត្តវិធីសាស្ត្របង្រៀន វិធីវិទ្យាសាស្ត្រ និងវិធីបង្រៀន តាមបែ,true,271,3d4a6881,330,true,1,0
/books/វិទ្យាសាស្ត្រ-ថ្នាក់ទី៩,វិទ្យាសាស្ត្រ ថ្នាក់ទី៩,true,247,c1127915,36,false,1,0
/books/កម្រងកិច្ចការផ្ទះភាសាខ្មែរ-និងគណិតវិទ្យាថ្នាក់ទី៣,កម្រងកិច្ចការផ្ទះភាសាខ្មែរ និងគណិតវិទ្យាថ្នាក់ទី៣,true,276,c5771d26,18,false,1,0
/books/វិញ្ញាសាត្រៀមប្រឡង២០២៣-២០២៤,វិញ្ញាសាត្រៀមប្រឡង២០២៣-២០២៤,true,233,3d4a6881,330,true,1,0
/books/ជីវវិទ្យា-ថ្នាក់ទី៩-មេរៀនទី-៣-ដង្ហើមរុក្ខជាតិ,ជីវវិទ្យា ថ្នាក់ទី៩ មេរៀនទី ៣៖ ដង្ហើមរុក្ខជាតិ,true,243,7c61b4b3,239,true,1,2
/books/បៀប-ប្រើ-ប្រាស់-កម្មវិធី-អ៊ីមែល-មយូរា-និង-ការ-កំណត់-រចនា-សម្ព័ន្ធ,បៀប​ប្រើ​ប្រាស់​កម្មវិធី​អ៊ីមែល មយូរា និង​ការ​កំណត់​រចនា​សម្ព័ន្ធ,true,267,59eef3e3,108,true,1,0
/books/ថ្នាក់ទី១-ពួកគេទៅវាល,ថ្នាក់ទី១៖ ពួកគេទៅវាល,true,230,2ee5c7e0,102,false,1,0
/books/ឯកសារបណ្ដាញចំណេះដឹងសម្រាប់សិស្សស្វ័យសិក្សា-មុខវិជ្ជាគីមីវិទ្យា-ថ្-5,ឯកសារបណ្ដាញចំណេះដឹងសម្រាប់សិស្សស្វ័យសិក្សា មុខវិជ្ជាគីមីវិទ្យា ថ្,true,263,7c61b4b3,239,true,1,0
/books/ព្រឹត្តិបត្រគណៈកម្មាធិការជាតិភាសាខ្មែរ-លេខ៣-២០១០,ព្រឹត្តិបត្រគណៈកម្មាធិការជាតិភាសាខ្មែរ លេខ៣ (២០១០),true,170,45067372,1,false,1,0
/books/កូនស្វាឆ្លាត-កម្រិត-a1-សៀវភៅគ្រូ,កូនស្វាឆ្លាត កម្រិត A1 (សៀវភៅគ្រូ),true,230,3ee677b6,5,false,1,0
/books/ថូម៉ាស-ម័រ-thomas-more,ថូម៉ាស ម័រ (Thomas More),true,205,e289de75,8,false,1,0
/books/ថ្នាក់ទី១-កឹកឹឆាឆៅ,ថ្នាក់ទី១៖ កឹកឹឆាឆៅ,true,228,2ee5c7e0,102,false,1,0
/books/ការអនុវត្តវិធីសាស្រ្តបង្រៀនតាមបែបវិធីវិទ្យាសាស្រ្ត-និងវិធីបង្រៀនត,ការអនុវត្តវិធីសាស្រ្តបង្រៀនតាមបែបវិធីវិទ្យាសាស្រ្ត និងវិធីបង្រៀនត,true,271,3d4a6881,330,true,1,0
/books/កម្រងលំហាត់ចំនួនកុំផ្លិច១២៨លំហាត់,កម្រងលំហាត់ចំនួនកុំផ្លិច១២៨លំហាត់,true,239,3d4a6881,330,true,1,0
/books/កម្មវិធីសិក្សាថ្នាក់ទី2,កម្មវិធីសិក្សាថ្នាក់ទី2,true,207,467c364e,6,false,1,0
/books/សៀវភៅ-typing-សម្រាប់អ្នករៀនកុំព្យូទ័រដំបូង-អ្នកមិនទាន់ចេះកុំព្យូទ,សៀវភៅ Typing សម្រាប់អ្នករៀនកុំព្យូទ័រដំបូង អ្នកមិនទាន់ចេះកុំព្យូទ,true,284,67071660,34,true,1,0
/books/ថ្នាក់ទី២-អ្នកចម្រៀងរស់-សេរីសុទ្ធា,ថ្នាក់ទី២៖ អ្នកចម្រៀងរស់ សេរីសុទ្ធា,true,242,86fbd334,11,false,1,0
/books/លំហាត់រូបវិទ្យា-ភាគ៣,លំហាត់រូបវិទ្យា ភាគ៣,true,229,2b59b08a,3,false,1,0
/books/សៀវភៅបុរេសំណេរ-កូនស្វាឆ្លាត-ខ-1,សៀវភៅបុរេសំណេរ កូនស្វាឆ្លាត ខ,true,230,686ecb43,168,true,1,0
/books/ថ្នាក់ទី១០-គណិតវិទ្យា-ភាគ២,ថ្នាក់ទី១០៖ គណិតវិទ្យា ភាគ២,true,254,bb49e20d,76,false,1,0
/books/ict-diagnostic-for-digital-transformation-in-cambodia,ICT Diagnostic for Digital Transformation in Cambodia,true,261,abcba533,5,false,1,0
/books/កំណាព្យអប់រំ-អារ្យធម៌ខ្មែរ,កំណាព្យអប់រំ៖ អារ្យធម៌ខ្មែរ,true,166,1d9d7614,1,false,1,0
/books/លីមីត-និង-ដេរីវេ-ថ្នាក់ទី១១,លីមីត និង ដេរីវេ​ ថ្នាក់ទី១១,true,229,686ecb43,168,true,1,0
/books/គណិតវិទ្យាថ្នាក់ទី-១១,គណិតវិទ្យាថ្នាក់ទី_១១,true,227,3d4a6881,330,true,1,0
/books/វិទ្យាសាស្ត្រ-សិក្សាសង្គម-ថ្នាក់ទី២,វិទ្យាសាស្ត្រ-សិក្សាសង្គម ថ្នាក់ទី២,true,236,686ecb43,168,true,1,0
/books/កម្រងកិច្ចការផ្ទះគណិតវិទ្យាថ្នាក់ទី៥-សម្រាប់១ឆ្នាំ,កម្រងកិច្ចការផ្ទះគណិតវិទ្យាថ្នាក់ទី៥ សម្រាប់១ឆ្នាំ,true,277,c5771d26,18,false,1,0
/books/lesson-9-using-a-smartphone-camera,Lesson 9: Using a Smartphone Camera,true,221,d702efc6,21,false,1,0
/books/ការផលិតសម្ភារៈពិសោធ-និងវិធីសាស្ត្របង្រៀនពិសោធ-ផែនដីវិទ្យា,ការផលិតសម្ភារៈពិសោធ និងវិធីសាស្ត្របង្រៀនពិសោធ «ផែនដីវិទ្យា»,true,251,7018f742,23,true,1,0
/books/កម្រងវិញ្ញាសាប្រឡងសញ្ញាបត្រមធ្យមសិក្សាទុតិយភូមិ-ថ្នាក់វិទ្យាសាស្ដ,កម្រងវិញ្ញាសាប្រឡងសញ្ញាបត្រមធ្យមសិក្សាទុតិយភូមិ(ថ្នាក់វិទ្យាសាស្ដ,true,266,686ecb43,168,true,1,0
/books/គណិតវិទ្យា-ថ្នាក់-ទី-៩-មេរៀន-ទី-៨-ប្រូបាប,គណិតវិទ្យា ថ្នាក់​ទី​៩ មេរៀន​ទី​៨៖ ប្រូបាប​,true,249,3d4a6881,330,true,1,0
/books/គណិតវិទ្យា-កម្រិតមូលដ្ឋាន-ថ្នាក់ទី១២,គណិតវិទ្យា កម្រិតមូលដ្ឋាន ថ្នាក់ទី១២,true,242,3d4a6881,330,true,1,0
/books/កំណែពិជគណិតឆ្នាំទី២,កំណែពិជគណិតឆ្នាំទី២,true,225,3d4a6881,330,true,1,0
/books/ថ្នាក់ទី៩-english-grade-9,ថ្នាក់ទី៩៖ English Grade 9,true,246,bb036af9,15,false,1,0
/books/ថ្នាក់ទី៨-english-is-fun-book-4,ថ្នាក់ទី៨៖ English is Fun Book 4,true,251,bb036af9,15,false,1,0
/books/ថ្នាក់ទី២-ចេះគូរអី,ថ្នាក់ទី២៖ ចេះគូរអី,true,228,2ee5c7e0,102,false,1,0
/books/ថ្នាក់ទី២-ប្លេះប្លោះទៅបេះផ្កា,ថ្នាក់ទី២៖ ប្លេះប្លោះទៅបេះផ្កា,true,239,2ee5c7e0,102,false,1,0
/books/របាយការណ៏,របាយការណ៏,true,211,59eef3e3,108,true,1,0
/books/ថ្នាក់ទី២-ធានីជាចៅតាសៅ,ថ្នាក់ទី២៖ ធានីជាចៅតាសៅ,true,232,2ee5c7e0,102,false,1,0
/books/ថ្នាក់ទី២-កូនឆ្កែនិងកូនឆ្មា,ថ្នាក់ទី២៖ កូនឆ្កែនិងកូនឆ្មា,true,237,2ee5c7e0,102,false,1,0
/books/ការចិញ្ចឹមបីបាច់កុមារតូច-រូបភាពសន្លឹកផ្ទាត់,ការចិញ្ចឹមបីបាច់កុមារតូច រូបភាពសន្លឹកផ្ទាត់,true,244,686ecb43,168,true,1,0
/books/education-in-eastern-partnership-findings-from-pisa,Education in Eastern Partnership: Findings from PISA,true,280,0414c1e1,1,false,1,0
/books/អាំងតេក្រាល,អាំងតេក្រាល,true,217,3d4a6881,330,true,1,0
/books/សៀវភៅ-គីមីវិទ្យា,សៀវភៅ គីមីវិទ្យា,true,214,7c61b4b3,239,true,1,0
/books/សៀវភៅណែនាំពិសោធន៍រូបវិទ្យា,សៀវភៅណែនាំពិសោធន៍រូបវិទ្យា,true,161,3d283db0,1,false,1,0
/books/qualitative-research-from-start-to-finish-2nd-edition,Qualitative Research from Start to Finish (2nd Edition),true,204,1ad5b772,1,false,1,0
/books/low-cost-experiments-for-earth-and-environmental-science-educatio,Low-Cost Experiments for Earth and Environmental Science Educatio,true,289,c1127915,36,false,1,0
/books/lesson-5-google-sheets,Lesson 5: Google Sheets,true,209,d702efc6,21,false,1,0
/books/រូបវិទ្យា-1,រូបវិទ្យា,true,229,bd1e639d,67,false,1,0
/books/educating-for-the-21st-century,Educating for the 21st Century,true,289,1d397a35,1,false,1,0
/books/កិច្ចតែងការបង្រៀន-គណិតវិទ្យា-ថ្នាក់ទី១២,កិច្ចតែងការបង្រៀន គណិតវិទ្យា ថ្នាក់ទី១២,true,265,4aa990db,6,false,1,0
/books/វិធីសាស្ត្របង្រៀនគណិតវិទ្យាផ្នែកចំនួន-ថ្នាក់ទី៦,វិធីសាស្ត្របង្រៀនគណិតវិទ្យាផ្នែកចំនួន ថ្នាក់ទី៦,true,208,d9097eb5,1,false,1,2
/books/សុវត្ថិភាពកុមារតាមប្រព័ន្ធអនឡាញសម្រាប់កុមារវ័យជំទង់-ឬសិស្សមធ្យមសិ,សុវត្ថិភាពកុមារតាមប្រព័ន្ធអនឡាញសម្រាប់កុមារវ័យជំទង់ ឬសិស្សមធ្យមសិ,true,268,2426146f,37,true,1,0
/books/កម្រងកិច្ចការផ្ទះគណិតវិទ្យាថ្នាក់ទី៣-សម្រាប់១ឆ្នាំ,កម្រងកិច្ចការផ្ទះគណិតវិទ្យាថ្នាក់ទី៣ សម្រាប់១ឆ្នាំ,true,277,c5771d26,18,false,1,0
/books/ឯកសារ-បណ្ដាញ-ចំណេះដឹង-សម្រាប់-សិស្ស-ស្វ័យ-សិក្សា-គណិតវិទ្យា-ភាគ២,ឯកសារ​បណ្ដាញ​ចំណេះដឹង​សម្រាប់​សិស្ស​ស្វ័យ​សិក្សា គណិតវិទ្យា (ភាគ២,true,271,3d4a6881,330,true,1,0
/books/ប្រព័ន្ធសមីការឌីផេរ៉ង់ស្យែលលីនេអ៊ែរលំដាប់មួយ,ប្រព័ន្ធសមីការឌីផេរ៉ង់ស្យែលលីនេអ៊ែរលំដាប់មួយ,true,250,3d4a6881,330,false,1,0
/books/វិធីសាស្ដ្របង្រៀនតាមបែបរិះរក-និង-5es-គណិតវិទ្យា,វិធីសាស្ដ្របង្រៀនតាមបែបរិះរក និង 5Es - គណិតវិទ្យា,true,255,3d4a6881,330,true,1,0
/books/ធម្មនុញអង្គការសហប្រជាជាតិ-និងលក្ខន្តិកៈតុលាការយុត្តិធម៌អន្តរជាតិ,ធម្មនុញអង្គការសហប្រជាជាតិ និងលក្ខន្តិកៈតុលាការយុត្តិធម៌អន្តរជាតិ,true,347,377001dd,1,false,1,0
/books/ថ្នាក់ទី៧-គណិតវិទ្យា,ថ្នាក់ទី៧៖ គណិតវិទ្យា,true,247,bb49e20d,76,false,1,0
/books/methodological-advances-in-educational-effectiveness-research,Methodological Advances in Educational Effectiveness Research,false,219,4b074e1b,1,false,1,0
/books/សំណួរចម្លើយជីវ,សំណួរចម្លើយជីវ.,true,216,686ecb43,168,true,1,0
/books/លំហាត់គណិតវិទ្យាមានរូប-៣៦០,លំហាត់គណិតវិទ្យាមានរូប ៣៦០,true,232,3d4a6881,330,true,1,0
/books/គន្លឹះដោះស្រាយសមីការឌីផេរ៉ងស្យែល,គន្លឹះដោះស្រាយសមីការឌីផេរ៉ងស្យែល,true,238,3d4a6881,330,true,1,0
/books/មេរៀនទី៥-ដែនម៉ាញែទិចn,មេរៀនទី៥ ដែនម៉ាញែទិចN,true,222,686ecb43,168,true,1,0
/books/សៀវភៅសិស្ស-អប់រំសុខភាព-ថ្នាក់ទី១២,សៀវភៅសិស្ស អប់រំសុខភាព ថ្នាក់ទី១២,true,201,bacd6d22,41,false,1,0
/books/ថ្នាក់ទី១-តើនរណានៅទីនេះ,ថ្នាក់ទី១៖ តើនរណានៅទីនេះ,true,233,2ee5c7e0,102,false,1,0
/books/គណិតវិទ្យា-ថ្នាក់ទី១-សៀវភៅហ្វឹកហាត់,គណិតវិទ្យា ថ្នាក់ទី១ សៀវភៅហ្វឹកហាត់,true,250,f8a25c23,1,false,1,0
/books/ជំពូកទី២-មេរៀនទី៣-ការជួញដូរផ្លូវភេទ,ជំពូកទី២ មេរៀនទី៣ ការជួញដូរផ្លូវភេទ,true,203,bacd6d22,41,true,1,0
/books/គីមីវិទ្យា-ថ្នាក់ទី១២,គីមីវិទ្យា ថ្នាក់ទី១២,true,242,bd1e639d,67,true,1,0
/books/ដំណាំខាត់ណាដើម-dae-fia,ដំណាំខាត់ណាដើម (DAE-FiA),true,248,c1127915,36,true,1,0
/books/ឯកសារបណ្ដាញចំណេះដឹងសម្រាប់សិស្សស្វ័យសិក្សា-មុខវិជ្ជាគីមីវិទ្យា-ថ្-2,ឯកសារបណ្ដាញចំណេះដឹងសម្រាប់សិស្សស្វ័យសិក្សា មុខវិជ្ជាគីមីវិទ្យា ថ្,true,263,7c61b4b3,239,true,1,0
/books/ថ្នាក់ទី១-សុធា-ទីណា,ថ្នាក់ទី១៖ សុធា ទីណា,true,229,2ee5c7e0,102,false,1,0
/books/ការបង្កាត់ពូជបម្លែងសែន,ការបង្កាត់ពូជបម្លែងសែន,true,223,686ecb43,168,true,0,0
/books/សៀវភៅណែនាំអំពី-អក្ខរកម្មឌីជីថល-និងភាពជាពលរដ្ឋឌីជីថល,សៀវភៅណែនាំអំពី អក្ខរកម្មឌីជីថល និងភាពជាពលរដ្ឋឌីជីថល,true,253,59eef3e3,108,true,0,0
/books/ទ្រឹស្តីប្រូបាប៊ីលីតេ,ទ្រឹស្តីប្រូបាប៊ីលីតេ,true,242,bd1e639d,67,false,0,0
/books/ថ្នាក់ទី១-ដា-និងសាចង់ទៅលេង,ថ្នាក់ទី១៖ ដា និងសាចង់ទៅលេង,true,236,2ee5c7e0,102,false,0,0
/books/មេរៀនទី១-សីតុណ្ហភាព,មេរៀនទី១ សីតុណ្ហភាព,true,220,686ecb43,168,true,0,0
/books/សៀវភៅហ្វឹកហាត់លំហាត់គណិតវិទ្យាថ្នាក់ទី៣-ភាគ៣,សៀវភៅហ្វឹកហាត់លំហាត់គណិតវិទ្យាថ្នាក់ទី៣ ភាគ៣,true,250,3d4a6881,330,true,0,0
/books/combining-methods-in-educational-and-social-research,Combining Methods in Educational and Social Research,true,189,6cc5376d,1,false,0,0
/books/ស្តង់ដាសាលាបឋមសិក្សាគំរូ,ស្តង់ដាសាលាបឋមសិក្សាគំរូ,true,205,53494393,1,false,0,0
/books/កម្រងលំហាត់គណិតវិទ្យាជ្រើសរើសថ្នាក់ទី១២,កម្រងលំហាត់គណិតវិទ្យាជ្រើសរើសថ្នាក់ទី១២,true,245,3d4a6881,330,true,0,0
/books/កញ្ចប់ឯកសារទី៥-ការសិក្សាបំប៉នបន្ថែម-គណិតវិទ្យា-ថ្នាក់ទី៤,កញ្ចប់ឯកសារទី៥ ការសិក្សាបំប៉នបន្ថែម (គណិតវិទ្យា ថ្នាក់ទី៤),true,264,3d4a6881,330,true,0,0
/books/ការអនុវត្តវិធីសាស្ត្របង្រៀនតាមបែបប្លូមតាកសូណូមី-និងវិធីបង្រៀនតាមក,ការអនុវត្តវិធីសាស្ត្របង្រៀនតាមបែបប្លូមតាកសូណូមី និងវិធីបង្រៀនតាមក,true,262,7c61b4b3,239,false,0,0
/books/ក្របខណ្ឌកម្មវិធីសិក្សា-ថ្នាក់បរិញ្ញាបត្រអប់រំ-ជំនាញ-គីមី,ក្របខណ្ឌកម្មវិធីសិក្សា ថ្នាក់បរិញ្ញាបត្រអប់រំ ជំនាញ គីមី,true,254,7c61b4b3,239,true,0,0
/books/three-essays-on-macroeconomic-management-of-cambodia,Three Essays on Macroeconomic Management of Cambodia,true,269,ca8356a4,1,false,0,0
/books/ការអនុវត្តវិធីសាស្ត្របង្រៀន-តាមបែបវិធីវិទ្យាសាស្ត្រ-និងវិធីបង្រៀន,ការអនុវត្តវិធីសាស្ត្របង្រៀន តាមបែបវិធីវិទ្យាសាស្ត្រ និងវិធីបង្រៀន,true,271,3d4a6881,330,true,0,0
/books/សៀវភៅ-កូនស្វាឆ្លាត-ប២-មេរៀនទី៥-ដល់-ទី៧,សៀវភៅ កូនស្វាឆ្លាត ប២ មេរៀនទី៥ ដល់ ទី៧,true,239,686ecb43,168,false,0,0
/books/ល្បែងសិក្សា-យ៉ុន-សុខហេង,ល្បែងសិក្សា (យ៉ុន សុខហេង),true,168,7fe0c56b,5,false,0,0
/books/សៀវភៅសិស្សអក្ខរកម្មឌីជីថល-សម្រាប់បឋមសិក្សា,សៀវភៅសិស្សអក្ខរកម្មឌីជីថល សម្រាប់បឋមសិក្សា,true,247,2426146f,37,true,0,0
/books/អត្ថបទគណិតវិទ្យាចិនបុរាណ-202-186-មុនគ-ស-suan-shu-shu,អត្ថបទគណិតវិទ្យាចិនបុរាណ(202-186 មុនគ.ស)៖ Suan shu shu,true,275,bd1e639d,67,false,0,0
/books/សៀវភៅសិក្សាគោលគណិតវិទ្យា,សៀវភៅសិក្សាគោលគណិតវិទ្យា,true,230,3d4a6881,330,true,0,0
/books/physical-education-sport-teacher-s-book-grade-1,Physical Education & Sport — Teacher's Book Grade 1,true,272,49ab0832,16,false,0,0
/books/ថ្នាក់ទី១-លោកគ្រូសួរ,ថ្នាក់ទី១៖ លោកគ្រូសួរ,true,230,2ee5c7e0,102,false,0,0
/books/serway-jewett-physics-for-scientists-and-engineers-with-modern,"Serway,_Jewett_Physics_for_Scientists_and_Engineers_with_Modern",false,283,bd1e639d,67,true,0,0
/books/គីមីសរីរាង្គទំនើប-ភាគ២,គីមីសរីរាង្គទំនើប ភាគ២,true,220,7c61b4b3,239,true,0,0
/books/physics-for-scientists-and-engineers-6th-edition,Physics for Scientists and Engineers​ 6th Edition,true,269,bd1e639d,67,false,0,0
/books/សៀវភៅវិទ្យាសាស្ត្រ-ថ្នាក់ទី៩,សៀវភៅវិទ្យាសាស្ត្រ ថ្នាក់ទី៩,true,229,686ecb43,168,true,0,0
/books/បទពិសោធប្រមូលផលស្រូវ,បទពិសោធប្រមូលផលស្រូវ,true,221,686ecb43,168,true,0,0
/books/ឯកសារ-បណ្ដាញ-ចំណេះដឹង-សម្រាប់-សិស្ស-ស្វ័យ-សិក្សា-គីមីវិទ្យា-ថ្នាក-2,ឯកសារ​បណ្ដាញ​ចំណេះដឹង​សម្រាប់​សិស្ស​ស្វ័យ​សិក្សា គីមីវិទ្យា ថ្នាក,true,263,7c61b4b3,239,true,0,0
/books/ឯកសារបណ្តាញចំណេះដឹងស្វ័យសិក្សាសម្រាប់សិស្សមុខវិជ្ជាគណិតវិទ្យា-ថ្ន-2,ឯកសារបណ្តាញចំណេះដឹងស្វ័យសិក្សាសម្រាប់សិស្សមុខវិជ្ជាគណិតវិទ្យា ថ្ន,true,271,3d4a6881,330,true,0,0
/books/កុំព្យូទ័រចាំបាច់,កុំព្យូទ័រចាំបាច់,true,236,67071660,34,true,0,0
/books/សៀវភៅបង្រៀនភាសាខ្មែរនៅផ្ទះសម្រាប់ថ្នាក់ទី១-ឆមាសទី២,សៀវភៅបង្រៀនភាសាខ្មែរនៅផ្ទះសម្រាប់ថ្នាក់ទី១ ឆមាសទី២,true,274,bb49e20d,76,false,0,0
/books/ឯកសារ-បណ្ដាញចំណេះដឹងសម្រាប់ស្វ័យសិក្សា-រូបវិទ្យាថ្នាក់ទី១២,ឯកសារ​បណ្ដាញចំណេះដឹងសម្រាប់ស្វ័យសិក្សា រូបវិទ្យាថ្នាក់ទី១២,true,255,7c61b4b3,239,true,0,0
/books/វិញ្ញាសា-គណិតវិទ្យា-សម្រាប់-ត្រៀម-ប្រឡង-បាក់-ឌុប-0១,វិញ្ញាសា​គណិតវិទ្យា​សម្រាប់​ត្រៀម​ប្រឡង​បាក់​ឌុប 0១,true,257,3d4a6881,330,true,0,0
/books/គណិតវិទ្យា-កោណនិក,គណិតវិទ្យា កោណនិក,true,223,3d4a6881,330,true,0,0
/books/លំហាត់ដែលកែឆ្នៃពីលំហាត់បាក់ឌុបចាប់ពីឆ្នាំ-២០០២-ដល់-២០២៥,លំហាត់ដែលកែឆ្នៃពីលំហាត់បាក់ឌុបចាប់ពីឆ្នាំ ២០០២ ដល់ ២០២៥,true,261,3d4a6881,330,true,0,0
/books/សៀវភៅបុរេសំណេរ-កូនស្វាឆ្លាត-ខ-2,សៀវភៅបុរេសំណេរ កូនស្វាឆ្លាត ខ,true,230,686ecb43,168,true,0,0
/books/រូបមន្ដគណិតវិទ្យាថ្នាក់ទី12,រូបមន្ដគណិតវិទ្យាថ្នាក់ទី12,true,233,3d4a6881,330,true,0,0
/books/បច្ចេកវិទ្យា-និងប្រព័ន្ទសុខាភិបាលវៃឆ្លាតនៅកម្ពុជា,បច្ចេកវិទ្យា និងប្រព័ន្ទសុខាភិបាលវៃឆ្លាតនៅកម្ពុជា,true,268,67071660,34,false,0,0
/books/antimicrobial-resistance-profiles-of-escherichia-coli-from-swine,Antimicrobial resistance profiles of Escherichia coli from swine,true,284,bd1e639d,67,false,0,0
/books/education-reform-in-cambodia-nie-presentation-2023,"Education Reform in Cambodia (NIE Presentation, 2023)",true,197,7fe0c56b,5,false,0,0
/books/កម្មវិធីសិក្សាសិក្សាសង្គម-ថ្នាក់ទី១-៦-ជំនាន់ចុងក្រោយ-msr,កម្មវិធីសិក្សាសិក្សាសង្គម ថ្នាក់ទី១-៦ (ជំនាន់ចុងក្រោយ MSR),true,276,83f747b2,10,false,0,0
/books/ការដាំធុរេន,ការដាំធុរេន,true,212,686ecb43,168,true,0,0
/books/ផែនទីបង្ហាញ-ផ្លូវ-អភិវឌ្ឍន៍-ជំនាញ-ឌីជីថល-នៅ-កម្ពុជា,ផែនទីបង្ហាញ​ផ្លូវ​អភិវឌ្ឍន៍​ជំនាញ​ឌីជីថល​នៅ​កម្ពុជា,true,253,59eef3e3,108,true,0,0
/books/សិក្សាមូលដ្នានគ្រិះនៃការប្រើប្រាស់កម្មវិធី-blender,សិក្សាមូលដ្នានគ្រិះនៃការប្រើប្រាស់កម្មវិធី Blender,true,252,59eef3e3,108,false,0,0
/books/ថ្នាក់ទី១-តោះយើងហើរ,ថ្នាក់ទី១៖ តោះយើងហើរ,true,229,2ee5c7e0,102,false,0,0
/books/biology-grade-7,Biology Grade 7,true,239,bb49e20d,76,false,0,0
/books/សៀវភៅ-ផាត់-ពណ៌-រូបភាព-ទាក់-ទង-នឹង-ការ-បណ្តុះ-ការ-ដាំ-និង-ព,សៀវភៅ​ផាត់​ពណ៌​រូបភាព​​ ទាក់​ទង​នឹង​ការ​​បណ្តុះ​ ការ​ដាំ​ និង​​​ព,true,266,686ecb43,168,true,0,0
/books/សៀវភៅស្វ័យសិក្សាគណិតវិទ្យាថ្នាក់ទី៩,សៀវភៅស្វ័យសិក្សាគណិតវិទ្យាថ្នាក់ទី៩,true,241,3d4a6881,330,true,0,0
/books/រូបវិទ្យា-ថ្នាក់-ទី-៧-មេរៀន-ទី-១-សម្ពាធនៃអង្គធាតុរឹង,រូបវិទ្យា ថ្នាក់​ទី​៧ មេរៀន​ទី​១៖ ​សម្ពាធនៃអង្គធាតុរឹង,true,251,7c61b4b3,239,true,0,0
/books/កិច្ចតែងការវិទ្យាសាស្ត្រ-ថ្នាក់ទី៥,កិច្ចតែងការវិទ្យាសាស្ត្រ ថ្នាក់ទី៥,true,226,7018f742,23,true,0,0
/books/គណិតវិទ្យាថ្នាក់ទី១១,គណិតវិទ្យាថ្នាក់ទី១១,true,226,3d4a6881,330,true,0,0
/books/អត្រាកំណែក្រៅផ្លូវការនៃការប្រលងបញ្ជប់ឆមាសទី១-ថ្នាក់អនុបណ្ឌិត,អត្រាកំណែក្រៅផ្លូវការនៃការប្រលងបញ្ជប់ឆមាសទី១ ថ្នាក់អនុបណ្ឌិត,true,266,3d4a6881,330,true,0,0
/books/វិញ្ញាសាត្រៀមប្រឡង-គណិតវិទ្យា-ថ្នាក់ទី៩,វិញ្ញាសាត្រៀមប្រឡង​គណិតវិទ្យា ថ្នាក់ទី៩,true,245,3d4a6881,330,true,0,0
/books/ថ្នាក់ទី១-ដានីចង់មាន,ថ្នាក់ទី១៖ ដានីចង់មាន,true,230,2ee5c7e0,102,false,0,0
/books/តម្រូវប្រសាទ,តម្រូវប្រសាទ,true,209,7c61b4b3,239,true,0,0
/books/ព្រីមីទីវ-និង-អាំងតេក្រាលមិនកំណត់,ព្រីមីទីវ និង អាំងតេក្រាលមិនកំណត់,true,239,3d4a6881,330,false,0,0
/books/សៀវភៅគ្រូគណិតវិទ្យាថ្នាក់ទី១១-កម្រិតខ្ពស់,សៀវភៅគ្រូគណិតវិទ្យាថ្នាក់ទី១១ កម្រិតខ្ពស់,true,247,3d4a6881,330,true,0,0
/books/កម្រងវិញ្ញាសារូបវិទ្យាថ្នាក់ទី12,កម្រងវិញ្ញាសារូបវិទ្យាថ្នាក់ទី12,true,229,7c61b4b3,239,false,0,0
/books/កម្រងកិច្ចការផ្ទះភាសាខ្មែរថ្នាក់ទី៥-សម្រាប់១ឆ្នាំ,កម្រងកិច្ចការផ្ទះភាសាខ្មែរថ្នាក់ទី៥ សម្រាប់១ឆ្នាំ,true,275,c5771d26,18,false,0,0
/books/គីមីវិទ្យាថ្នាក់ទី៧,គីមីវិទ្យាថ្នាក់ទី៧,true,276,ad1ad8ba,1,true,0,0
/books/មេរៀនទី២-ការប្រើប្រាស់-google-drive,មេរៀនទី២ ការប្រើប្រាស់ Google Drive,true,237,59eef3e3,108,true,0,0
/books/កំណែលំហាត់គីមីវិទ្យាថ្នាក់ទី១០-ឆ្នាំ១៩៩៧,កំណែលំហាត់គីមីវិទ្យាថ្នាក់ទី១០ ឆ្នាំ១៩៩៧,true,238,7c61b4b3,239,true,0,0
/books/សៀវភៅពន្លឿនការសិក្សា-វិទ្យាសាស្ត្រអនុវត្ត-ថ្នាក់ឆ្នាំទី២-សម្រាប់គ,សៀវភៅពន្លឿនការសិក្សា វិទ្យាសាស្ត្រអនុវត្ត ថ្នាក់ឆ្នាំទី២ សម្រាប់គ,true,266,686ecb43,168,false,0,0
/books/ឯកសារណែនាំសម្រាប់គ្រូបណ្ដុះបណ្ដាល-កម្មវិធីសិក្សាអក្ខរកម្មឌីជីថលខ្មែរ,ឯកសារណែនាំសម្រាប់គ្រូបណ្ដុះបណ្ដាល កម្មវិធីសិក្សាអក្ខរកម្មឌីជីថលខ្មែរ,true,236,c9d2309b,1,false,0,0
/books/កម្មវិធីសិក្សាលម្អិត-គណិតវិទ្យា-បឋមសិក្សា,កម្មវិធីសិក្សាលម្អិត គណិតវិទ្យា (បឋមសិក្សា),true,249,3d4a6881,330,true,0,0
/books/សៀវភៅហ្វឹកហាត់លំហាត់គណិតវិទ្យាថ្នាក់ទី៣-ភាគ២,សៀវភៅហ្វឹកហាត់លំហាត់គណិតវិទ្យាថ្នាក់ទី៣ ភាគ២,true,250,3d4a6881,330,false,0,0
/books/សៀវភៅកិច្ចការផ្ទះរូបវិទ្យាថ្នាក់ទី៧,សៀវភៅកិច្ចការផ្ទះរូបវិទ្យាថ្នាក់ទី៧,true,232,7c61b4b3,239,false,0,0
/books/តេស្ត-sea-plm-២០២៤-កម្រងសំណួរមាតាបិតា,តេស្ត SEA-PLM ២០២៤ កម្រងសំណួរមាតាបិតា,true,193,99329d92,1,false,0,0
/books/គោលនយោបាយរដ្ឋាភិបាលឌីជីថលកម្ពុជា-២០២២-២០៣៥,គោលនយោបាយរដ្ឋាភិបាលឌីជីថលកម្ពុជា_២០២២_២០៣៥,true,244,59eef3e3,108,true,0,0
/books/រៀបប្រើប្រាស់-chatgpt,រៀបប្រើប្រាស់ ChatGPT,true,223,59eef3e3,108,false,0,0
/books/ឯកសារស្វ័យសិក្សាគីមីវិទ្យាថ្នាក់ទី៧,ឯកសារស្វ័យសិក្សាគីមីវិទ្យាថ្នាក់ទី៧,true,233,7c61b4b3,239,true,0,0
/books/ថ្នាក់ទី២-លេងគប់វង់,ថ្នាក់ទី២៖ លេងគប់វង់,true,229,2ee5c7e0,102,false,0,0
/books/រូបវិទ្យា-ថ្នាក់ទី-៨-ជំពូកទី-២-មេរៀន-ទី-៣-ច្បាប់ញូតុន,រូបវិទ្យា ថ្នាក់ទី​៨ ជំពូកទី​២ មេរៀន​ទី​៣៖ ច្បាប់ញូតុន,true,260,3d4a6881,330,true,0,0
/books/សៀវភៅគ្រូ-អប់រំសុខភាព-ថ្នាក់ទី៧,សៀវភៅគ្រូ អប់រំសុខភាព ថ្នាក់ទី៧,true,199,bacd6d22,41,false,0,0
/books/ថ្នាក់ទី១-តើនេះជាសំឡេងនរណា,ថ្នាក់ទី១៖ តើនេះជាសំឡេងនរណា,true,236,2ee5c7e0,102,false,0,0
/books/សៀវភៅណែនាំពិសោធន៍វិទ្យាសាស្ត្រ-សម្រាប់ការរៀន-និងបង្រៀន-នៅមធ្យមសិក-1,សៀវភៅណែនាំពិសោធន៍វិទ្យាសាស្ត្រ សម្រាប់ការរៀន និងបង្រៀន នៅមធ្យមសិក,true,266,686ecb43,168,true,0,0
/books/ដំណើការគ្រឹះស្ថានសិក្សាប្រកបដោយសុវត្ថិភាពក្នុងបរិបទជំងឺកូវីដ-១៩,ដំណើការគ្រឹះស្ថានសិក្សាប្រកបដោយសុវត្ថិភាពក្នុងបរិបទជំងឺកូវីដ-១៩,true,231,bacd6d22,41,false,0,0
/books/កោនិច,កោនិច,true,206,686ecb43,168,true,0,0
/books/កំណែលំហាត់គីមីវិទ្យាថ្នាក់ទី12-ឆ្នាំ-1998,កំណែលំហាត់គីមីវិទ្យាថ្នាក់ទី12 ឆ្នាំ 1998,true,239,7c61b4b3,239,true,0,0
/books/អភិវឌ្ឍន៍វិញ្ញាសាប្រឡងប្រចាំខែ-នៅកម្រិតបធ្យមសិក្សាបឋមភូមិ,អភិវឌ្ឍន៍វិញ្ញាសាប្រឡងប្រចាំខែ នៅកម្រិតបធ្យមសិក្សាបឋមភូមិ,true,263,3d4a6881,330,false,0,0
/books/សរីរវិទ្យារុក្ខជាតិ,សរីរវិទ្យារុក្ខជាតិ,true,220,686ecb43,168,true,0,0
/books/ឯកសារ-ស្វ័យ-សិក្សា-រូបវិទ្យា-ថ្នាក់-ទី១០,ឯកសារ​ស្វ័យ​សិក្សា រូបវិទ្យា​ ថ្នាក់​ទី១០,true,238,7c61b4b3,239,true,0,0
/books/ថ្នាក់ទី២-ខ្សែអាហារ,ថ្នាក់ទី២៖ ខ្សែអាហារ,true,227,86fbd334,11,false,0,0
/books/ដំណោះស្រាយបច្ចេកវិទ្យាឌីជីថល-សម្រាប់លើកកម្ពស់ការអប់រំមុខវិជ្ជាបំណ,ដំណោះស្រាយបច្ចេកវិទ្យាឌីជីថល សម្រាប់លើកកម្ពស់ការអប់រំមុខវិជ្ជាបំណ,true,284,67071660,34,true,0,0
/books/កម្រងកិច្ចការផ្ទះគណិតវិទ្យា-ថ្នាក់ទី១-ឆ្នាំ២០២១-សៀវភៅសិក្សាគោល,កម្រងកិច្ចការផ្ទះគណិតវិទ្យា ថ្នាក់ទី១ ឆ្នាំ២០២១ (សៀវភៅសិក្សាគោល),true,270,3d4a6881,330,true,0,0
/books/កម្មវិធី-អប់រំ-ពី-ចម្ងាយ-វិទ្យាសាស្ត្រ-រូបវិទ្យា-ថ្នាក់-ទី៧,កម្មវិធី​អប់រំ​ពី​ចម្ងាយ​វិទ្យាសាស្ត្រ​​​រូបវិទ្យា ​ថ្នាក់​ទី៧,true,259,7c61b4b3,239,true,0,0
/books/រូបវិទ្យា-ថ្នាក់ទី-៧-ជំពូកទី-៣-មេរៀន-ទី-១-បន្ទុកអគ្គិសនី,រូបវិទ្យា ថ្នាក់ទី​៧ ជំពូកទី​៣ មេរៀន​ទី​១៖ បន្ទុកអគ្គិសនី,true,254,7c61b4b3,239,true,0,0
/books/សៀវភៅកិច្ចការផ្ទះ-គណិតវិទ្យា-ថ្នាក់ទី៨,សៀវភៅកិច្ចការផ្ទះ គណិតវិទ្យា (ថ្នាក់ទី៨),true,246,3d4a6881,330,true,0,0
/books/straw-mushroom-growing,Straw Mushroom Growing,true,239,bd1e639d,67,true,0,0
/books/សៀវភៅហ្វឹកហាត់គណិតវិទ្យាថ្នាក់ទី៩,សៀវភៅហ្វឹកហាត់គណិតវិទ្យាថ្នាក់ទី៩,true,239,3d4a6881,330,true,0,0
/books/វិញ្ញាសាជីវវិទ្យា-ថ្នាក់ទី៩,វិញ្ញាសាជីវវិទ្យា ថ្នាក់ទី៩,true,224,7c61b4b3,239,true,0,0
/books/ប្រភេទកុំព្យូទ័រ,ប្រភេទកុំព្យូទ័រ,true,235,67071660,34,false,0,0
/books/លំហាត់គណិតវិទ្យាជ្រើសរើសសិស្សពូកែថ្នាក់ទី១២,លំហាត់គណិតវិទ្យាជ្រើសរើសសិស្សពូកែថ្នាក់ទី១២,true,249,3d4a6881,330,true,0,0
/books/កិច្ចតែងការវិទ្យាសាស្ត្រ-ថ្នាក់ទី៦,កិច្ចតែងការវិទ្យាសាស្ត្រ ថ្នាក់ទី៦,true,226,7018f742,23,true,0,0
/books/ស្តង់ដាសាលាមត្តេយ្យសិក្សាគំរូ,ស្តង់ដាសាលាមត្តេយ្យសិក្សាគំរូ,true,214,74114c99,1,false,0,0
/books/រូបវិទ្យា-ថ្នាក់-ទី-៩-មេរៀន-ទី-២-ចំណាំងផ្លាតនៃពន្លឺ,រូបវិទ្យា ថ្នាក់​ទី​៩ មេរៀន​ទី​២៖ ​ចំណាំងផ្លាតនៃពន្លឺ,true,250,7c61b4b3,239,true,0,0
/books/តេស្ត-sea-plm-២០២៤-កម្រងសំណួរសិស្ស,តេស្ត SEA-PLM ២០២៤ កម្រងសំណួរសិស្ស,true,211,706b1e7a,1,false,0,0
/books/តើអ្នកដឹងអ្វីខ្លះអំពីទូរស័ព្ទ,តើអ្នកដឹងអ្វីខ្លះអំពីទូរស័ព្ទ,true,219,1359c09c,4,false,0,0
/books/សៀវភៅពន្លឿនការសិក្សា-គណិតវិទ្យា-ថ្នាក់ឆ្នាំទី៣,សៀវភៅពន្លឿនការសិក្សា គណិតវិទ្យា ថ្នាក់ឆ្នាំទី៣,true,252,3d4a6881,330,true,0,0
/books/កម្រងវិញ្ញាសា-និងអត្រាកំណែ-ជីវវិទ្យា-ថ្នាក់ទី១២,កម្រងវិញ្ញាសា និងអត្រាកំណែ ជីវវិទ្យា ថ្នាក់ទី១២,true,244,7c61b4b3,239,true,0,0
/books/ទំនាក់ទំនងម៉ាសក្នុងប្រតិកម្មគីមី-កិច្ចតែងការបង្រៀនគីមីថ្នាក់ទី១១,ទំនាក់ទំនងម៉ាសក្នុងប្រតិកម្មគីមី កិច្ចតែងការបង្រៀនគីមីថ្នាក់ទី១១,true,262,7c61b4b3,239,true,0,0
/books/the-coding-manual-for-qualitative-researchers,The Coding Manual for Qualitative Researchers,false,457,bfeeafa0,1,false,0,0
/books/ការអភិវឌ្ឍកុមារផ្សារភ្ជាប់នឹងការអប់រំបឋមសិក្សា-ថ្នាក់ទី១-៣,ការអភិវឌ្ឍកុមារផ្សារភ្ជាប់នឹងការអប់រំបឋមសិក្សា ថ្នាក់ទី១-៣,true,232,e265a5fb,2,false,0,0
/books/pisa-2022-results-creative-minds-volume-iii,PISA 2022 Results: Creative Minds (Volume III),true,257,a8093af0,1,false,0,0
/books/គីមីវិទ្យា-ថ្នាក់-ទី-៩-ជំពូក-ទី-៣-អុកស៊ីត-អាស៊ីត-បាស-និង-អំបិល,គីមីវិទ្យា ថ្នាក់​ទី​​៩ ជំពូក​​ទី​៣៖ អុកស៊ីត អាស៊ីត បាស និង​អំបិល,true,263,7c61b4b3,239,true,0,0
/books/examining-lesson-quality,Examining Lesson Quality,true,375,455e33a5,1,false,0,0
/books/ផែនដីវិទ្យា-ថ្នាក់-ទី-៩-ជំពូក-ទី-៣-មេរៀន-ទី-២-ការបំពុលអាកាស,ផែនដីវិទ្យា​ ថ្នាក់​ទី​៩ ជំពូក​ទី​៣ មេរៀន​ទី​២៖ ​ការបំពុលអាកាស,true,260,7c61b4b3,239,true,0,0
/books/កម្រងកិច្ចការផ្ទះគណិតវិទ្យា-ថ្នាក់ទី២-ឆ្នាំ២០២១-សៀវភៅសិក្សាគោល,កម្រងកិច្ចការផ្ទះគណិតវិទ្យា ថ្នាក់ទី២ ឆ្នាំ២០២១ (សៀវភៅសិក្សាគោល),true,270,3d4a6881,330,true,0,0
/books/សៀភៅ-វិទ្យាសាស្រ្តដំណាំ,សៀភៅ វិទ្យាសាស្រ្តដំណាំ,true,224,686ecb43,168,true,0,0
/books/ថ្នាក់ទី១-បងប្អូនប្រុសស្រី,ថ្នាក់ទី១៖ បងប្អូនប្រុសស្រី,true,236,2ee5c7e0,102,false,0,0
/books/student-centred-approaches-for-science-education-part-1,Student Centred Approaches for Science Education (Part 1),true,281,c1127915,36,false,0,0
/books/មូលដ្ឋានគ្រឹះនៃការគ្រប់គ្រប់ប្រព័ន្ធប្រតិបត្តិការ-លីនុច-linux,មូលដ្ឋានគ្រឹះនៃការគ្រប់គ្រប់ប្រព័ន្ធប្រតិបត្តិការ លីនុច(LINUX),true,264,59eef3e3,108,true,0,0
/books/ការរៀន-និង-បង្រៀនស្ទែម,ការរៀន និង​បង្រៀនស្ទែម,true,223,686ecb43,168,false,0,0
/books/ឯកសារបណ្តាញចំណេះដឹងស្វ័យសិក្សាសម្រាប់សិស្សមុខវិជ្ជាគណិតវិទ្យា-ថ្ន,ឯកសារបណ្តាញចំណេះដឹងស្វ័យសិក្សាសម្រាប់សិស្សមុខវិជ្ជាគណិតវិទ្យា ថ្ន,true,271,3d4a6881,330,true,0,0
/books/ឯកសារ-បណ្ដាញ-ចំណេះដឹង-សម្រាប់-សិស្ស-ស្វ័យ-សិក្សា-ជីវវិទ្យា-ថ្នាក់-3,ឯកសារ​បណ្ដាញ​ចំណេះដឹង​សម្រាប់​សិស្ស​ស្វ័យ​សិក្សា ជីវវិទ្យា ថ្នាក់,true,262,7c61b4b3,239,true,0,0
/books/ផែនដីវិទ្យា-ថ្នាក់-ទី-៩-មេរៀនទី-២-ទ្រឹស្ដី-ផ្លាក-តិចតូនិច,ផែនដីវិទ្យា​ ថ្នាក់​ទី​៩ មេរៀនទី ២៖ ​ទ្រឹស្ដី​ផ្លាក​តិចតូនិច,true,261,686ecb43,168,true,0,0
/books/វិធីវិទ្យាសាស្ត្រ,វិធីវិទ្យាសាស្ត្រ,true,183,c1d87580,3,false,0,0
/books/កម្រងវិញ្ញាសាប្រឡងសញ្ញាបត្រមធ្យមសិក្សាទុតិយភូមិ-ថ្នាក់វិទ្យាសាស្រ,កម្រងវិញ្ញាសាប្រឡងសញ្ញាបត្រមធ្យមសិក្សាទុតិយភូមិ ថ្នាក់វិទ្យាសាស្រ,true,271,3d4a6881,330,true,0,0
/books/lesson-2-google-classroom,Lesson 2: Google Classroom,true,212,d702efc6,21,false,0,0
/books/កម្រងកិច្ចការផ្ទះភាសាខ្មែរ-និងគណិតវិទ្យាថ្នាក់ទី២,កម្រងកិច្ចការផ្ទះភាសាខ្មែរ និងគណិតវិទ្យាថ្នាក់ទី២,true,276,c5771d26,18,false,0,0
/books/ការគិតដោយប្រើក្បួនគណនា-និងដោះស្រាយបញ្ហា,ការគិតដោយប្រើក្បួនគណនា និងដោះស្រាយបញ្ហា,true,241,59eef3e3,108,true,0,0
/books/សំណួរតេស្តគំរូនៃកម្មវិធីអន្តរជាតិ-pisa-រូបវិទ្យា-ថ្នាក់ទី៧-សម្រា,សំណួរតេស្តគំរូនៃកម្មវិធីអន្តរជាតិ (PISA)រូបវិទ្យា ថ្នាក់ទី៧(សម្រា,true,262,7c61b4b3,239,true,0,0
/books/គណិតវិភាគ,គណិតវិភាគ,true,215,3d4a6881,330,false,0,0
/books/ធ្មេញល្អ-សស្អាត,ធ្មេញល្អ សស្អាត,true,205,1359c09c,4,false,0,0
/books/curricula-upper-secondary-education-maths,Curricula Upper Secondary Education - Maths,true,264,bd1e639d,67,true,0,0
/books/សៀវភៅវិធីសាស្ត្រដោះស្រាយលំហាត់គណិតវិទ្យាថ្នាក់ទី១២-ភាគ១,សៀវភៅវិធីសាស្ត្រដោះស្រាយលំហាត់គណិតវិទ្យាថ្នាក់ទី១២ ភាគ១,true,261,3d4a6881,330,true,0,0
/books/frog-raising,Frog Raising,true,237,bd1e639d,67,true,0,0
/books/english-for-writing-research-papers,English for Writing Research Papers,true,204,2c11da75,1,false,0,0
/books/ប្រជុំវិញ្ញាសាគណិតវិទ្យាថ្នាក់ទី៩,ប្រជុំវិញ្ញាសាគណិតវិទ្យាថ្នាក់ទី៩,true,239,3d4a6881,330,true,0,0
/books/សៀវភៅ-ណែនាំ-សម្រាប់-គ្រូបង្រៀន-មុខវិជ្ជា-គណិតវិទ្យា-ថ្នាក់-ទី-៨,សៀវភៅ​ណែនាំ​សម្រាប់​គ្រូបង្រៀន​មុខវិជ្ជា​គណិតវិទ្យា ថ្នាក់​ទី ៨,true,269,3d4a6881,330,true,0,0
/books/សៀវភៅកិច្ចការផ្ទះចំនួនកុំផ្លិច,សៀវភៅកិច្ចការផ្ទះចំនួនកុំផ្លិច,true,228,7c61b4b3,239,true,0,0
/books/កិច្ចការស្រាវជ្រាវគណិតវិទ្យា,កិច្ចការស្រាវជ្រាវគណិតវិទ្យា,true,234,3d4a6881,330,true,0,0
/books/កម្រងលំហាត់រូបវិទ្យាសម្រាប់ថ្នាក់ទី១២,កម្រងលំហាត់រូបវិទ្យាសម្រាប់ថ្នាក់ទី១២,true,234,7c61b4b3,239,true,0,0
/books/ជំពូកទី២-មេរៀនទី១-គុណតម្លៃទាក់ទងនឹងរឿងផ្លូវភេទ-ភាគ២-តចប់,ជំពូកទី២ មេរៀនទី១ គុណតម្លៃទាក់ទងនឹងរឿងផ្លូវភេទ (ភាគ២ តចប់),true,226,bacd6d22,41,true,0,0
/books/ការ-ថែទាំង-និង-ជួសជុល-កុំព្យូទ័រ-ប្រភេទ-thin-client,ការ​ថែទាំង និង​ជួសជុល​កុំព្យូទ័រ​ប្រភេទ Thin-Client,true,270,67071660,34,true,0,0
/books/រូបមន្តសង្ខេប-និងកំណែរលំហាត់-រូបវិទ្យាថ្នាក់ទី១២-សម្រាប់ក្លិបសិក្,រូបមន្តសង្ខេប និងកំណែរលំហាត់ រូបវិទ្យាថ្នាក់ទី១២ សម្រាប់ក្លិបសិក្,true,271,3d4a6881,330,false,0,0
/books/ជីវវិទ្យា-ថ្នាក់ទី៨-មេរៀនទី-២-ទំនាក់ទំនងអាហារក្នុងបរិស្ថាន,ជីវវិទ្យា ថ្នាក់ទី៨ មេរៀនទី ២៖ ទំនាក់ទំនងអាហារក្នុងបរិស្ថាន,true,256,7c61b4b3,239,true,0,0
/books/តេស្តចុងឆ្នាំបឋមសិក្សា-ថ្នាក់ទី១-ដល់ថ្នាក់ទី៦,តេស្តចុងឆ្នាំបឋមសិក្សា ថ្នាក់ទី១ ដល់ថ្នាក់ទី៦,true,260,ef8c6e0c,1,false,0,0
/books/fish-raising,Fish Raising,true,236,c1127915,36,true,0,0
/books/ថ្នាក់ទី១-នរណាឈឺ,ថ្នាក់ទី១៖ នរណាឈឺ,true,226,2ee5c7e0,102,false,0,0
/books/ការគ្រប់គ្រង-និងថែរក្សាបន្ទប់រៀនកុំព្យូទ័រ,ការគ្រប់គ្រង និងថែរក្សាបន្ទប់រៀនកុំព្យូទ័រ,true,261,67071660,34,false,0,0
/books/ថ្នាក់ទី១-ដើរលេងតាមសួន,ថ្នាក់ទី១៖ ដើរលេងតាមសួន,true,232,2ee5c7e0,102,false,0,0
/books/សៀវភៅកិច្ចការផ្ទះ-គណិតវិទ្យា-ថ្នាក់ទី១០-ភាគ១,សៀវភៅកិច្ចការផ្ទះ គណិតវិទ្យា (ថ្នាក់ទី១០) ភាគ១,true,252,3d4a6881,330,true,0,0
/books/ពិសោធន៍រូបវិទ្យាភាគ២,ពិសោធន៍រូបវិទ្យាភាគ២,true,217,7c61b4b3,239,false,0,0
/books/ថ្នាក់ទី១-ដាក់នៅទីនេះ,ថ្នាក់ទី១៖ ដាក់នៅទីនេះ,true,231,2ee5c7e0,102,false,0,0
/books/វិធីសាស្ត្រ-បង្រៀន-និង-ការ-ប្រើប្រស់-កញ្ចប់-សម្ភរៈគណិតវិទយា-ថ្នក់,វិធីសាស្ត្រ​បង្រៀន​និង​ការ​ប្រើប្រស់​កញ្ចប់​សម្ភរៈគណិតវិទយា​ថ្នក់,true,271,3d4a6881,330,true,0,0
/books/កម្រងពន្យល់ពាក្យ-ជីវវិទ្យា-ថ្នាក់ទី១២,កម្រងពន្យល់ពាក្យ ជីវវិទ្យា ថ្នាក់ទី១២,true,234,7c61b4b3,239,true,0,0
/books/សៀវភៅហ្វឹកហាត់លេខ-កូនស្វាឆ្លាត-ល-1,សៀវភៅហ្វឹកហាត់លេខ កូនស្វាឆ្លាត ល,true,233,686ecb43,168,true,0,0
/books/ការដាំដំណាំ-និងការគ្រប់គ្រង,ការដាំដំណាំ និងការគ្រប់គ្រង,true,226,adb6d9bf,9,false,0,0
/books/បច្ចេកវិទ្យា-និងវិស័យទេសចរណ៍វៃឆ្លាតនៅកម្ពុជា,បច្ចេកវិទ្យា និងវិស័យទេសចរណ៍វៃឆ្លាតនៅកម្ពុជា,true,263,67071660,34,false,0,0
/books/simple-harmonic-motion-and-waves,simple harmonic motion and waves,true,256,c1127915,36,true,0,0
/books/ការប្រើប្រាស់-canva-1,ការប្រើប្រាស់ CANVA,true,221,59eef3e3,108,true,0,0
/books/កម្រងកិច្ចការផ្ទះភាសាខ្មែរថ្នាក់ទី៣-សម្រាប់១ឆ្នាំ,កម្រងកិច្ចការផ្ទះភាសាខ្មែរថ្នាក់ទី៣ សម្រាប់១ឆ្នាំ,true,275,c5771d26,18,false,0,0
/books/វិញ្ញាសាគណិតវិទ្យា-ដែលធ្លាប់ចេញប្រឡងពីឆ្នាំ-២០១១-ដល់-២០២៥,វិញ្ញាសាគណិតវិទ្យា ដែលធ្លាប់ចេញប្រឡងពីឆ្នាំ ២០១១ ដល់ ២០២៥,true,263,3d4a6881,330,true,0,0
/books/ប្រជុំវិញ្ញាសាគីមីវិទ្យាថ្នាក់ទី១២-ភាគ-iv-1997,ប្រជុំវិញ្ញាសាគីមីវិទ្យាថ្នាក់ទី១២ (ភាគ IV) (1997),true,248,7c61b4b3,239,true,0,0
/books/ms-word,MS Word,true,209,59eef3e3,108,false,0,0
/books/ឯកសារបណ្តាញចំណេះដឹងស្វ័យសិក្សាសម្រាប់សិស្សមុខវិជ្ជារូបវិទ្យា-ថ្នា,ឯកសារបណ្តាញចំណេះដឹងស្វ័យសិក្សាសម្រាប់សិស្សមុខវិជ្ជារូបវិទ្យា ថ្នា,true,262,7c61b4b3,239,true,0,0
/books/ការអនុវត្តវិធីសាស្ត្របង្រៀន-តាមបែបដោះស្រាយបញ្ហា-និងវិធីបង្រៀន-តាម,ការអនុវត្តវិធីសាស្ត្របង្រៀន តាមបែបដោះស្រាយបញ្ហា និងវិធីបង្រៀន តាម,true,271,3d4a6881,330,false,0,0
/books/ថ្នាក់ទី១១-ជីវវិទ្យា,ថ្នាក់ទី១១៖ ជីវវិទ្យា,true,247,bb49e20d,76,false,0,0
/books/វិញ្ញាសាគីមីវិទ្យាត្រៀមប្រឡងបាក់ឌុប,វិញ្ញាសាគីមីវិទ្យាត្រៀមប្រឡងបាក់ឌុប,true,233,7c61b4b3,239,false,0,0
/books/ផ្នែកទី២-មូលដ្ឋានគ្រឹះនៃការរៀបចំគណនេយ្យ,ផ្នែកទី២ មូលដ្ឋានគ្រឹះនៃការរៀបចំគណនេយ្យ,true,240,686ecb43,168,true,0,0
/books/ការអប់រំបំណិនជីវិតស្ដីពី-សុខភាពបន្តពូជ-និងសុខភាពផ្លូវភេទ,ការអប់រំបំណិនជីវិតស្ដីពី៖ សុខភាពបន្តពូជ និងសុខភាពផ្លូវភេទ,true,225,bacd6d22,41,true,0,0
/books/ឯកសារ-បណ្ដាញ-ចំណេះដឹង-សម្រាប់-សិស្ស-ស្វ័យ-សិក្សា-ជីវវិទ្យា-ថ្នាក់,ឯកសារ​បណ្ដាញ​ចំណេះដឹង​សម្រាប់​សិស្ស​ស្វ័យ​សិក្សា ជីវវិទ្យា ថ្នាក់,true,262,7c61b4b3,239,true,0,0
/books/មេរៀន-សង្ខេប-គណិតវិទ្យា-និង-លំហាត់-គំរូ-សម្រាប់-ជា-ជំនួយ-ដល់-សិស,មេរៀន​សង្ខេប​គណិតវិទ្យា និង​លំហាត់​គំរូ​ សម្រាប់​ជា​ជំនួយ​ដល់​សិស,true,271,3d4a6881,330,false,0,0
/books/ការយល់ដឹងពីបរិស្ថាន,ការយល់ដឹងពីបរិស្ថាន,true,220,686ecb43,168,true,0,0
/books/លីមីតនៃអនុគមន៍,លីមីតនៃអនុគមន៍,true,220,3d4a6881,330,true,0,0
/books/ស្វីតចំនួនពិតថ្នាក់ទី-១១-1,ស្វីតចំនួនពិតថ្នាក់ទី ១១,true,230,3d4a6881,330,true,0,0
/books/ការប្រើប្រាស់-canva,ការប្រើប្រាស់ Canva,true,221,59eef3e3,108,true,0,0
/books/ស្វែង-យល់-ពី-វិទ្យាសាស្ត្រ-ទឹក,ស្វែង​យល់​ពី​​វិទ្យាសាស្ត្រ​ទឹក,true,232,686ecb43,168,true,0,0
/books/ការអនុវត្តវិធីសាស្ត្របង្រៀនតាមទ្រឹស្ដីអប់រំបែបស្ថាបនានិយមលើមុខវិជ,ការអនុវត្តវិធីសាស្ត្របង្រៀនតាមទ្រឹស្ដីអប់រំបែបស្ថាបនានិយមលើមុខវិជ,true,271,3d4a6881,330,true,0,0
/books/វិញ្ញាសាត្រៀមប្រឡបាក់ឌុប-ផែនដី-និងបរិស្ថានវិទ្យា,វិញ្ញាសាត្រៀមប្រឡបាក់ឌុប «ផែនដី និងបរិស្ថានវិទ្យា»,true,256,3d4a6881,330,false,0,0
/books/កាលប្រវត្តិគណិតវិទ្យា-ភាគទី១,កាលប្រវត្តិគណិតវិទ្យា ភាគទី១,true,234,3d4a6881,330,true,0,0
/books/អុីមែល-និងការប្រើប្រាស់អុីមែល,អុីមែល និងការប្រើប្រាស់អុីមែល,true,231,59eef3e3,108,true,0,0
/books/កម្មវិធីសិក្សាលម្អិតគណិតវិទ្យា-បណ្ដុំវិទ្យាសាស្រ្ត-កម្រិតមធ្យមសិក,កម្មវិធីសិក្សាលម្អិតគណិតវិទ្យា បណ្ដុំវិទ្យាសាស្រ្ត កម្រិតមធ្យមសិក,true,271,3d4a6881,330,true,0,0
/books/ថ្នាក់ទី១-ទៅលេងបុណ្យអុំទូក,ថ្នាក់ទី១៖ ទៅលេងបុណ្យអុំទូក,true,236,2ee5c7e0,102,false,0,0
/books/បច្ចេកទេសការដាំដំណាំសរីរាង្គ,បច្ចេកទេសការដាំដំណាំសរីរាង្គ,true,230,59eef3e3,108,true,0,0
/books/សៀវភៅពន្លឿនការសិក្សា-វិទ្យាសាស្ត្រអនុវត្ត-ថ្នាក់ឆ្នាំទី១-សម្រាប់គ,សៀវភៅពន្លឿនការសិក្សា វិទ្យាសាស្ត្រអនុវត្ត ថ្នាក់ឆ្នាំទី១ សម្រាប់គ,true,266,686ecb43,168,false,0,0
/books/quantitative-data-analysis-in-education,Quantitative Data Analysis in Education,false,300,41a019cf,1,false,0,0
/books/ស្វែង-យល់អំពីអ៊ីមែល-និង-ការ-ប្រើប្រាស់-អ៊ីមែល-លើ-សំបុត្រ-បណ្ដាញ,ស្វែង​យល់អំពីអ៊ីមែល និង​ការ​ប្រើប្រាស់​អ៊ីមែល លើ​សំបុត្រ​បណ្ដាញ (,true,267,59eef3e3,108,true,0,0
/books/សៀវភៅព័ត៌មានស្តីពី-ទស្សនាវដ្ដីស្រាវជ្រាវកម្ពុជា-សម្រាប់ការអប់រំ-ន,សៀវភៅព័ត៌មានស្តីពី ទស្សនាវដ្ដីស្រាវជ្រាវកម្ពុជា សម្រាប់ការអប់រំ ន,true,271,3d4a6881,330,true,0,0
/books/រូបមន្តសង្ខេប-និងកំណែលំហាត់-រូបវិទ្យាថ្នាក់ទី១២,រូបមន្តសង្ខេប និងកំណែលំហាត់ រូបវិទ្យាថ្នាក់ទី១២,true,253,3d4a6881,330,false,0,0
/books/កូនស្វាឆ្លាត-កម្រិត-a2-សៀវភៅគ្រូ,កូនស្វាឆ្លាត កម្រិត A2 (សៀវភៅគ្រូ),true,230,3ee677b6,5,false,0,0
/books/មូលដ្ឋានគ្រឹះនៃមាត្រដ្ឋាននិងខ្នាតក្នុងរូបវិទ្យា-អង់គ្លេស-03-unit,មូលដ្ឋានគ្រឹះនៃមាត្រដ្ឋាននិងខ្នាតក្នុងរូបវិទ្យា(អង់គ្លេស) 03-Unit,true,262,7c61b4b3,239,true,0,0
/books/កសិកម្មនិរន្តន៍ភាព,កសិកម្មនិរន្តន៍ភាព,true,219,686ecb43,168,true,0,0
/books/ប្រព័ន្ធអង់ដូគ្រីន,ប្រព័ន្ធអង់ដូគ្រីន,true,219,686ecb43,168,true,0,0
/books/ការអប់រំសម្រាប់ទាំងអស់គ្នា,ការអប់រំសម្រាប់ទាំងអស់គ្នា,true,223,7c61b4b3,239,false,0,0
/books/ថ្នាក់ទី១-ចែឆែថា,ថ្នាក់ទី១៖ ចែឆែថា,true,226,2ee5c7e0,102,false,0,0
/books/សៀវភៅកម្រងស្នាដៃសិក្ខាកាមឆ្នាំ២០២៣,សៀវភៅកម្រងស្នាដៃសិក្ខាកាមឆ្នាំ២០២៣,true,236,59eef3e3,108,false,0,0
/books/សៀវភៅសិក្សាគោល-វិទ្យាសាស្ត្រ-ថ្នាក់ទី៧,សៀវភៅសិក្សាគោល វិទ្យាសាស្ត្រ ថ្នាក់ទី៧,true,235,7018f742,23,true,0,0
/books/ឯកសារ-បណ្ដាញ-ចំណេះដឹង-សម្រាប់-សិស្ស-ស្វ័យ-សិក្សា-រូបវិទ្យា-ថ្នាក់,ឯកសារ​បណ្ដាញ​ចំណេះដឹង​សម្រាប់​សិស្ស​ស្វ័យ​សិក្សា រូបវិទ្យា ថ្នាក់,true,262,7c61b4b3,239,true,0,0
/books/កិច្ចតែងការបង្រៀន-ជីវវិទ្យា-ថ្នាក់ទី១១-អំពី-ការបន្តពូជ-និងកាលូតលា,កិច្ចតែងការបង្រៀន ជីវវិទ្យា ថ្នាក់ទី១១ អំពី​ការបន្តពូជ និងកាលូតលា,true,262,7c61b4b3,239,true,0,0
/books/ថ្នាក់ទី១០-គីមីវិទ្យា,ថ្នាក់ទី១០៖ គីមីវិទ្យា,true,249,bb49e20d,76,false,0,0
/books/បរិវត្តកម្មឌីជីថលក្នុងប្រព័ន្ធគាំពារសង្គម-ផែនការយុទ្ធសាស្ត្រ-២០២៤,បរិវត្តកម្មឌីជីថលក្នុងប្រព័ន្ធគាំពារសង្គម៖ ផែនការយុទ្ធសាស្ត្រ ២០២៤,true,225,b0119433,7,false,0,0
/books/សៀវភៅហ្វឹកហាត់គណិតវិទ្យាថ្នាក់ទី៩-២សមាមាត្រ,សៀវភៅហ្វឹកហាត់គណិតវិទ្យាថ្នាក់ទី៩-២សមាមាត្រ,true,249,3d4a6881,330,true,0,0
/books/រូបវិទ្យាថ្នាក់ទី១២,រូបវិទ្យាថ្នាក់ទី១២,true,239,bd1e639d,67,false,0,0
/books/សៀវភៅចិន-អូឡាំពេជ-ភាគ៤,សៀវភៅចិន អូឡាំពេជ ភាគ៤,true,243,bd1e639d,67,false,0,0
/books/បច្ចេកវិទ្យា-និងវិស័យឧស្សាហកម្មវៃឆ្លាតនៅកម្ពុជា,បច្ចេកវិទ្យា និងវិស័យឧស្សាហកម្មវៃឆ្លាតនៅកម្ពុជា,true,266,67071660,34,false,0,0
/books/សៀវភៅចិន-អូឡាំពេជ-ភាគ៣,សៀវភៅចិន អូឡាំពេជ ភាគ៣,true,243,bd1e639d,67,false,0,0
/books/បទពិសោធន៍-ចិញ្ចឹម-ទា-របស់-កសិករ-ង៉ែត-ផុន,បទពិសោធន៍​ចិញ្ចឹម​ទា​របស់​កសិករ ង៉ែត ផុន,true,241,686ecb43,168,false,0,0
/books/sea-plm-2024-main-regional-report-1st-edition,SEA-PLM 2024 Main Regional Report (1st Edition),true,375,e11dfacd,1,false,0,0
/books/សៀវភៅវិទ្យាសាស្ត្រ-ថ្នាក់ទី៨,សៀវភៅវិទ្យាសាស្ត្រ ថ្នាក់ទី៨,true,229,686ecb43,168,true,0,0
/books/ថ្នាក់ទី៨-គណិតវិទ្យា,ថ្នាក់ទី៨៖ គណិតវិទ្យា,true,247,bb49e20d,76,false,0,0
/books/កញ្ចប់ឯកសារការសិក្សាបំប៉នបន្ថែម-គណិតវិទ្យា-ថ្នាក់ទី៦,កញ្ចប់ឯកសារការសិក្សាបំប៉នបន្ថែម គណិតវិទ្យា (ថ្នាក់ទី៦),true,260,3d4a6881,330,true,0,0
/books/ផែនដីវិទ្យា-ថ្នាក់-ទី-៧-ជំពូក-ទី-១-មេរៀន-ទី-២-ផ្កាយពិសេសឬព្រះអ,ផែនដីវិទ្យា​ ថ្នាក់​ទី​៧ ជំពូក​ទី​១ មេរៀន​ទី​២៖ ​ផ្កាយពិសេសឬព្រះអ,true,266,686ecb43,168,true,0,0
/books/singapore-mathematical-olympiads-2013,SINGAPORE MATHEMATICAL OLYMPIADS 2013,true,258,bd1e639d,67,true,0,0
/books/ជីវវិទ្យា-ថ្នាក់ទី៧-មេរៀនទី-២-ផ្នែកផ្សេងៗនៃប្រដាប់រំលាយអាហារ,ជីវវិទ្យា ថ្នាក់ទី៧ មេរៀនទី ២៖ ផ្នែកផ្សេងៗនៃប្រដាប់រំលាយអាហារ,true,258,7c61b4b3,239,true,0,3
/books/ខ្សែអាហារ,ខ្សែអាហារ,true,199,1359c09c,4,false,0,0
/books/មូលដ្ឋានគ្រិៈទូរគមនាគមន៍អេឡិចត្រូនិចឆ្នាំទី២,មូលដ្ឋានគ្រិៈទូរគមនាគមន៍អេឡិចត្រូនិចឆ្នាំទី២,true,245,686ecb43,168,true,0,0
/books/ឯកសារបណ្ដាញចំណេះដឹងសម្រាប់សិស្សស្វ័យសិក្សា-មុខជីវវិទ្យា-ថ្នាក់ទី៩,ឯកសារបណ្ដាញចំណេះដឹងសម្រាប់សិស្សស្វ័យសិក្សា មុខជីវវិទ្យា ថ្នាក់ទី៩,true,262,7c61b4b3,239,true,0,0
/books/ឯកសារស្វ័យសិក្សារូបវិទ្យាថ្នាក់ទី៨,ឯកសារស្វ័យសិក្សារូបវិទ្យាថ្នាក់ទី៨,true,231,7c61b4b3,239,true,0,0
/books/មេកានិកកង់ទិច,មេកានិកកង់ទិច,true,214,686ecb43,168,true,0,0
/books/ថ្នាក់ទី៨-ភាសាខ្មែរ,ថ្នាក់ទី៨៖ ភាសាខ្មែរ,true,245,bb49e20d,76,false,0,0
/books/សៀវភៅកិច្ចការផ្ទះគីមីវិទ្យាថ្នាក់ទី១១,សៀវភៅកិច្ចការផ្ទះគីមីវិទ្យាថ្នាក់ទី១១,true,235,7c61b4b3,239,true,0,0
/books/ធរណីមាត្រ-1,ធរណីមាត្រ,true,230,bd1e639d,67,true,0,0
/books/កម្រងសំណួរ-ចម្លើយរូបវិទ្យា-ត្រៀមប្រឡងបាក់ឌុប,កម្រងសំណួរ-ចម្លើយរូបវិទ្យា ត្រៀមប្រឡងបាក់ឌុប,true,241,7c61b4b3,239,true,0,0
/books/អប់រំកាយ-និងកីឡា-ថ្នាក់ទី១២,អប់រំកាយ និងកីឡា ថ្នាក់ទី១២,true,260,bb49e20d,76,false,0,0
/books/វិញ្ញាសាថ្មី២០២៣ទុកគណនា,វិញ្ញាសាថ្មី២០២៣ទុកគណនា,true,229,3d4a6881,330,true,0,0
/books/អភិវឌ្ឍន៍វិញ្ញាសាប្រឡងប្រចាំខែ-នៅកម្រិតមធ្យមសិក្សាបឋមភូមិ,អភិវឌ្ឍន៍វិញ្ញាសាប្រឡងប្រចាំខែ​ នៅកម្រិតមធ្យមសិក្សាបឋមភូមិ,true,264,3d4a6881,330,false,0,0
/books/រូបវិទ្យា-ថ្នាក់-ទី-៩-មេរៀន-ទី-៤-រ៉ក-និង-ត្រឺយ,រូបវិទ្យា ថ្នាក់​ទី​៩ មេរៀន​ទី​៤៖ ​រ៉ក និង​ត្រឺយ,true,245,7c61b4b3,239,true,0,0
/books/ទំនាក់ទំនងទិន្នន័យ-និងបណ្តាញកុំព្យូទ័រ,ទំនាក់ទំនងទិន្នន័យ និងបណ្តាញកុំព្យូទ័រ,true,225,d702efc6,21,false,0,0
/books/សៀវភៅពិសោធន៍គីមីវិទ្យាកម្រិតបឋមភូមិ-និងទុតិយភូមី,សៀវភៅពិសោធន៍គីមីវិទ្យាកម្រិតបឋមភូមិ និងទុតិយភូមី,true,246,7c61b4b3,239,true,0,0
/books/ថ្នាក់ទី២-ស្រអែមនិងម្លិះ,ថ្នាក់ទី២៖ ស្រអែមនិងម្លិះ,true,234,2ee5c7e0,102,false,0,0
/books/រូបវិទ្យា-ថ្នាក់-ទី-៨-មេរៀន-ទី-៣-ទន្លាក់-សេរី,រូបវិទ្យា ថ្នាក់​ទី​៨ មេរៀន​ទី​៣៖ ​ទន្លាក់​សេរី,true,244,7c61b4b3,239,true,0,0
/books/yardlong-bean,Yardlong bean,true,237,c1127915,36,true,0,0
/books/ឯកសារបណ្តាញចំណេះដឹងសម្រាប់សិស្សស្វ័យសិក្សា-គណិតវិទ្យា-ថ្នាក់ទី៨,ឯកសារបណ្តាញចំណេះដឹងសម្រាប់សិស្សស្វ័យសិក្សា គណិតវិទ្យា ថ្នាក់ទី៨,true,269,3d4a6881,330,true,0,0
/books/ថ្នាក់ទី២-មុខរបរដែលខ្ញុំស្រឡាញ់,ថ្នាក់ទី២៖ មុខរបរដែលខ្ញុំស្រឡាញ់,true,239,86fbd334,11,false,0,0
/books/ការអនុវត្តកម្មវិធី-game-changers-coalition-2023,ការអនុវត្តកម្មវិធី GAME CHANGERS COALITION 2023,true,253,8db1d2a1,13,true,0,0
/books/ឯកសារណែនាំគ្រូបង្រៀន-គណិតវិទ្យាថ្នាក់ទី៧-ដល់ទី៩-បញ្ជាបខ្លឹមសារបន,ឯកសារណែនាំគ្រូបង្រៀន«គណិតវិទ្យាថ្នាក់ទី៧ ដល់ទី៩» បញ្ជាបខ្លឹមសារបន,true,271,3d4a6881,330,true,0,0
/books/បច្ចេកទេសផ្សាំក្រូច,បច្ចេកទេសផ្សាំក្រូច,true,221,59eef3e3,108,true,0,0
/books/សៀវភៅលំហាត់គីមីវិទ្យាថ្នាក់ទី១២,សៀវភៅលំហាត់គីមីវិទ្យាថ្នាក់ទី១២,true,229,7c61b4b3,239,true,0,0
/books/លំហាត់គណិតវិទ្យា-សិស្សពូកែថ្នាក់ទី-៩,លំហាត់គណិតវិទ្យា សិស្សពូកែថ្នាក់ទី ៩,true,242,3d4a6881,330,false,0,0
/books/ធរណីមាត្រក្នុងលំហ-1,ធរណីមាត្រក្នុងលំហ,true,223,3d4a6881,330,true,0,0
/books/សៀវភៅសិក្សាគោល-គីមី,សៀវភៅសិក្សាគោល គីមី,true,217,7c61b4b3,239,true,0,0
/books/ឯកសារជំនួយស្មារតី-អភិវឌ្ឍន៍វិញ្ញាសាប្រលងប្រចាំខែ-នៅកម្រិតមធ្យមសិក-3,ឯកសារជំនួយស្មារតី អភិវឌ្ឍន៍វិញ្ញាសាប្រលងប្រចាំខែ នៅកម្រិតមធ្យមសិក,true,266,686ecb43,168,false,0,0
/books/សៀវភៅពន្លឿនការសិក្សា-គណិតវិទ្យា-ថ្នាក់ឆ្នាំទី៣-សម្រាប់គ្រូបង្រៀន,សៀវភៅពន្លឿនការសិក្សា គណិតវិទ្យា ថ្នាក់ឆ្នាំទី៣ សម្រាប់គ្រូបង្រៀន,true,270,3d4a6881,330,false,0,0
/books/សៀវភៅណែនាំស្ដីពីសុវត្ថិភាពជីវសាស្ត្រក្នុងបន្ទីរពិសោធន៍,សៀវភៅណែនាំស្ដីពីសុវត្ថិភាពជីវសាស្ត្រក្នុងបន្ទីរពិសោធន៍,true,255,686ecb43,168,false,0,0
/books/កម្រងវិញ្ញាសារ-ជីវវិទ្យា-ថ្នាក់ទី១២,កម្រងវិញ្ញាសារ ជីវវិទ្យា ថ្នាក់ទី១២,true,232,7c61b4b3,239,true,0,0
/books/ថ្នាក់ទី១-ដុសធ្មេញ,ថ្នាក់ទី១៖ ដុសធ្មេញ,true,228,2ee5c7e0,102,false,0,0
/books/សៀវភៅមគ្គុទេសក៍ដំណើរការស្នើសុំចុះឈ្មោះដែនជាតិ-kh-តាមរយៈប្រព័ន្ធស,សៀវភៅមគ្គុទេសក៍ដំណើរការស្នើសុំចុះឈ្មោះដែនជាតិ .kh តាមរយៈប្រព័ន្ធស,true,267,59eef3e3,108,true,0,0
/books/សៀវភៅ-គណិតវិទ្យា-ថ្នាក់-ទី-៨,សៀវភៅ​គណិតវិទ្យា​ថ្នាក់​ទី​៨,true,249,bd1e639d,67,true,0,0
/books/ស្តង់ដារកម្ពុជាសម្រាប់-ស្វាយចន្ទី,ស្តង់ដារកម្ពុជាសម្រាប់ ស្វាយចន្ទី,true,235,59eef3e3,108,true,0,0
/books/methods-in-educational-research-from-theory-to-practice,Methods in Educational Research: From Theory to Practice,true,231,82b258c2,1,false,0,0
/books/ជីវវិទ្យា-ថ្នាក់ទី១១,ជីវវិទ្យា ថ្នាក់ទី១១,true,240,bd1e639d,67,false,0,0
/books/physical-education-sport-teacher-s-book-grade-6,Physical Education & Sport — Teacher's Book Grade 6,true,272,49ab0832,16,false,0,0
/books/rubber-as-an-ecomomic-commodity,Rubber as an Ecomomic Commodity,true,237,8db1d2a1,13,true,0,0
/books/ថ្នាក់ទី១-សាហៅដា,ថ្នាក់ទី១៖ សាហៅដា,true,226,2ee5c7e0,102,false,0,0
/books/ជំពូកទី១-មេរៀនទី២-ភាពអារ,ជំពូកទី១ មេរៀនទី២ ភាពអារ,true,192,bacd6d22,41,true,0,0
/books/សៀវភៅពិសោធន៍រូបវិទ្យាកម្រិតទុតិយភូមិ-ថ្នាក់ទី១០-១១-១២,សៀវភៅពិសោធន៍រូបវិទ្យាកម្រិតទុតិយភូមិ (ថ្នាក់ទី១០ ១១ ១២),true,252,7c61b4b3,239,true,0,0
/books/សៀវភៅសិក្សាគោល-ជីវវិទ្យា,សៀវភៅសិក្សាគោល ជីវវិទ្យា,true,221,7c61b4b3,239,true,0,0
/books/action-research-in-education-a-practical-guide,Action Research in Education: A Practical Guide,true,228,a55d8497,1,false,0,0
/books/កម្រងកិច្ចការផ្ទះគណិតវិទ្យាថ្នាក់ទី២-សម្រាប់១ឆ្នាំ,កម្រងកិច្ចការផ្ទះគណិតវិទ្យាថ្នាក់ទី២ សម្រាប់១ឆ្នាំ,true,277,c5771d26,18,false,0,0
/books/សៀវភៅ-សាកវប្បកម្មក្នុងផ្ទះបៃតង,សៀវភៅ សាកវប្បកម្មក្នុងផ្ទះបៃតង,true,231,686ecb43,168,true,0,0
/books/ការអប់រំឌីជីថល-បរិវត្តកម្មឌីជីថលនៅក្នុងអេកូស៊ីស្តែមនៃការអប់រំ,ការអប់រំឌីជីថល ៖ បរិវត្តកម្មឌីជីថលនៅក្នុងអេកូស៊ីស្តែមនៃការអប់រំ,true,265,59eef3e3,108,true,0,0
/books/គណិតវិទ្យា-ថ្នាក់ទី៧,គណិតវិទ្យា ថ្នាក់ទី៧,true,226,3d4a6881,330,false,0,0
/books/ប្រឡងជ្រើសរើសសិស្សពូកែទូទាំងប្រទេស-ផ្នែកគណិតវិទ្យា-ថ្នាក់ទី១២,ប្រឡងជ្រើសរើសសិស្សពូកែទូទាំងប្រទេស ផ្នែកគណិតវិទ្យា ថ្នាក់ទី១២,true,267,3d4a6881,330,true,0,0
/books/មេរៀនទី៧-អូតូអាំងឌុចស្យុង,មេរៀនទី៧ អូតូអាំងឌុចស្យុង,true,226,686ecb43,168,true,0,0
/books/កម្មវិធី-នព្វន្ត,កម្មវិធី​នព្វន្ត,true,218,59eef3e3,108,true,0,0
/books/ឯកសារបណ្ដុះបណ្ដាលការផលិតសម្ភារៈបង្រៀនពហុព័ត៌មាន-និងសាគមនាគមន៍,ឯកសារបណ្ដុះបណ្ដាលការផលិតសម្ភារៈបង្រៀនពហុព័ត៌មាន និងសាគមនាគមន៍,true,264,96902f4e,4,false,0,0
/books/សៀវភៅមេរៀន-និងលំហាត់-photoshop-2021-មាន-74-ទំព័រ,សៀវភៅមេរៀន និងលំហាត់ PhotoShop 2021 មាន 74 ទំព័រ,true,250,59eef3e3,108,false,0,0
/books/មូលដ្ឋានគ្រឹះនៃ-arduino,មូលដ្ឋានគ្រឹះនៃ Arduino,true,225,59eef3e3,108,true,0,0
/books/លំហាត់រូបវិទ្យា-ភាគ១,លំហាត់រូបវិទ្យា ភាគ១,true,229,2b59b08a,3,false,0,0
/books/សុវត្ថិភាពអគ្គិសនី,សុវត្ថិភាពអគ្គិសនី,true,220,59eef3e3,108,false,0,0
/books/ថ្នាក់ទី២-កុក-និងចចក,ថ្នាក់ទី២៖ កុក និងចចក,true,230,2ee5c7e0,102,false,0,0
/books/សត្រាប់រត្ររៀមត្របឡងសញ្ញាបត្ររមធ្យមសិក្សាទុរិយភូមិ,សត្រាប់រត្ររៀមត្របឡងសញ្ញាបត្ររមធ្យមសិក្សាទុរិយភូមិ,true,248,7c61b4b3,239,true,0,0
/books/គណិតវិទ្យាថ្នាក់ទី៩-កម្មវិធីចាស់,គណិតវិទ្យាថ្នាក់ទី៩(កម្មវិធីចាស់),true,239,3d4a6881,330,true,0,0
/books/ថ្នាក់ទី៣-តំតំ-និងមិត្តទាំងពីរ,ថ្នាក់ទី៣៖ តំតំ និងមិត្តទាំងពីរ,true,240,2ee5c7e0,102,false,0,0
/books/កម្មវិធីសិក្សាលម្អិត-រូបវិទ្យា-បណ្ដុំវិទ្យាសាស្ត្រ-សម្រាប់-កម្រិត,កម្មវិធីសិក្សាលម្អិត រូបវិទ្យា បណ្ដុំវិទ្យាសាស្ត្រ សម្រាប់ កម្រិត,true,262,7c61b4b3,239,true,0,0
/books/សំណួរតេស្តគំរូនៃកម្មវិធីអន្តរជាតិ-pisa-ជីវវិទ្យា-ថ្នាក់ទី-៧-សម្,សំណួរតេស្តគំរូនៃកម្មវិធីអន្តរជាតិ(PISA) ជីវវិទ្យា ថ្នាក់ទី ៧ (សម្,true,262,7c61b4b3,239,true,0,0
/books/ថ្នាក់ទី៩-english-is-fun-book-6,ថ្នាក់ទី៩៖ English is Fun Book 6,true,251,bb036af9,15,false,0,0
/books/ឯកសារជំំនួយស្មាតីស្ដីពី-ការអភិវឌ្ឍវិញ្ញាសាប្រលងឆមាស-នៅកម្រិតមធ្យម,ឯកសារជំំនួយស្មាតីស្ដីពី ការអភិវឌ្ឍវិញ្ញាសាប្រលងឆមាស នៅកម្រិតមធ្យម,true,271,3d4a6881,330,false,0,0
/books/គណិតវិទ្យា-ថ្នាក់-ទី-៧-មេរៀន-ទី-២០-ប្រូបាប,គណិតវិទ្យា ថ្នាក់​ទី​៧ មេរៀន​ទី​២០៖ ប្រូបាប,true,249,3d4a6881,330,true,0,0
/books/កម្រងវិញ្ញាសា-ប្រលងសិស្សពូកែគណិតវិទ្យាថ្នាក់ទី១២,កម្រងវិញ្ញាសា ប្រលងសិស្សពូកែគណិតវិទ្យាថ្នាក់ទី១២,true,254,3d4a6881,330,true,0,0
/books/កិច្ចតែងការបង្រៀន-រូបវិទ្យាថ្នាក់ទី១២,កិច្ចតែងការបង្រៀន រូបវិទ្យាថ្នាក់ទី១២,true,234,7c61b4b3,239,true,0,0
/books/រូបវិទ្យា-បណ្តុំវិទ្យាសាស្ត្រសង្គម,រូបវិទ្យា បណ្តុំវិទ្យាសាស្ត្រសង្គម,true,231,7c61b4b3,239,true,0,0
/books/pisa-2022-results-snapshot,PISA 2022 Results Snapshot,true,243,a1fa9702,1,false,0,0
/books/កិច្ចតែងការបង្រៀន,កិច្ចតែងការបង្រៀន,true,223,3d4a6881,330,true,0,0
/books/គណិតវិទ្យាអនន្ត,គណិតវិទ្យាអនន្ត,true,221,3d4a6881,330,true,0,0
/books/ថ្នាក់ទី២-ធ្មេញល្អ-សស្អាត,ថ្នាក់ទី២៖ ធ្មេញល្អ សស្អាត,true,233,86fbd334,11,false,0,0
/books/ឯកសារជំនួយស្មារតី-អភិវឌ្ឍន៍វិញ្ញាសាប្រលងប្រចាំខែ-នៅកម្រិតមធ្យមសិក-2,ឯកសារជំនួយស្មារតី អភិវឌ្ឍន៍វិញ្ញាសាប្រលងប្រចាំខែ នៅកម្រិតមធ្យមសិក,true,266,686ecb43,168,false,0,0
/books/កិច្ចការផ្ទះ-ចំនួនកុំផ្លិច,កិច្ចការផ្ទះ ចំនួនកុំផ្លិច,true,224,7c61b4b3,239,true,0,0
/books/ថ្នាក់ទី២-ខ្ញុំចូលចិត្តញ៉ាំ,ថ្នាក់ទី២៖ ខ្ញុំចូលចិត្តញ៉ាំ,true,237,2ee5c7e0,102,false,0,0
/books/វិញ្ញាសាធ្លាប់ប្រឡងបាក់ឌុប-គណិតវិទ្យា-ថ្នាក់ទី១២-វិទ្យាសាស្ត្រ,វិញ្ញាសាធ្លាប់ប្រឡងបាក់ឌុប គណិតវិទ្យា ថ្នាក់ទី១២ (វិទ្យាសាស្ត្រ),true,270,3d4a6881,330,true,0,0
/books/កម្មវិធីសិក្សាលម្អិត-សិក្សាសង្គម-ថ្នាក់ទី១-៦,កម្មវិធីសិក្សាលម្អិត សិក្សាសង្គម ថ្នាក់ទី១-៦,true,262,83f747b2,10,false,0,0
/books/មូលដ្ឋានគ្រឹះទ្រឹស្តីស្ថិតិ,មូលដ្ឋានគ្រឹះទ្រឹស្តីស្ថិតិ,true,248,bd1e639d,67,false,0,0
/books/ជីវវិទ្យា-ថ្នាក់ទី៩-ជំពូកទី២-មេរៀនទី-១-ណឺរ៉ូន,ជីវវិទ្យា ថ្នាក់ទី៩ ជំពូកទី២ ​មេរៀនទី ១៖​ ណឺរ៉ូន,true,245,7c61b4b3,239,true,0,0
/books/ធនធានរ៉ែ,ធនធានរ៉ែ,true,209,686ecb43,168,false,0,0
/books/កម្រងកិច្ចការផ្ទះភាសាខ្មែរថ្នាក់ទី១-សម្រាប់១ឆ្នាំ,កម្រងកិច្ចការផ្ទះភាសាខ្មែរថ្នាក់ទី១ សម្រាប់១ឆ្នាំ,true,275,c5771d26,18,false,0,0
/books/សៀវភៅកិច្ចតែងការបង្រៀន,សៀវភៅកិច្ចតែងការបង្រៀន,true,214,7018f742,23,true,0,0
/books/មេរៀនសង្ខេបនិងលំហាត់គំរូ,មេរៀនសង្ខេបនិងលំហាត់គំរូ,true,230,3d4a6881,330,false,0,0
/books/ស្តង់ដាវិជ្ជាជីវៈគ្រូបង្រៀន,ស្តង់ដាវិជ្ជាជីវៈគ្រូបង្រៀន,true,184,b8902bb3,3,false,0,0
/books/bio-gardening,Bio gardening,true,230,bd1e639d,67,false,0,0
/books/វិញ្ញាសារត្រៀមប្រឡងបាក់ឌុប,វិញ្ញាសារត្រៀមប្រឡងបាក់ឌុប​​,true,234,3d4a6881,330,true,0,0
/books/ឯកសារណែនាំគ្រូបង្រៀន-រូបវិទ្យាថ្នាក់ទី៧-ដល់ទី៩-បញ្ជាបខ្លឹមសារបន្,ឯកសារណែនាំគ្រូបង្រៀន«រូបវិទ្យាថ្នាក់ទី៧ ដល់ទី៩» បញ្ជាបខ្លឹមសារបន្,true,271,3d4a6881,330,true,0,0
/books/កិច្ចតែងការបង្រៀនគណិតវិទ្យា,កិច្ចតែងការបង្រៀនគណិតវិទ្យា,true,233,3d4a6881,330,true,0,0
/books/ការផលិតសម្ភារៈពិសោធ-និងវិធីសាស្ត្របង្រៀនពិសោធ-គីមីវិទ្យា,ការផលិតសម្ភារៈពិសោធ និងវិធីសាស្ត្របង្រៀនពិសោធ «គីមីវិទ្យា»,true,256,7c61b4b3,239,true,0,0
/books/កិច្ច-តែងការបង្រៀន-ជីវវិទ្យា-ថ្នាក់ទី១០,កិច្ច​តែងការបង្រៀន ជីវវិទ្យា ថ្នាក់ទី១០,true,237,7c61b4b3,239,true,0,0
/books/កម្រងវិញ្ញាសាវិទ្យាសាស្ដ្រថ្នាក់ទី9-រូប-គីមី-ជីវៈ-ផែនដី,កម្រងវិញ្ញាសាវិទ្យាសាស្ដ្រថ្នាក់ទី9 (រូប គីមី ជីវៈ ផែនដី),true,255,7c61b4b3,239,false,0,0
/books/សៀវភៅកិច្ចការផ្ទះរូបវិទ្យាថ្នាក់ទី១០,សៀវភៅកិច្ចការផ្ទះរូបវិទ្យាថ្នាក់ទី១០,true,233,7c61b4b3,239,false,0,0
/books/ផែនដីវិទ្យា-ថ្នាក់-ទី-៧-ជំពូក-ទី-១-ប្រព័ន្ធ-ព្រះអាទិត្,ផែនដីវិទ្យា​ ថ្នាក់​ទី​៧ ជំពូក​ទី​១៖ ​ប្រព័ន្ធ​ព្រះអាទិត្,true,258,686ecb43,168,true,0,0
/books/teaching-strategies,Teaching Strategies,true,206,3861ee6a,8,false,0,0
/books/ឯកសារបំប៉នសមត្ថភាព-គ្រូបង្រៀននៅអនុវិទ្យាល័យ-ផែនដីវិទ្យា,ឯកសារបំប៉នសមត្ថភាព គ្រូបង្រៀននៅអនុវិទ្យាល័យ ផែនដីវិទ្យា,true,256,686ecb43,168,false,0,0
/books/វិញ្ញាសាត្រៀមប្រឡងបាក់ឌុប-ជីវវិទ្យា,វិញ្ញាសាត្រៀមប្រឡងបាក់ឌុប «ជីវវិទ្យា»,true,234,7c61b4b3,239,true,0,0
/books/គីមីវិទ្យាថ្នាក់ទី៧-១៩៨៥,គីមីវិទ្យាថ្នាក់ទី៧ (១៩៨៥),true,224,7c61b4b3,239,true,0,0
/books/សិក្ខាសាលាស្ដីពី-ការចែករំលែកឧត្តមានុវត្តនៃការអនុវត្តកញ្ចប់សម្ភារៈ-1,សិក្ខាសាលាស្ដីពី ការចែករំលែកឧត្តមានុវត្តនៃការអនុវត្តកញ្ចប់សម្ភារៈ,true,271,3d4a6881,330,false,0,0
/books/ឯកសារជំនួយស្មារតី-ការអភិវឌ្ឍសំណួរតេស្តស្ដង់ដារប្រចាំខែ-ឆ្លើយតបនឹង,ឯកសារជំនួយស្មារតី ការអភិវឌ្ឍសំណួរតេស្តស្ដង់ដារប្រចាំខែ ឆ្លើយតបនឹង,true,266,686ecb43,168,true,0,0
/books/ឯកសារ-បណ្ដាញ-ចំណេះដឹង-សម្រាប់-សិស្ស-ស្វ័យ-សិក្សា-គណិតវិទ្យា-ថ្នាក-1,ឯកសារ​បណ្ដាញ​ចំណេះដឹង​សម្រាប់​សិស្ស​ស្វ័យ​សិក្សា គណិតវិទ្យា ថ្នាក,true,271,3d4a6881,330,true,0,0
/books/វិញ្ញាសាគីមីវិទ្យា,វិញ្ញាសាគីមីវិទ្យា,true,216,7c61b4b3,239,true,0,0
/books/physical-education-sport-teacher-s-book-grade-4,Physical Education & Sport — Teacher's Book Grade 4,true,272,49ab0832,16,false,0,0
/books/ការអប់រំ-steam-តាមរយៈ-ict,ការអប់រំ STEAM តាមរយៈ ICT,true,212,d702efc6,21,false,0,0
/books/បច្ចេកវិទ្យាព័ត៌មាន-និងសារគមនាគមន៍-ថ្នាក់ទី-១០,បច្ចេកវិទ្យាព័ត៌មាន និងសារគមនាគមន៍ ថ្នាក់ទី ១០,true,266,ed6bd704,25,false,0,0
/books/លំហាត់-កុំផ្លិច-ហូ-សេរី,លំហាត់ កុំផ្លិច ហូ សេរី,true,224,686ecb43,168,true,0,0
/books/ផែនដីវិទ្យា-ថ្នាក់-ទី-៩-ជំពូក-ទី-២-មេរៀន-ទី-៣-ភ្នំភ្លើង,ផែនដីវិទ្យា​ ថ្នាក់​ទី​៩ ជំពូក​ទី​២ មេរៀន​ទី​៣៖ ​ភ្នំភ្លើង,true,259,686ecb43,168,false,0,0
/books/សៀវភៅហ្វឹកហាត់លំហាត់គណិតវិទ្យាថ្នាក់ទី២-ភាគ២,សៀវភៅហ្វឹកហាត់លំហាត់គណិតវិទ្យាថ្នាក់ទី២ ភាគ២,true,250,3d4a6881,330,true,0,0
/books/សៀវភៅអក្ខរកម្មគណិតវិទ្យា-កម្រិត-២,សៀវភៅអក្ខរកម្មគណិតវិទ្យា កម្រិត ២,true,239,3d4a6881,330,true,0,0
/books/កូនស្វាឆ្លាត-កម្រិត-a5-សៀវភៅគ្រូ,កូនស្វាឆ្លាត កម្រិត A5 (សៀវភៅគ្រូ),true,230,3ee677b6,5,false,0,0
/books/ការប្រើប្រាស់ms-word,ការប្រើប្រាស់Ms.Word,true,222,59eef3e3,108,false,0,0
/books/សៀវភៅត្រៀមប្រទ្បងគ្រូ,សៀវភៅត្រៀមប្រទ្បងគ្រូ,true,227,3d4a6881,330,true,0,0
/books/គណិតវិទ្យា-ទី-១២,គណិតវិទ្យា ទី ១២,true,222,3d4a6881,330,true,0,0
/books/ថ្នាក់ទី៥-គណិតវិទ្យា,ថ្នាក់ទី៥៖ គណិតវិទ្យា,true,247,bb49e20d,76,false,0,0
/books/សៀវភៅកិច្ចការផ្ទះរូបវិទ្យាថ្នាក់ទី៩,សៀវភៅកិច្ចការផ្ទះរូបវិទ្យាថ្នាក់ទី៩,true,232,7c61b4b3,239,true,0,0
/books/ការអនុវត្តវិធីសាស្ត្របង្រៀន-វិធីវិទ្យាសាស្ត្រ-និងវិធីបង្រៀន-តាមបែ-1,ការអនុវត្តវិធីសាស្ត្របង្រៀន វិធីវិទ្យាសាស្ត្រ និងវិធីបង្រៀន តាមបែ,true,271,3d4a6881,330,true,0,0
/books/ផែនដីវិទ្យា-ថ្នាក់-ទី-៨-ជំពូក-ទី-២-មេរៀន-ទី-៣-វដ្តសិលា,ផែនដីវិទ្យា​ ថ្នាក់​ទី​៨ ជំពូក​ទី​២ មេរៀន​ទី​៣៖ ​វដ្តសិលា,true,258,686ecb43,168,true,0,0
/books/គណិតវិទ្យា-កម្រិតមូលដ្ឋាន-ថ្នាក់ទី១១,គណិតវិទ្យា កម្រិតមូលដ្ឋាន ថ្នាក់ទី១១,true,242,3d4a6881,330,true,0,0
/books/សៀវភៅលំហាត់គណិតវិទ្យាសម្រាប់គ្រូ-និងសិស្សមធ្យមសិក្សាទុតិយភូមិ,សៀវភៅលំហាត់គណិតវិទ្យាសម្រាប់គ្រូ​ និងសិស្សមធ្យមសិក្សាទុតិយភូមិ,true,268,3d4a6881,330,true,0,0
/books/ឯកសារ-បណ្ដាញ-ចំណេះដឹង-សម្រាប់-សិស្ស-ស្វ័យ-សិក្សា-គីមីវិទ្យា-ថ្នាក-1,ឯកសារ​បណ្ដាញ​ចំណេះដឹង​សម្រាប់​សិស្ស​ស្វ័យ​សិក្សា គីមីវិទ្យា ថ្នាក,true,263,7c61b4b3,239,true,0,0
/books/អប់រំសុខភាព-ថ្នាក់ទី២-សៀវភៅគ្រូ,អប់រំសុខភាព ថ្នាក់ទី២ (សៀវភៅគ្រូ),true,244,49ab0832,16,false,0,1
/books/វិទ្យាសាស្ត្រដី,វិទ្យាសាស្ត្រដី,true,239,c1127915,36,false,0,0
/books/អប់រំសុខភាព-ថ្នាក់ទី២-សៀវភៅសិស្ស,អប់រំសុខភាព ថ្នាក់ទី២ (សៀវភៅសិស្ស),true,255,bb49e20d,76,false,0,1
/books/សៀវភៅគ្រូគណិតវិទ្យាថ្នាក់ទី១២-កម្រិតខ្ពស់,សៀវភៅគ្រូគណិតវិទ្យាថ្នាក់ទី១២ កម្រិតខ្ពស់,true,247,3d4a6881,330,true,0,0
/books/កញ្ចប់ឯកសារទី៣-ការសិក្សាបំប៉នបន្ថែម-គណិតវិទ្យា-ថ្នាក់ទី៤,កញ្ចប់ឯកសារទី៣ ការសិក្សាបំប៉នបន្ថែម (គណិតវិទ្យា ថ្នាក់ទី៤),true,264,3d4a6881,330,true,0,0
/books/ថ្នាក់ទី៣-កូនយក្ស-និងក្មេងឃ្វាលគោ,ថ្នាក់ទី៣៖ កូនយក្ស និងក្មេងឃ្វាលគោ,true,243,2ee5c7e0,102,false,0,0
/books/ដែននិងកម្លាំងម៉ាញេទិច,ដែននិងកម្លាំងម៉ាញេទិច,true,218,7c61b4b3,239,false,0,0
/books/អត្រាកំណែរតេស្តគណិតវិទ្យាសម្រាប់ខែមិថុនា-4,អត្រាកំណែរតេស្តគណិតវិទ្យាសម្រាប់ខែមិថុនា,true,246,3d4a6881,330,true,0,0
/books/ការគ្រប់គ្រងប្រព័ន្ធព័ត៌មាន-management-information-system,ការគ្រប់គ្រងប្រព័ន្ធព័ត៌មាន - Management Information System,true,260,686ecb43,168,true,0,0
/books/រូបវិទ្យាទូទៅ,រូបវិទ្យាទូទៅ,true,210,7c61b4b3,239,true,0,0
/books/វិញ្ញាសារូបវិទ្យាថ្នាក់ទី៩,វិញ្ញាសារូបវិទ្យាថ្នាក់ទី៩,true,223,7c61b4b3,239,true,0,0
/books/ថ្នាក់ទី១-ដាចេះដែរ,ថ្នាក់ទី១៖ ដាចេះដែរ,true,228,2ee5c7e0,102,false,0,0
/books/ថ្នាក់ទី៤-ភាសាខ្មែរ,ថ្នាក់ទី៤៖ ភាសាខ្មែរ,true,245,bb49e20d,76,false,0,0
/books/មេរៀន-សង្ខេប-គណិតវិទ្យា-និង-លំហាត់-គំរូ-សម្រាប់-ជា-ជំនួយ-ដល់-សិស្,មេរៀន​សង្ខេប​គណិតវិទ្យា និង​លំហាត់​គំរូ សម្រាប់​ជា​ជំនួយ​ដល់​សិស្,true,271,3d4a6881,330,true,0,0
/books/សៀវភៅកិច្ចការផ្ទះគណិតវិទ្យាថ្នាក់ទី៩-1,សៀវភៅកិច្ចការផ្ទះគណិតវិទ្យាថ្នាក់ទី៩,true,242,3d4a6881,330,true,0,0
/books/មេកានិក-ឌីណាមិច-និងស៊ីនេម៉ាទិច,មេកានិក(ឌីណាមិច និងស៊ីនេម៉ាទិច,true,231,686ecb43,168,true,0,0
/books/សៀវភៅគណិតវិទ្យារថ្នាក់ទី១១-កម្រិតខ្ពស់,សៀវភៅគណិតវិទ្យារថ្នាក់ទី១១_កម្រិតខ្ពស់,true,244,3d4a6881,330,true,0,0
/books/integrating-teaching-learning-and-action-research,"Integrating Teaching, Learning, and Action Research",false,318,1d244826,1,false,0,3
/books/អត្រាកំណែរតេស្តគណិតវិទ្យាសម្រាប់ខែមិថុនា-1,អត្រាកំណែរតេស្តគណិតវិទ្យាសម្រាប់ខែមិថុនា,true,246,3d4a6881,330,true,0,0
/books/ឯកសារបណ្តាញចំណេះដឹងសម្រាប់សិស្សស្វ័យសិក្សាមុខវិជ្ជាភាសាខ្មែរ-ថ្នា,ឯកសារបណ្តាញចំណេះដឹងសម្រាប់សិស្សស្វ័យសិក្សាមុខវិជ្ជាភាសាខ្មែរ ថ្នា,true,266,686ecb43,168,true,0,0
/books/ថ្នាក់ទី១-នេះជា,ថ្នាក់ទី១៖ នេះជា...,true,228,2ee5c7e0,102,false,0,0
/books/ថ្នាក់ទី២-ទៅទិញម្ហូប,ថ្នាក់ទី២៖ ទៅទិញម្ហូប,true,228,86fbd334,11,false,0,0
/books/កញ្ចប់ឯកសារការសិក្សាបំប៉នបន្ថែម-គណិតវិទ្យា-ថ្នាក់ទី៤,កញ្ចប់ឯកសារការសិក្សាបំប៉នបន្ថែម គណិតវិទ្យា (ថ្នាក់ទី៤),true,260,3d4a6881,330,true,0,0
/books/អប់រំកាយ-និងកីឡា-ថ្នាក់ទី១០,អប់រំកាយ និងកីឡា ថ្នាក់ទី១០,true,260,bb49e20d,76,false,0,0
/books/លំហាត់-គណិតវិទ្យា-សម្រាប់-អាហារូបករណ៍-ជប៉ុន,លំហាត់​គណិតវិទ្យា​សម្រាប់​អាហារូបករណ៍​ជប៉ុន,true,249,3d4a6881,330,false,0,0
/books/កម្រងកិច្ចការផ្ទះភាសាខ្មែរ-និងគណិតវិទ្យាថ្នាក់ទី៤,កម្រងកិច្ចការផ្ទះភាសាខ្មែរ និងគណិតវិទ្យាថ្នាក់ទី៤,true,276,c5771d26,18,false,0,0
/books/ជីវៈវិទ្យា-ថ្នាក់-ទី-៨-មេរៀន-ទី១-ស្ថាន-ប្រព័ន្ធតាម-មូលដ្ឋាន,ជីវៈវិទ្យា​ថ្នាក់​ទី​៨ មេរៀន​ទី១៖ ស្ថាន​ប្រព័ន្ធតាម​មូលដ្ឋាន,true,257,7c61b4b3,239,true,0,0
/books/ឯកសារបណ្តាញចំណេះដឹងស្វ័យសិក្សាសម្រាប់សិស្សមុខវិជ្ជាគណិតវិទ្យា-ថ្ន-1,ឯកសារបណ្តាញចំណេះដឹងស្វ័យសិក្សាសម្រាប់សិស្សមុខវិជ្ជាគណិតវិទ្យា ថ្ន,true,271,3d4a6881,330,true,0,0
/books/ការអភិវឌ្ឍភាសា-និងទ្រឹស្តីនៃការអភិវឌ្ឍកុមារ,ការអភិវឌ្ឍភាសា និងទ្រឹស្តីនៃការអភិវឌ្ឍកុមារ,true,187,7fe0c56b,5,false,0,0
/books/សារណាបញ្ចប់ថ្នាក់បរិញ្ញាបត្រ-២០២២,សារណាបញ្ចប់ថ្នាក់បរិញ្ញាបត្រ (២០២២),true,241,3d4a6881,330,false,0,0
/books/គោលនគោបាយស្ដីពី-ការផ្តល់អាហារតាមសាលារៀន-ឆ្នាំ-២០២៤-២០៣៥,គោលនគោបាយស្ដីពី ការផ្តល់អាហារតាមសាលារៀន ឆ្នាំ ២០២៤ ២០៣៥,true,214,8fdd08cc,8,false,0,0
/books/អត្រាកំណែរតេស្តគណិតវិទ្យាសម្រាប់ខែមិថុនា-3,អត្រាកំណែរតេស្តគណិតវិទ្យាសម្រាប់ខែមិថុនា,true,246,3d4a6881,330,true,0,0
/books/lesson-1-moeys-email,Lesson 1: MoEYS Email,true,208,d702efc6,21,false,0,0
/books/សៀវភៅណែនាំពិសោធន៍វិទ្យាសាស្ត្រ-សម្រាប់ការរៀន-និងបង្រៀន-នៅមធ្យមសិក-3,សៀវភៅណែនាំពិសោធន៍វិទ្យាសាស្ត្រ សម្រាប់ការរៀន និងបង្រៀន នៅមធ្យមសិក,true,266,686ecb43,168,true,0,0
/books/ឱសថសាស្រ្ដសត្វ,ឱសថសាស្រ្ដសត្វ,true,215,686ecb43,168,false,0,0
/books/ឯកសារជំនួយស្មារតី-អភិវឌ្ឍន៍វិញ្ញាសាប្រលងប្រចាំខែ-នៅកម្រិតមធ្យមសិក-4,ឯកសារជំនួយស្មារតី អភិវឌ្ឍន៍វិញ្ញាសាប្រលងប្រចាំខែ នៅកម្រិតមធ្យមសិក,true,271,3d4a6881,330,false,0,0
/books/គីមីវិទ្យាថ្នាក់ទី១០-ជំពូក២-មេរៀនទទី២-សិក្សាធាតុតាមក្រុម,គីមីវិទ្យាថ្នាក់ទី១០ ជំពូក២ មេរៀនទទី២ សិក្សាធាតុតាមក្រុម,true,254,7c61b4b3,239,true,0,0
/books/ប្រវត្តិសាស្ត្រកម្ពុជាប្រជាធិបតេយ្យ-2nd-edition,ប្រវត្តិសាស្ត្រកម្ពុជាប្រជាធិបតេយ្យ (2nd Edition),true,234,8ebe4408,1,false,0,0
/books/លីមីត,លីមីត,true,206,686ecb43,168,true,0,0
/books/student-centred-approaches-for-science-education-part-3,Student Centred Approaches for Science Education (Part 3,true,280,c1127915,36,false,0,0
/books/សៀវភៅបុរេសំណេរ-កូនស្វាឆ្លាត-ខ,សៀវភៅបុរេសំណេរ កូនស្វាឆ្លាត ខ,true,230,686ecb43,168,true,0,0
/books/កំណែទម្រង់សាលារៀននៅកម្ពុជា,កំណែទម្រង់សាលារៀននៅកម្ពុជា,true,235,c9733127,1,false,0,0
/books/cambodian-grade-5-students-learning-achievements-2019,Cambodian Grade 5 Students Learning Achievements 2019,true,369,22e73041,1,false,0,0
/books/កិច្ចតែងការបង្រៀនគណិតវិទ្យា-ថ្នាក់ទី៥,កិច្ចតែងការបង្រៀនគណិតវិទ្យា ថ្នាក់ទី៥,true,243,3d4a6881,330,false,0,0
/books/រូបវិទ្យា-ថ្នាក់-ទី-៧-មេរៀន-ទី-៣-បរិមាណ-កម្ដៅ,រូបវិទ្យា ថ្នាក់​ទី​៧ មេរៀន​ទី​៣៖ ​បរិមាណ​កម្ដៅ,true,244,7c61b4b3,239,true,0,0
/books/ថ្នាក់ទី២-ចន្ទ្រានិងចន្ត្រា,ថ្នាក់ទី២៖ ចន្ទ្រានិងចន្ត្រា,true,237,2ee5c7e0,102,false,0,0
/books/តែងសេចក្តីបឋម,តែងសេចក្តីបឋម,true,175,8fdd08cc,8,false,0,0
/books/កិច្ចការផ្ទះ-គណិតវិទ្យា-ថ្នាក់ទី៩,កិច្ចការផ្ទះ គណិតវិទ្យា ថ្នាក់ទី៩,true,239,3d4a6881,330,true,0,0
/books/ទស្សនទានស្តីពីវិវាទព្រំដែនសមុទ្រកម្ពុជា-ថៃ,ទស្សនទានស្តីពីវិវាទព្រំដែនសមុទ្រកម្ពុជា-ថៃ,true,326,8898494c,1,false,0,0
/books/កញ្ចប់ឯកសារទី៤-ការសិក្សាបំប៉នបន្ថែម-គណិតវិទ្យា-ថ្នាក់ទី៤,កញ្ចប់ឯកសារទី៤ ការសិក្សាបំប៉នបន្ថែម (គណិតវិទ្យា ថ្នាក់ទី៤),true,264,3d4a6881,330,true,0,0
/books/សិក្សាអត្ថបទអក្សរសិល្ប៍សម្រាប់មធ្យមសិក្សាទុតិយភូមិ-ឆ្នាំ២០១៩,សិក្សាអត្ថបទអក្សរសិល្ប៍សម្រាប់មធ្យមសិក្សាទុតិយភូមិ ឆ្នាំ២០១៩,true,257,11492dbd,2,false,0,0
/books/ថ្នាក់ទី១-យកទុក,ថ្នាក់ទី១៖ យកទុក,true,225,2ee5c7e0,102,false,0,0
/books/កញ្ចប់ឯកសារទី៥-ការសិក្សាបំប៉នបន្ថែម-គណិតវិទ្យា-ថ្នាក់ទី៥,កញ្ចប់ឯកសារទី៥ ការសិក្សាបំប៉នបន្ថែម (គណិតវិទ្យា ថ្នាក់ទី៥),true,264,3d4a6881,330,true,0,0
/books/គីមីអសរីរាង្គ-ភាគ១,គីមីអសរីរាង្គ ភាគ១,true,216,7c61b4b3,239,true,0,0
/books/រង្វាស់រង្វល់ខ្មែរបុរាណនិងសម័យ,រង្វាស់រង្វល់ខ្មែរបុរាណនិងសម័យ,true,231,686ecb43,168,true,0,0
/books/វចនានុក្រមគណិតវិទ្យា,វចនានុក្រមគណិតវិទ្យា,true,226,3d4a6881,330,true,0,0
/books/របាយការណ៍ថ្នាក់ជាតិ-sea-plm-២០២៤-របស់កម្ពុជា,របាយការណ៍ថ្នាក់ជាតិ SEA-PLM ២០២៤ របស់កម្ពុជា,true,343,cce1ff72,1,false,0,0
/books/ដេរីវេនៃអនុគមន៍ថ្នាក់ទី-១១-១២,ដេរីវេនៃអនុគមន៍ថ្នាក់ទី ១១ ១២,true,235,3d4a6881,330,false,0,0
/books/របាយការស្រាវជ្រាវលើប្រធានបទស្ដីពីវិធីសាស្ត្របង្រៀនមុខវិជ្ជា-ict-ន,របាយការស្រាវជ្រាវលើប្រធានបទស្ដីពីវិធីសាស្ត្របង្រៀនមុខវិជ្ជា​ICT ន,true,285,ed6bd704,25,false,0,1
/books/កម្រងកិច្ចការផ្ទះភាសាខ្មែរ-និងគណិតវិទ្យាថ្នាក់ទី៥,កម្រងកិច្ចការផ្ទះភាសាខ្មែរ និងគណិតវិទ្យាថ្នាក់ទី៥,true,275,c5771d26,18,false,0,0
/books/គណិតវិទ្យាថ្នាក់ទី១២-1,គណិតវិទ្យាថ្នាក់ទី១២,true,226,3d4a6881,330,true,0,0
/books/ល្បិចដោះស្រាយចំណោទធរណីមាត្រ,ល្បិចដោះស្រាយចំណោទធរណីមាត្រ,true,233,3d4a6881,330,true,0,0
/books/ថ្នាក់ទី១២-បច្ចេកវិទ្យាព័ត៌មាន,ថ្នាក់ទី១២៖ បច្ចេកវិទ្យាព័ត៌មាន,true,238,ba59f4ec,2,false,0,0
/books/ឯកសារបណ្ដាញចំណេះដឹងសម្រាប់សិស្សស្វ័យសិក្សា-គណិតវិទ្យា-កម្រិតខ្ពស,ឯកសារបណ្ដាញចំណេះដឹងសម្រាប់សិស្សស្វ័យសិក្សា គណិតវិទ្យា (កម្រិតខ្ពស,true,271,3d4a6881,330,true,0,0
/books/វិញ្ញាសាគណិតវិទ្យាត្រៀមប្រឡងបាក់ឌុប,វិញ្ញាសាគណិតវិទ្យាត្រៀមប្រឡងបាក់ឌុប,true,241,3d4a6881,330,true,0,0
/books/ថ្នាក់ទី២-វិញ្ញាណទាំងប្រាំ,ថ្នាក់ទី២៖ វិញ្ញាណទាំងប្រាំ,true,234,86fbd334,11,false,0,0
/books/ថ្នាក់ទី១-សុភី-និងសុភាព,ថ្នាក់ទី១៖ សុភី និងសុភាព,true,233,2ee5c7e0,102,false,0,0
/books/គណិតវិទ្យាបែបកម្សាន្ត,គណិតវិទ្យាបែបកម្សាន្ត,true,227,3d4a6881,330,false,0,0
/books/មូលដ្ឋានគ្រឹះតក្កវិជ្ជា,មូលដ្ឋានគ្រឹះតក្កវិជ្ជា,true,224,686ecb43,168,true,0,0
/books/ផែនដី-និង-បរិស្ថានវិទ្យាថ្នាក់ទី12,ផែនដី_និង_បរិស្ថានវិទ្យាថ្នាក់ទី12,true,235,686ecb43,168,true,0,0
/books/កញ្ចប់ឯកសារទី៤-ការសិក្សាបំប៉នបន្ថែម-គណិតវិទ្យា-ថ្នាក់ទី៥,កញ្ចប់ឯកសារទី៤ ការសិក្សាបំប៉នបន្ថែម (គណិតវិទ្យា ថ្នាក់ទី៥),true,264,3d4a6881,330,true,0,0
/books/ប្រលងជ្រើសរើសសិស្សពូកែទូទាំងប្រទេស-ផ្នែករូបវិទ្យា-ថ្នាក់ទី៩,ប្រលងជ្រើសរើសសិស្សពូកែទូទាំងប្រទេស ផ្នែករូបវិទ្យា ថ្នាក់ទី៩,true,256,7c61b4b3,239,true,0,0
/books/រូបវិទ្យា-ថ្នាក់ទី១២,រូបវិទ្យា ថ្នាក់ទី១២,true,240,bd1e639d,67,true,0,0
/books/ពិសោធន៍សត្វ,ពិសោធន៍សត្វ,true,212,686ecb43,168,true,0,0
/books/ថ្នាក់ទី១-ខែក្តៅ,ថ្នាក់ទី១៖ ខែក្តៅ,true,226,2ee5c7e0,102,false,0,0
/books/ថ្នាក់ទី២-បញ្ញាទៅលេងទីក្រុង,ថ្នាក់ទី២៖ បញ្ញាទៅលេងទីក្រុង,true,237,2ee5c7e0,102,false,0,0
/books/លំហាត់ស្រាវជ្រាវគណិតវិទ្យា-ថ្នាក់ទី-១១,លំហាត់ស្រាវជ្រាវគណិតវិទ្យា​ ថ្នាក់ទី ១១,true,245,3d4a6881,330,true,0,0
/books/ដោះស្រាយបញ្ហាក្នុងការបង្រៀន,ដោះស្រាយបញ្ហាក្នុងការបង្រៀន,true,214,3861ee6a,8,false,0,0
/books/សៀវភៅ-ict-ថ្នាក់ទី១០,សៀវភៅ ict ថ្នាក់ទី១០,true,232,abcba533,5,false,0,0
/books/សៀវភៅកិច្ចការផ្ទះថ្នាក់ទី៦-គណិតវិទ្យា,សៀវភៅកិច្ចការផ្ទះថ្នាក់ទី៦ _ គណិតវិទ្យា,true,245,3d4a6881,330,true,0,0
/books/កម្មវិធីសិក្សាលម្អិត-គីមីវិទ្យា-សម្រាប់-កម្រិតមធ្យមសិក្សាបឋមភូមិ,កម្មវិធីសិក្សាលម្អិត គីមីវិទ្យា សម្រាប់ កម្រិតមធ្យមសិក្សាបឋមភូមិ,true,262,7c61b4b3,239,true,0,0
/books/ឯកសារ-បណ្ដាញ-ចំណេះដឹង-សម្រាប់-សិស្ស-ស្វ័យ-សិក្សា-ជីវវិទ្យា-ថ្នាក់-4,ឯកសារ​បណ្ដាញ​ចំណេះដឹង​សម្រាប់​សិស្ស​ស្វ័យ​សិក្សា ជីវវិទ្យា ថ្នាក់,true,262,7c61b4b3,239,true,0,0
/books/គណិតវិទ្យាថ្នាក់ទី១២,គណិតវិទ្យាថ្នាក់ទី១២,true,226,3d4a6881,330,true,0,0
/books/វិធីសាស្ត្របង្រៀនតាមបែបដោះស្រាយបញ្ហា,វិធីសាស្ត្របង្រៀនតាមបែបដោះស្រាយបញ្ហា,true,228,7018f742,23,true,0,0
/books/ជីវៈវិទ្យា-ថ្នាក់-ទី-៩-មេរៀន-ទី២-ដំណើររស្មីសំយោគ,ជីវៈវិទ្យា​ថ្នាក់​ទី​៩ មេរៀន​ទី២៖ ដំណើររស្មីសំយោគ,true,246,7c61b4b3,239,true,0,0
/books/កំណែ-លំហាត់-គណិតវិទ្យា-ថ្នាក់ទី-៩,កំណែ​លំហាត់​គណិតវិទ្យា​ថ្នាក់ទី​៩,true,254,bd1e639d,67,false,0,0
/books/ថ្នាក់ទី២-ប្រាំពីរថ្ងៃ,ថ្នាក់ទី២៖ ប្រាំពីរថ្ងៃ,true,232,2ee5c7e0,102,false,0,0
/books/កញ្ចប់ឯកសារទី៥-ការសិក្សាបំប៉នបន្ថែម-គណិតវិទ្យា-ថ្នាក់ទី២,កញ្ចប់ឯកសារទី៥ ការសិក្សាបំប៉នបន្ថែម (គណិតវិទ្យា ថ្នាក់ទី២),true,264,3d4a6881,330,true,0,0
/books/សៀវភៅលំហាត់គីមីវិទ្យា-ថ្នាក់ទី៩,សៀវភៅលំហាត់គីមីវិទ្យា ថ្នាក់ទី៩,true,229,7c61b4b3,239,true,0,0
/books/វិញ្ញាសាជ្រើសរើសពិសេសគណិតវិទ្យា,វិញ្ញាសាជ្រើសរើសពិសេសគណិតវិទ្យា,true,237,3d4a6881,330,true,0,0
/books/អភិវឌ្ឍន៍វិញ្ញាសាប្រឡង,អភិវឌ្ឍន៍វិញ្ញាសាប្រឡង,true,223,686ecb43,168,false,0,0
/books/ការ-សិក្សា-អំពី-វែប-២-០-web-2-0,ការ​​​​​​សិក្សា​អំពី វែប ២.០ (Web 2.0),true,240,59eef3e3,108,true,0,0
/books/ថ្នាក់ទី២-យើងចូលចិត្តទៅ,ថ្នាក់ទី២៖ យើងចូលចិត្តទៅ,true,233,2ee5c7e0,102,false,0,0
/books/បច្ចេកទេស-ចិញ្ចឹម-បង្កង-ក្នុង-ស្រះ,បច្ចេកទេស​ចិញ្ចឹម​បង្កង​ក្នុង​ស្រះ,true,258,c1127915,36,true,0,0
/books/គណិតវិទ្យា-អូឡាំពិច-ស្វីត-សមីការស្វីត,គណិតវិទ្យា អូឡាំពិច ស្វីត សមីការស្វីត,true,243,3d4a6881,330,true,0,0
/books/sea-plm-2024-regional-report-summary-1st-edition,SEA-PLM 2024 Regional Report Summary (1st Edition),true,381,f261d8ad,1,false,0,0
/books/អប់រំកាយ-និងកីឡា-ថ្នាក់ទី៧,អប់រំកាយ និងកីឡា ថ្នាក់ទី៧,true,258,bb49e20d,76,false,0,0
/books/ថ្នាក់ទី៩-english-is-fun-book-5,ថ្នាក់ទី៩៖ English is Fun Book 5,true,251,bb036af9,15,false,0,0
/books/ចម្លើយ៥វិញ្ញាសាត្រៀមប្រឡងបាក់ឌុបផ្សេងៗធ្វើដំណោះស្រាយ,ចម្លើយ៥វិញ្ញាសាត្រៀមប្រឡងបាក់ឌុបផ្សេងៗធ្វើដំណោះស្រាយ,true,258,3d4a6881,330,false,0,0
/books/ក្របខ័ណ្ឌសមត្ថភាព-ict-សម្រាប់គ្រូ,ក្របខ័ណ្ឌសមត្ថភាព ICT សម្រាប់គ្រូ,true,252,67071660,34,false,0,0
/books/លំហាត់គណិតវិទ្យាសម្រាប់សិស្សពូកែ,លំហាត់គណិតវិទ្យាសម្រាប់សិស្សពូកែ,true,238,3d4a6881,330,true,0,0
/books/សៀវភៅកិច្ចការផ្ទះជីវវិទ្យាថ្នាក់ទី៨,សៀវភៅកិច្ចការផ្ទះជីវវិទ្យាថ្នាក់ទី៨,true,232,7c61b4b3,239,true,0,0
/books/គណិតវិទ្យាជុំវិញពិភពលោក-1,គណិតវិទ្យាជុំវិញពិភពលោក,true,244,bd1e639d,67,true,0,0
/books/mobile-programming-project-1,Mobile-Programming ( Project 1),true,255,c1127915,36,true,0,0
/books/ក្របខណ្ឌសមត្ថភាព-អក្ខរកម្មឌីជីថល-ប្រព័ន្ធ-ផ្សព្វផ្សាយ-និង-ព័ត៌មាន,ក្របខណ្ឌសមត្ថភាព អក្ខរកម្មឌីជីថល​ប្រព័ន្ធ​ផ្សព្វផ្សាយ និង​ព័ត៌មាន,true,267,59eef3e3,108,true,0,0
/books/រូបវិទ្យា-ថ្នាក់ទី១១,រូបវិទ្យា ថ្នាក់ទី១១,true,240,bd1e639d,67,false,0,0
/books/ថ្នាក់ទី១-រត់-រត់-រត់,ថ្នាក់ទី១៖ រត់ រត់ រត់,true,231,2ee5c7e0,102,false,0,0
/books/ថ្នាក់ទី៩-ភាសាខ្មែរ,ថ្នាក់ទី៩៖ ភាសាខ្មែរ,true,245,bb49e20d,76,false,0,0
/books/សៀវភៅគណិតវិទ្យាថ្នាក់ទី៨,សៀវភៅគណិតវិទ្យាថ្នាក់ទី៨,true,230,3d4a6881,330,true,0,0
/books/ការប្រើប្រាស់បញ្ញាសិប្បនិម្មិតក្នុងវិស័យអប់រំ,ការប្រើប្រាស់បញ្ញាសិប្បនិម្មិតក្នុងវិស័យអប់រំ,true,243,2426146f,37,true,0,0
/books/វិញ្ញាសាសិស្សពូកែគណិតវិទ្យា-ថ្នាក់ទី១២-ខេត្តតាកែវ,វិញ្ញាសាសិស្សពូកែគណិតវិទ្យា ថ្នាក់ទី១២ (ខេត្តតាកែវ),true,257,3d4a6881,330,false,0,0
/books/សៀវភៅជំនួយគ្រូ-ហ្វឹកហាត់គំនូសអក្សរ-កូនស្វាឆ្លាត-ស,សៀវភៅជំនួយគ្រូ ហ្វឹកហាត់គំនូសអក្សរ កូនស្វាឆ្លាត ស,true,250,686ecb43,168,true,0,0
/books/អប់រំកាយ-និងកីឡា-ថ្នាក់ទី១១,អប់រំកាយ និងកីឡា ថ្នាក់ទី១១,true,260,bb49e20d,76,false,0,0
/books/សៀវភៅសិស្ស-អប់រំសុខភាព-ថ្នាក់ទី៦,សៀវភៅសិស្ស អប់រំសុខភាព ថ្នាក់ទី៦,true,200,bacd6d22,41,false,0,0
/books/សៀវភៅកិច្ចការផ្ទះគីមីវិទ្យាថ្នាក់ទី១២,សៀវភៅកិច្ចការផ្ទះគីមីវិទ្យាថ្នាក់ទី១២,true,235,7c61b4b3,239,true,0,0
/books/គណិតវិទ្យា-ថ្នាក់ទី២,គណិតវិទ្យា ថ្នាក់ទី២,true,241,bd1e639d,67,true,0,0
/books/សៀវភៅជំនួយ-គណិតវិទ្យាថ្នាក់ទី៣,សៀវភៅជំនួយ គណិតវិទ្យាថ្នាក់ទី៣,true,256,bb49e20d,76,false,0,0
/books/ការសរសេរកម្មវិធីកុំព្យូទ័រ-ភាគ២,ការសរសេរកម្មវិធីកុំព្យូទ័រ ភាគ២,true,250,67071660,34,true,0,0
/books/វិទ្យាសាស្ត្រ-ថ្នាក់ទី៧,វិទ្យាសាស្ត្រ ថ្នាក់ទី៧,true,247,c1127915,36,true,0,0
/books/សិក្សាអត្ថបទអក្សរសិល្ប៍សម្រាប់មធ្យមសិក្សាបឋមភូមិ-ឆ្នាំ២០១៩,សិក្សាអត្ថបទអក្សរសិល្ប៍សម្រាប់មធ្យមសិក្សាបឋមភូមិ ឆ្នាំ២០១៩,true,252,8697a17f,2,false,0,0
/books/ថ្នាក់ទី៧-វិទ្យាសាស្ត្រ,ថ្នាក់ទី៧៖ វិទ្យាសាស្ត្រ,true,253,7098a849,9,false,0,1
/books/ការអភិវឌ្ឍភាពជាអ្នកដឹកនាំ-leadership-development,ការអភិវឌ្ឍភាពជាអ្នកដឹកនាំ (Leadership Development),true,269,4266d8ef,1,false,0,0
/books/unleashing-the-power-of-playful-parenting-in-support-of-early-chi,Unleashing the Power of Playful Parenting in Support of Early Chi,true,282,bd1e639d,67,false,0,0
/books/វិញ្ញាសាថ្មី-ធ្វើឡើងដោយ-ម៉ាសៀវហ្វុង,វិញ្ញាសាថ្មី ធ្វើឡើងដោយ ម៉ាសៀវហ្វុង,true,241,3d4a6881,330,true,0,0
/books/សៀវភៅកិច្ចការផ្ទះគីមីវិទ្យាថ្នាក់ទី១០,សៀវភៅកិច្ចការផ្ទះគីមីវិទ្យាថ្នាក់ទី១០,true,235,7c61b4b3,239,true,0,0
/books/តែងសេចក្តីបឋមភូមិ,តែងសេចក្តីបឋមភូមិ,true,212,8697a17f,2,false,0,0
/books/ចំនួនកុំផ្លិច,ចំនួនកុំផ្លិច,true,219,3d4a6881,330,true,0,0
/books/អប់រំការគិត-បែបកុំព្យូទ័រ-កម្រិត៣-សម្រាប់គ្រូ,អប់រំការគិត បែបកុំព្យូទ័រ កម្រិត៣ សម្រាប់គ្រូ,true,264,67071660,34,true,0,0
/books/គីមីវិទ្យា-ថ្នាក់-ទី-៨-មេរៀន-ទី-១-ទ្រឹស្ដី-ម៉ូលេគុល-អាតូម,គីមីវិទ្យា ថ្នាក់​ទី​​៨ មេរៀន​ទី​១៖ ទ្រឹស្ដី​ម៉ូលេគុល-អាតូម,true,257,7c61b4b3,239,true,0,0
/books/ក្លឹបផែនដីវិទ្យា-1,ក្លឹបផែនដីវិទ្យា,true,217,686ecb43,168,true,0,0
/books/ប្រូបាប៊ីលីតេនិងស្ថិតិភាគ២,ប្រូបាប៊ីលីតេនិងស្ថិតិភាគ២,true,232,3d4a6881,330,true,0,0
/books/សៀវភៅកិច្ចការផ្ទះគីមីវិទ្យាថ្នាក់ទី៧,សៀវភៅកិច្ចការផ្ទះគីមីវិទ្យាថ្នាក់ទី៧,true,234,7c61b4b3,239,true,0,0
/books/វិញ្ញាសាគណិតវិទ្យា-2015-2024-វិទ្យាសាស្រ្ត,វិញ្ញាសាគណិតវិទ្យា (2015-2024 វិទ្យាសាស្រ្ត),true,250,3d4a6881,330,false,0,0
/books/កម្មវិធីសិក្សាលម្អិត-គណិត,កម្មវិធីសិក្សាលម្អិត_គណិត,true,246,bd1e639d,67,true,0,0
/books/អត្ថបទសិក្សាស្រាវជ្រាវ-ការពន្លាតរូបមន្តអ័យល័រ-ម៉ាកឡូរំាង-ដោយមិនប,អត្ថបទសិក្សាស្រាវជ្រាវ៖ ការពន្លាតរូបមន្តអ័យល័រ-ម៉ាកឡូរំាង ដោយមិនប,true,271,3d4a6881,330,false,0,0
/books/ការ-ថែរក្សា-បន្ទប់-រៀន-កុំព្យូទ័រ,ការ​ថែរក្សា​បន្ទប់​រៀន​​កុំព្យូទ័រ​,true,254,67071660,34,true,0,0
/books/សៀវភៅគ្រូ-អប់រំសុខភាព-ថ្នាក់ទី៩,សៀវភៅគ្រូ អប់រំសុខភាព ថ្នាក់ទី៩,true,199,bacd6d22,41,true,0,0
/books/ប្រជុំវិញ្ញាសាគីមីវិទ្យា-ថ្នាក់ទី៩,ប្រជុំវិញ្ញាសាគីមីវិទ្យា ថ្នាក់ទី៩,true,232,7c61b4b3,239,true,0,0
/books/កម្មវិធីសិក្សាលម្អិត-គីមីវិទ្យា,កម្មវិធីសិក្សាលម្អិត គីមីវិទ្យា,true,237,3d4a6881,330,true,0,0
/books/ថ្នាក់ទី១-យើងទៅលេងសៀមរាប,ថ្នាក់ទី១៖ យើងទៅលេងសៀមរាប,true,234,2ee5c7e0,102,false,0,0
/books/សៀវភៅជីវវិទ្យា-ថ្នាក់ទី១២,សៀវភៅជីវវិទ្យា ថ្នាក់ទី១២,true,222,7c61b4b3,239,true,0,0
/books/សៀវភៅណែនាំពិសោធន៍វិទ្យាសាស្ត្រ-សម្រាប់ការរៀន-និងបង្រៀន-នៅមធ្យមសិក-2,សៀវភៅណែនាំពិសោធន៍វិទ្យាសាស្ត្រ សម្រាប់ការរៀន និងបង្រៀន នៅមធ្យមសិក,true,262,7c61b4b3,239,true,0,0
/books/សៀវភៅគ្រូ-អប់រំសុខភាព-ថ្នាក់ទី១២,សៀវភៅគ្រូ អប់រំសុខភាព ថ្នាក់ទី១២,true,200,bacd6d22,41,true,0,0
/books/វិធីសាស្ដ្របង្រៀនគណិតវិទ្យាផ្នែកចំនួនថ្នាក់ទី២-ផ្នែកចំនួន,វិធីសាស្ដ្របង្រៀនគណិតវិទ្យាផ្នែកចំនួនថ្នាក់ទី២ ផ្នែកចំនួន,true,282,fb639d0f,2,false,0,0
/books/វិញ្ញាសារូបវិទ្យា,វិញ្ញាសារូបវិទ្យា,true,214,7c61b4b3,239,true,0,0
/books/ការណែនាំពី-chatgpt,ការណែនាំពី ChatGPT,true,204,d702efc6,21,false,0,0
/books/ការអនុវត្តវិធីសាស្រ្ដបង្រៀនតាមបែបវិធីវិទ្យាសាស្រ្ដ-និងវិធីបង្រៀនត,ការអនុវត្តវិធីសាស្រ្ដបង្រៀនតាមបែបវិធីវិទ្យាសាស្រ្ដ និងវិធីបង្រៀនត,true,271,3d4a6881,330,false,0,0
/books/មេកានិច-ភាគ-១,មេកានិច ភាគ ១,true,210,7c61b4b3,239,true,0,0
/books/ថ្នាក់ទី១-ភាសាខ្មែរ,ថ្នាក់ទី១៖ ភាសាខ្មែរ,true,245,bb49e20d,76,false,0,0
/books/មូសខ្លា,មូសខ្លា,true,199,6b3b17ea,10,false,0,0
/books/សៀវភៅសិក្សាគោល-រូបវិទ្យា,សៀវភៅសិក្សាគោល រូបវិទ្យា,true,221,7c61b4b3,239,true,0,0
/books/មេរៀនទី៦-ការប្រើប្រាស់-google-form,មេរៀនទី៦ ការប្រើប្រាស់ Google Form,true,236,59eef3e3,108,true,0,0
/books/ថ្នាក់ទី១-ពុកថា,ថ្នាក់ទី១៖ ពុកថា,true,225,2ee5c7e0,102,false,0,0
/books/គោលបំណងទី៤-យល់ដឹងអំពីដំណើរការកែតម្រូវគណនីចុងគ្រា-និងការអនុលោមតា,គោលបំណងទី៤ - យល់ដឹងអំពីដំណើរការកែតម្រូវគណនីចុងគ្រា និងការអនុលោមតា,true,266,686ecb43,168,true,0,0
/books/ថ្នាក់ទី១-គណិតវិទ្យា,ថ្នាក់ទី១៖ គណិតវិទ្យា,true,246,bb49e20d,76,false,0,0
/books/កំណែអគ្គិសនីថ្នាក់ទិ១២,កំណែអគ្គិសនីថ្នាក់ទិ១២,true,246,c1127915,36,true,0,0
/books/អន្តរកាលក្នុងវិស័យអប់រ-ការផ្លាស់ប្ដូរពីសតវត្សរ៍ទី២០-ទៅសតវត្សរ៍ទី,អន្តរកាលក្នុងវិស័យអប់រ៖ ការផ្លាស់ប្ដូរពីសតវត្សរ៍ទី២០ ទៅសតវត្សរ៍ទី,true,267,59eef3e3,108,false,0,0
/books/ការសង្កេតធម្មជាតិក្នុងទីធ្លាសាលា,ការសង្កេតធម្មជាតិក្នុងទីធ្លាសាលា,true,233,686ecb43,168,true,0,0
/books/ការអនុវត្តវិធីសាស្ត្របង្រៀន-តាមទ្រឹស្តីអប់រំបែបស្ថាបនានិយម-លើមុខវ-1,ការអនុវត្តវិធីសាស្ត្របង្រៀន តាមទ្រឹស្តីអប់រំបែបស្ថាបនានិយម លើមុខវិទ្យាជីវវិទ្យា,true,271,3a3e6742,2,true,0,0
/books/គីមីវិទ្យា-ថ្នាក់ទី១០,គីមីវិទ្យា ថ្នាក់ទី១០,true,242,bd1e639d,67,false,0,0
/books/អប់រំកាយ-និងកីឡា-ថ្នាក់ទី៩,អប់រំកាយ និងកីឡា ថ្នាក់ទី៩,true,258,bb49e20d,76,false,0,0
/books/សៀវភៅជីវវិទ្យា-ថ្នាក់ទី១១,សៀវភៅជីវវិទ្យា ថ្នាក់ទី១១,true,222,7c61b4b3,239,true,0,0
/books/រូបមន្តគីមីសង្ខេបថ្នាក់ទី១២,រូបមន្តគីមីសង្ខេបថ្នាក់ទី១២,true,225,7c61b4b3,239,true,0,0
/books/សៀភៅអាហាររូបត្ថម្ភនិងសុខភាព,សៀភៅអាហាររូបត្ថម្ភនិងសុខភាព,true,195,bacd6d22,41,true,0,0
/books/ជំពូកទី១-មេរៀនទី១-ជំងឺកាមរោគ-ភាគ២,ជំពូកទី១ មេរៀនទី១៖ ជំងឺកាមរោគ (ភាគ២),true,204,bacd6d22,41,true,0,0
/books/ជំនួយ-ស្មារតី-សម្រាប់-សិស្ស-ថ្នាក់-ទី១២-គណិតវិទ្យា,ជំនួយ​ស្មារតី​សម្រាប់​សិស្ស​ថ្នាក់​ទី១២ គណិតវិទ្យា,true,256,3d4a6881,330,true,0,0
/books/ធរណីមាត្រ-សំរាប់ការប្រលងសិស្សពូកែ-នឹង-ប្រលងប្រជែងនានា,ធរណីមាត្រ សំរាប់ការប្រលងសិស្សពូកែ នឹង ប្រលងប្រជែងនានា,true,259,3d4a6881,330,true,0,0
/books/សៀវភៅពន្លឿនការសិក្សា-វិទ្យាសាស្ត្រអនុវត្ត-ថ្នាក់ឆ្នាំទី២,សៀវភៅពន្លឿនការសិក្សា វិទ្យាសាស្ត្រអនុវត្ត ថ្នាក់ឆ្នាំទី២,true,257,686ecb43,168,true,0,0
/books/ថ្នាក់ទី៣-មិត្តរួមថ្នាក់,ថ្នាក់ទី៣៖ មិត្តរួមថ្នាក់,true,234,2ee5c7e0,102,false,0,0
/books/សង្ខេបមូលដ្ឋានគ្រឹះគណិតវិទ្យាសម្រាប់រូបវិទ្យា-ភាសាអង់គ្លេស-01-ba,សង្ខេបមូលដ្ឋានគ្រឹះគណិតវិទ្យាសម្រាប់រូបវិទ្យា(ភាសាអង់គ្លេស) 01-Ba,true,271,3d4a6881,330,true,0,0
/books/ផែន-ទី-អាស៊ី-អាគ្នេយ៍,ផែន​ទី​អាស៊ី​អាគ្នេយ៍,true,223,59eef3e3,108,true,0,0
/books/កម្រងគ្រប់វិញ្ញាសាគណិតវិទ្យាថ្នាក់ទី៩,កម្រងគ្រប់វិញ្ញាសាគណិតវិទ្យាថ្នាក់ទី៩,true,243,3d4a6881,330,true,0,0
/books/កញ្ចប់ឯកសារការសិក្សាបំប៉នបន្ថែម-គណិតវិទ្យា-ថ្នាក់ទី៥,កញ្ចប់ឯកសារការសិក្សាបំប៉នបន្ថែម គណិតវិទ្យា (ថ្នាក់ទី៥),true,260,3d4a6881,330,true,0,0
/books/អប់រំកាយ-និងកីឡា-ថ្នាក់ទី៨,អប់រំកាយ និងកីឡា ថ្នាក់ទី៨,true,258,bb49e20d,76,false,0,0
/books/ការអប់រំពហុមេឌៀ,ការអប់រំពហុមេឌៀ,true,202,d702efc6,21,false,0,0
/books/ការផលិតសម្ភារ,ការផលិតសម្ភារ,true,287,85d9a19d,1,true,0,0
/books/ឯកសារ-បណ្ដាញ-ចំណេះដឹង-សម្រាប់-សិស្ស-ស្វ័យ-សិក្សា-គីមីវិទ្យា-ថ្នាក-3,ឯកសារ​បណ្ដាញ​ចំណេះដឹង​សម្រាប់​សិស្ស​ស្វ័យ​សិក្សា គីមីវិទ្យា ថ្នាក,true,263,7c61b4b3,239,true,0,0
/books/តក្កវិទ្យា-logic,តក្កវិទ្យា(Logic),true,223,3d4a6881,330,false,0,0
/books/សៀវភៅគណិតវិទ្យា-ថ្នាក់ទី៣-សម្រាប់គ្រូ,សៀវភៅគណិតវិទ្យា ថ្នាក់ទី៣ សម្រាប់គ្រូ,true,252,49ab0832,16,false,0,0
/books/សៀវភៅកិច្ចការផ្ទះ-គណិតវិទ្យា-ថ្នាក់ទី៧,សៀវភៅកិច្ចការផ្ទះ គណិតវិទ្យា (ថ្នាក់ទី៧),true,246,3d4a6881,330,true,0,0
/books/ឯកសារបណ្តាញចំណេះដឹងសម្រាប់សិស្សស្វ័យសិក្សាមុខវិជ្ជារូបវិទ្យា-ថ្នា,ឯកសារបណ្តាញចំណេះដឹងសម្រាប់សិស្សស្វ័យសិក្សាមុខវិជ្ជារូបវិទ្យា ថ្នា,true,262,7c61b4b3,239,true,0,0
/books/វិធីសាស្រ្តប្រើប័ណ្ណតូចៗជាមួយកុមារ,វិធីសាស្រ្តប្រើប័ណ្ណតូចៗជាមួយកុមារ,true,235,686ecb43,168,true,0,0
/books/ប្រជុំរូបមន្តគណិតវិទ្យា-១០-១១-១២,ប្រជុំរូបមន្តគណិតវិទ្យា ១០ ១១ ១២,true,238,3d4a6881,330,true,0,0
/books/ថ្នាក់ទី៩-គណិតវិទ្យា,ថ្នាក់ទី៩៖ គណិតវិទ្យា,true,247,bb49e20d,76,false,0,0
/books/គណិតវិទ្យា-ថ្នាក់-ទី-៩-មេរៀន-ទី-១០-សមីការបន្ទាត់,គណិតវិទ្យា ថ្នាក់​ទី​៩ មេរៀន​ទី​១០៖ សមីការបន្ទាត់,true,255,3d4a6881,330,true,0,0
/books/ឯកសារជំំនួយស្មាតីស្ដីពី-ការអភិវឌ្ឍនិញ្ញាសាប្រលងឆមាស-នៅកម្រិតមធ្យម,ឯកសារជំំនួយស្មាតីស្ដីពី ការអភិវឌ្ឍនិញ្ញាសាប្រលងឆមាស នៅកម្រិតមធ្យម,true,271,3d4a6881,330,false,0,0
/books/ថ្នាក់ទី១-នំធំ១,ថ្នាក់ទី១៖ នំធំ១,true,225,2ee5c7e0,102,false,0,0
/books/កញ្ចប់ឯកសារទី៤-ការសិក្សាបំប៉នបន្ថែម-គណិតវិទ្យា-ថ្នាក់ទី២,កញ្ចប់ឯកសារទី៤ ការសិក្សាបំប៉នបន្ថែម (គណិតវិទ្យា ថ្នាក់ទី២),true,264,3d4a6881,330,true,0,0
/books/book-of-5es-earth-science,Book of 5Es Earth Science,true,191,c1d87580,3,false,0,0
/books/សៀវភៅកិច្ចការផ្ទះជីវវិទ្យាថ្នាក់ទី១០,សៀវភៅកិច្ចការផ្ទះជីវវិទ្យាថ្នាក់ទី១០,true,233,7c61b4b3,239,true,0,0
/books/វិញ្ញាសាគណិតវិទ្យាប្រឡងគ្រូ,វិញ្ញាសាគណិតវិទ្យាប្រឡងគ្រូ,true,233,3d4a6881,330,false,0,0
/books/សៀវភៅកម្រងស្នាដៃសិក្ខាកាមឆ្នាំ២០២២,សៀវភៅកម្រងស្នាដៃសិក្ខាកាមឆ្នាំ២០២២,true,236,59eef3e3,108,false,0,0
/books/ជំពូកទី២-មេរៀនទី១-គុណតម្លៃទាក់ទងនឹងរឿងផ្លូវភេទ-ភាគ១,ជំពូកទី២ មេរៀនទី១ គុណតម្លៃទាក់ទងនឹងរឿងផ្លូវភេទ (ភាគ១),true,221,bacd6d22,41,true,0,0
/books/អប់រំសុខភាព-ថ្នាក់ទី៥-សៀវភៅគ្រូ,អប់រំសុខភាព ថ្នាក់ទី៥ (សៀវភៅគ្រូ),true,244,49ab0832,16,false,0,0
/books/ឯកសារជំនួយស្មារតី-អភិវឌ្ឍន៍វិញ្ញាសាប្រលងប្រចាំខែ-នៅកម្រិតមធ្យមសិក-1,ឯកសារជំនួយស្មារតី អភិវឌ្ឍន៍វិញ្ញាសាប្រលងប្រចាំខែ នៅកម្រិតមធ្យមសិក,true,271,3d4a6881,330,false,0,0
/books/សៀវភៅអាំងតេក្រាលកម្រិតសាកល-វិទ្យាល័យ-ភាគទី៦,សៀវភៅអាំងតេក្រាលកម្រិតសាកល+វិទ្យាល័យ (ភាគទី៦),true,251,3d4a6881,330,false,0,0
/books/ថ្នាក់ទី២-ខ្ញុំចូលចិត្តពណ៌,ថ្នាក់ទី២៖ ខ្ញុំចូលចិត្តពណ៌,true,236,2ee5c7e0,102,false,0,0
/books/ផែនការយុទ្ធសាស្ត្រជាតិស្ដីពី-ការការពារនិងគ្រប់គ្រងការលង់ទឹក,ផែនការយុទ្ធសាស្ត្រជាតិស្ដីពី៖ ការការពារនិងគ្រប់គ្រងការលង់ទឹក,true,261,686ecb43,168,true,0,0
/books/ឯកសារស្វ័យសិក្សារូបវិទ្យាវិទ្យាថ្នាក់ទី៩,ឯកសារស្វ័យសិក្សារូបវិទ្យាវិទ្យាថ្នាក់ទី៩,true,237,7c61b4b3,239,true,0,0
/books/អក្ខរកម្ម-បញ្ញាសិប្បនិម្មិត-ai-១០១,អក្ខរកម្ម បញ្ញាសិប្បនិម្មិត (AI) ១០១,true,238,59eef3e3,108,true,0,0
/books/ស្លាយមេរៀនអំពីការដោះស្រាយម៉ាទ្រីសអ៊ិចស្ប៉ូដោយប្រើ-អាល់កូរីត-putze,ស្លាយមេរៀនអំពីការដោះស្រាយម៉ាទ្រីសអ៊ិចស្ប៉ូដោយប្រើ អាល់កូរីត Putze,true,271,3d4a6881,330,false,0,0
/books/ដំណាំ-ចំណីសត្វ-pda-kpc,ដំណាំ​ចំណីសត្វ (PDA-KPC,true,224,686ecb43,168,true,0,0
/books/បញ្ញាសិប្បនិម្មិត-លើកកម្ពស់នវានុវត្តន៍-ក្រមសីលធម៌-និងបរិយាបន្ននៅ,បញ្ញាសិប្បនិម្មិត៖ លើកកម្ពស់នវានុវត្តន៍ ក្រមសីលធម៌ និងបរិយាបន្ននៅ,true,267,59eef3e3,108,true,0,0
/books/សៀវភៅគណិតវិទ្យារថ្នាក់ទី១០-ភាគ២,សៀវភៅគណិតវិទ្យារថ្នាក់ទី១០_ភាគ២,true,237,3d4a6881,330,true,0,0
/books/ឯកសារស្ដីពីការអប់រំបរិយាបន្នសម្រាប់គរុសិស្ស,ឯកសារស្ដីពីការអប់រំបរិយាបន្នសម្រាប់គរុសិស្ស,true,319,09eec409,1,false,0,0
/books/មេរៀនទី៣-ម៉ាស៊ីន2,មេរៀនទី៣ ម៉ាស៊ីន2,true,218,686ecb43,168,true,0,0
/books/កំណែវិទ្យាសាស្ត្រ-ថ្នាក់ទី៤,កំណែវិទ្យាសាស្ត្រ ថ្នាក់ទី៤,true,248,fd7d80f7,1,false,0,0
/books/ឯកសារណែនាំស្តីពីការប្រើប្រាស់បញ្ញាសិប្បនិម្មិត-សម្រាប់គ្រូបង្រៀន,ឯកសារណែនាំស្តីពីការប្រើប្រាស់បញ្ញាសិប្បនិម្មិត សម្រាប់គ្រូបង្រៀន,true,267,96902f4e,4,true,0,0
/books/កម្រងវិញ្ញាសារ-និងអត្រាកំណែគណិតវិទ្យា-ថ្នាក់ទី១២,កម្រងវិញ្ញាសារ និងអត្រាកំណែគណិតវិទ្យា ថ្នាក់ទី១២,true,254,3d4a6881,330,false,0,0
/books/កញ្ចប់ឯកសារទី៦-ការសិក្សាបំប៉នបន្ថែម-ភាសាខ្មែរ-ថ្នាក់ទី៥,កញ្ចប់ឯកសារទី៦ ការសិក្សាបំប៉នបន្ថែម (ភាសាខ្មែរ ថ្នាក់ទី៥),true,258,686ecb43,168,false,0,0
/books/ចំនួនកុំផ្លិច-2,ចំនួនកុំផ្លិច,true,219,3d4a6881,330,true,0,0
/books/សំណល់ប្លាស្ទិក,សំណល់ប្លាស្ទិក,true,206,6b3b17ea,10,false,0,0
/books/អក្ខរកម្មឌីជីថល,អក្ខរកម្មឌីជីថល,true,202,d702efc6,21,false,0,0
/books/វិញ្ញាសាប្រឡងសញ្ញាបត្របឋមភូមិ-១៩៨១-២០២០,វិញ្ញាសាប្រឡងសញ្ញាបត្របឋមភូមិ ១៩៨១-២០២០,true,240,686ecb43,168,true,0,0
/books/ចម្លើយកោននិចនិងរូបរាងក្នុងលំហ,ចម្លើយកោននិចនិងរូបរាងក្នុងលំហ,true,235,3d4a6881,330,true,0,0
/books/ចម្លើយលំហាត់ប្រតិបត្តិគណិតវិទ្យា,ចម្លើយលំហាត់ប្រតិបត្តិគណិតវិទ្យា,true,238,3d4a6881,330,true,0,0
/books/ការសរសេរកម្មវិធីបញ្ញាសិប្បនិម្មិត,ការសរសេរកម្មវិធីបញ្ញាសិប្បនិម្មិត,true,220,d702efc6,21,false,0,0
/books/ការប្រើប្រាស់ឈើចង្កាក់ដើម្បីបង្រៀនធរណីមាត្រ,ការប្រើប្រាស់ឈើចង្កាក់ដើម្បីបង្រៀនធរណីមាត្រ,true,249,3d4a6881,330,false,0,0
/books/កម្រងលំហាត់-ទ្រឹស្ដីរង្វាស់-អមដោយដំណោះស្រាយ,កម្រងលំហាត់ ទ្រឹស្ដីរង្វាស់ អមដោយដំណោះស្រាយ,true,249,3d4a6881,330,true,0,0
/books/លំហាត់អនុគមន៍,លំហាត់អនុគមន៍,true,214,686ecb43,168,true,0,0
/books/ការដាំដុះដំណាំ-អំពៅ,ការដាំដុះដំណាំ​អំពៅ,true,220,686ecb43,168,true,0,0
/books/ជំងឺកូវីដ-១៩-និង-ផលប៉ះពាល់-លើ-ការ-ការពារ-កុមារ-តាម-ប្រព័ន្ធ-អនឡាញ,ជំងឺកូវីដ-១៩ និង​ផលប៉ះពាល់​លើ​ការ​ការពារ​កុមារ​តាម​ប្រព័ន្ធ​អនឡាញ,true,266,686ecb43,168,true,0,0
/books/ឯកសារណែនាំគ្រូបង្រៀន-គីមីវិទ្យាថ្នាក់ទី៧-ដល់ទី៩-បញ្ជាបខ្លឹមសារបន,ឯកសារណែនាំគ្រូបង្រៀន«គីមីវិទ្យាថ្នាក់ទី៧ ដល់ទី៩» បញ្ជាបខ្លឹមសារបន,true,271,3d4a6881,330,true,0,0
/books/សៀវភៅកិច្ចការផ្ទះផែនដីវិទ្យាថ្នាក់ទី៩,សៀវភៅកិច្ចការផ្ទះផែនដីវិទ្យាថ្នាក់ទី៩,true,238,686ecb43,168,true,0,0
/books/ការថែទាំសុខភាព,ការថែទាំសុខភាព,true,182,643a4e5b,1,true,0,0
/books/សៀវភៅសិក្សាគោលសម្រាប់មត្តេយ្យសិក្សា-បុរេគណិត,សៀវភៅសិក្សាគោលសម្រាប់មត្តេយ្យសិក្សា បុរេគណិត,true,250,3d4a6881,330,true,0,0
/books/physical-education-sport-teacher-s-book-grade-5,Physical Education & Sport — Teacher's Book Grade 5,true,272,49ab0832,16,false,0,0
/books/វិញ្ញាសាត្រៀមប្រឡងបាក់ឌុប-គីមី,វិញ្ញាសាត្រៀមប្រឡងបាក់ឌុប គីមី,true,228,7c61b4b3,239,false,0,0
/books/analysis-of-prospective-elementary-school-teachers-scientific-pr,Analysis of Prospective Elementary School Teachers’ Scientific Pr,true,286,bd1e639d,67,false,0,0
/books/ជីវវិទ្យា-បណ្តុំវិទ្យាសាស្ត្រសង្គម,ជីវវិទ្យា បណ្តុំវិទ្យាសាស្ត្រសង្គម,true,231,7c61b4b3,239,true,0,0
/books/ថ្នាក់ទី១-ទៅណា,ថ្នាក់ទី១៖ ទៅណា,true,224,2ee5c7e0,102,false,0,0
/books/សៀវភៅអនុគមន៍ថ្នាក់ទី១២-បកជាភាសាខ្មែរ,សៀវភៅអនុគមន៍ថ្នាក់ទី១២ (បកជាភាសាខ្មែរ),true,239,686ecb43,168,true,0,0
/books/លីមីត-នឹង-ភាពជាប់នៃអនុគមន៍,លីមីត នឹង ភាពជាប់នៃអនុគមន៍,true,232,3d4a6881,330,true,0,0
/books/របៀប-វាយ-យូនីកូដ-ខ្មែរ,របៀប​វាយ​យូនីកូដ​ខ្មែរ,true,224,59eef3e3,108,true,0,1
/books/ថ្នាក់ទី៣-កូនខ្លែងអំនួត,ថ្នាក់ទី៣៖ កូនខ្លែងអំនួត,true,233,2ee5c7e0,102,false,0,0
/books/fruit-processing,Fruit processing,true,240,c1127915,36,true,0,0
/books/ថ្នាក់ទី៦-សិក្សាសង្គម,ថ្នាក់ទី៦៖ សិក្សាសង្គម,true,249,bb49e20d,76,false,0,0
/books/little-scientists,Little Scientists,true,216,adb6d9bf,9,false,0,0
/books/ឯកសារ-ស្វ័យ-សិក្សា-គណិតវិទ្យា-ថ្នាក់-ទី១០,ឯកសារ​ស្វ័យ​សិក្សា គណិតវិទ្យា​ ថ្នាក់​ទី១០,true,248,3d4a6881,330,true,0,0
/books/ឯកសារស្វ័យសិក្សាជីវវិទ្យាថ្នាក់ទី១0,ឯកសារស្វ័យសិក្សាជីវវិទ្យាថ្នាក់ទី១0,true,232,7c61b4b3,239,true,0,0
/books/ឯកសារស្វ័យសិក្សាគីមីវិទ្យាថ្នាក់ទី១១,ឯកសារស្វ័យសិក្សាគីមីវិទ្យាថ្នាក់ទី១១,true,234,7c61b4b3,239,true,0,0
/books/បទពិសោធស្ទូងស្រូវ,បទពិសោធស្ទូងស្រូវ,true,218,686ecb43,168,true,0,0
/books/ប្រាសាទព្រះវិហារ,ប្រាសាទព្រះវិហារ,true,246,3deed829,1,false,0,0
/books/មេរៀន-python-ជាភាសាខ្មែរ,មេរៀន Python ជាភាសាខ្មែរ,true,226,59eef3e3,108,true,0,0
/books/matlab-programming-code-for-construct-the-normal-curve-in-hypothe,Matlab Programming Code for Construct the Normal Curve in Hypothe,true,286,bd1e639d,67,true,0,0
/books/កញ្ចប់-ឯកសារទី១-ការសិក្សាបំប៉នបន្ថែម-សម្រាប់មុខវិជ្ជាគណិតវិទ្យា-ថ,កញ្ចប់​ឯកសារទី១ ការសិក្សាបំប៉នបន្ថែម សម្រាប់មុខវិជ្ជាគណិតវិទ្យា ថ,true,271,3d4a6881,330,true,0,0
/books/បច្ចេកវិទ្យាព័ត៌មាន-និងសារគមនាគមន៍ថ្នាក់ទី១២,បច្ចេកវិទ្យាព័ត៌មាន និងសារគមនាគមន៍ថ្នាក់ទី១២,true,264,ed6bd704,25,false,0,0
/books/គណិតវិទ្យា-ថ្នាក់ទី៧-1,គណិតវិទ្យា ថ្នាក់ទី៧,true,241,bd1e639d,67,true,0,0
/books/អង់ស្យូស្ពែម,អង់ស្យូស្ពែម,true,209,7c61b4b3,239,true,0,0
/books/ថ្នាក់ទី១១-គណិតវិទ្យា-កម្រិតមូលដ្ឋាន,ថ្នាក់ទី១១៖ គណិតវិទ្យា កម្រិតមូលដ្ឋាន,true,264,bb49e20d,76,false,0,0
/books/ដេរីវេនៃអនុគមន៍,ដេរីវេនៃអនុគមន៍,true,221,3d4a6881,330,true,0,0
/books/ថ្នាក់ទី២-ខ្ទីងចង់មានមិត្ត,ថ្នាក់ទី២៖ ខ្ទីងចង់មានមិត្ត,true,236,2ee5c7e0,102,false,0,0
/books/លំហាត់គណិតវិទ្យាសម្រាប់សិស្សពូកែថ្នាក់ទី9,លំហាត់គណិតវិទ្យាសម្រាប់សិស្សពូកែថ្នាក់ទី9,true,247,3d4a6881,330,true,0,0
/books/ពន្លឺ-និងអុបទិក,ពន្លឺ និងអុបទិក,true,216,686ecb43,168,true,0,0
/books/សៀវភោណែនាំបច្ចេកទេសស្ដីពី-ការចិញ្ចឹមកង្កែបក្នុងអាង,សៀវភោណែនាំបច្ចេកទេសស្ដីពី៖ ការចិញ្ចឹមកង្កែបក្នុងអាង,true,253,59eef3e3,108,true,0,0
/books/បញ្ហា-ថ្នាំ-កសិកម្ម-នៅ-ប្រទេស-កម្ពុជា,បញ្ហា​ថ្នាំ​កសិកម្ម​នៅ​ប្រទេស​កម្ពុជា,true,238,686ecb43,168,true,0,0
/books/គីមីរូប,គីមីរូប,true,205,7c61b4b3,239,true,0,0
/books/ប្រជុំវិញ្ញាសាគណិតវិទ្យា-ថ្នាក់ទី៩-ភាគ១,ប្រជុំវិញ្ញាសាគណិតវិទ្យា ថ្នាក់ទី៩ ភាគ១,true,245,3d4a6881,330,true,0,0
/books/ធរណីមាត្រក្នុងលំហ-2,ធរណីមាត្រក្នុងលំហ,true,223,3d4a6881,330,true,0,0
/books/ក្របខណ្ឌសមត្ថភាពអក្ខរកម្មឌីជីថលប្រព័ន្ធផ្សព្វផ្សាយ-និងព័ត៌មាន-អ-ឌ,ក្របខណ្ឌសមត្ថភាពអក្ខរកម្មឌីជីថលប្រព័ន្ធផ្សព្វផ្សាយ និងព័ត៌មាន(អ.ឌ,true,267,59eef3e3,108,true,0,0
/books/កិច្ចតែងការបង្រៀនគណិតវិទ្យា-ថ្នាក់ទី១,កិច្ចតែងការបង្រៀនគណិតវិទ្យា ថ្នាក់ទី១,true,243,3d4a6881,330,true,0,0
/books/សៀវភៅណែនាំគ្រូបង្រៀន-ជីវវិទ្យា-ថ្នាក់ទី៨-stepsam3,សៀវភៅណែនាំគ្រូបង្រៀន ជីវវិទ្យា ថ្នាក់ទី៨ (STEPSAM3),true,344,6c74d0f1,1,false,0,1
/books/កៅស៊ូក្នុងនាមទំនិញសេដ្ឋកិច្ច,កៅស៊ូក្នុងនាមទំនិញសេដ្ឋកិច្ច,true,230,59eef3e3,108,true,0,0
/books/ផែនដីវិទ្យា-ថ្នាក់-ទី-៨-ជំពូក-ទី-៣-មេរៀន-ទី-១-ចលនារបស់ផែនដីនិង,ផែនដីវិទ្យា​ ថ្នាក់​ទី​៨ ជំពូក​ទី​៣ មេរៀន​ទី​១​៖ ចលនារបស់ផែនដីនិង,true,266,686ecb43,168,true,0,0
/books/សៀវភៅមគ្គុទ្ទេសក៍នៃដំណើរការចុះបញ្ជីពាណិជ្ជកម្មតាមប្រព័ន្ធបច្ចេកវិ,សៀវភៅមគ្គុទ្ទេសក៍នៃដំណើរការចុះបញ្ជីពាណិជ្ជកម្មតាមប្រព័ន្ធបច្ចេកវិ,true,267,59eef3e3,108,true,0,0
/books/សៀវភៅបុរេសំណេរ-កូនស្វាឆ្លាត-ខ-3,សៀវភៅបុរេសំណេរ កូនស្វាឆ្លាត ខ,true,230,686ecb43,168,true,0,0
/books/សៀវភៅកំណាព្យសម្រាប់មត្តេយ្យសិក្សា,សៀវភៅកំណាព្យសម្រាប់មត្តេយ្យសិក្សា,true,253,f6b51962,1,false,0,0
/books/ផែនដីវិទ្យា-ថ្នាក់-ទី-៨-ជំពូក-ទី-៣-មេរៀន-ទី-២-វគ្គព្រះចន្ទ,ផែនដីវិទ្យា​ ថ្នាក់​ទី​៨ ជំពូក​ទី​៣ មេរៀន​ទី​២៖ ​វគ្គព្រះចន្ទ,true,262,686ecb43,168,true,0,0
/books/សៀវភៅហ្វឹកហាត់លំហាត់គណិតវិទ្យាថ្នាក់ទី២-ភាគ៤-បញ្ចប់,សៀវភៅហ្វឹកហាត់លំហាត់គណិតវិទ្យាថ្នាក់ទី២ ភាគ៤(បញ្ចប់),true,258,3d4a6881,330,true,0,0
/books/សំណួរចម្លើយជីវវិទ្យាទី១២,សំណួរចម្លើយជីវវិទ្យាទី១២,true,221,7c61b4b3,239,true,0,0
/books/មូលដ្ឋានគ្រឹះទ្រឹស្តីចំនួន,មូលដ្ឋានគ្រឹះទ្រឹស្តីចំនួន,true,247,bd1e639d,67,false,0,0
/books/ផ្នែកទី៣-ជំហានដំបូងនៃដំណើរការកត់ត្រាបញ្ជីគណនេយ្យ,ផ្នែកទី៣ ជំហានដំបូងនៃដំណើរការកត់ត្រាបញ្ជីគណនេយ្យ,true,249,686ecb43,168,true,0,0
/books/ហិរញ្ញវត្ថុសាធារណៈ,ហិរញ្ញវត្ថុសាធារណៈ,true,229,fe931641,1,false,0,0
/books/ឯកសារបុរាណនាស-វ-ទី១១-ឬស-វ-ទី១២-របស់អាមេរិចបុរាណ-the-dresden-code,ឯកសារបុរាណនាស.វ.ទី១១ ឬស.វ.ទី១២ របស់អាមេរិចបុរាណ៖ The Dresden Code,true,266,686ecb43,168,true,0,0
/books/ឯកសារបណ្ដាញចំណេះដឹងសម្រាប់សិស្សស្វ័យសិក្សា-មុខវិជ្ជាគីមីវិទ្យា-ថ្,ឯកសារបណ្ដាញចំណេះដឹងសម្រាប់សិស្សស្វ័យសិក្សា មុខវិជ្ជាគីមីវិទ្យា ថ្,true,263,7c61b4b3,239,true,0,0
/books/មូលដ្ឋានគ្រឹះប្រូបាប៊ីលីតេ,មូលដ្ឋានគ្រឹះប្រូបាប៊ីលីតេ,true,247,bd1e639d,67,false,0,0
/books/ការចិញ្ចឹម-មាន់,ការចិញ្ចឹម​មាន់,true,212,7018f742,23,true,0,0
/books/វិទ្យាសាស្ត្រ-សិក្សាសង្គម-ថ្នាក់ទី៣,វិទ្យាសាស្ត្រ-សិក្សាសង្គម ថ្នាក់ទី៣,true,236,686ecb43,168,true,0,0
/books/សៀវភៅលំហាត់គណិតវិទ្យាថ្នាក់ទី៩,សៀវភៅលំហាត់គណិតវិទ្យាថ្នាក់ទី៩,true,236,3d4a6881,330,true,0,0
/books/ឯកសារណែនាំស្តីពីការជ្រើសរើសថ្នាក់វិទ្យាសាស្ត្រ-២០២២,ឯកសារណែនាំស្តីពីការជ្រើសរើសថ្នាក់វិទ្យាសាស្ត្រ (២០២២),true,219,c1d87580,3,false,0,0
/books/រៀបសរសេរកិច្ចតែងការបង្រៀន,រៀបសរសេរកិច្ចតែងការបង្រៀន,true,212,d8599eda,1,false,0,0
/books/សៀវភៅណែនាំគ្រូ-និងសៀវភៅជំនួយគណិតវិទ្យាថ្នាក់ទី២,សៀវភៅណែនាំគ្រូ និងសៀវភៅជំនួយគណិតវិទ្យាថ្នាក់ទី២,true,253,3d4a6881,330,false,0,0
/books/lesson-6-google-slides,Lesson 6: Google Slides,true,200,5448c4f2,5,false,0,0
/books/កម្រងវិញ្ញសាវិទ្យាសាស្រ្ដ,កម្រងវិញ្ញសាវិទ្យាសាស្រ្ដ,true,227,59eef3e3,108,true,0,0
/books/គណិតវិទ្យា-ថ្នាក់ទី៨,គណិតវិទ្យា ថ្នាក់ទី៨,true,241,bd1e639d,67,true,0,0
/books/កម្រងវិញ្ញាសាផែនដី-និងបរិស្ថានវិទ្យា-ថ្នាក់ទី១២,កម្រងវិញ្ញាសាផែនដី និងបរិស្ថានវិទ្យា ថ្នាក់ទី១២,true,248,686ecb43,168,true,0,0
/books/ការលូតលាស់-និងការ-ប្រែប្រួល,ការលូតលាស់ និងការ​ប្រែប្រួល,true,228,686ecb43,168,false,0,0
/books/ផែនដីវិទ្យា-ថ្នាក់-ទី-៩-ជំពូក-ទី-៣-មេរៀន-ទី-១-សំណល់រឹង,ផែនដីវិទ្យា​ ថ្នាក់​ទី​៩ ជំពូក​ទី​៣ មេរៀន​ទី​១៖ ​សំណល់រឹង,true,258,686ecb43,168,true,0,0
/books/ថ្នាក់ទី១-មេអំបៅ-និងកេងកង,ថ្នាក់ទី១៖ មេអំបៅ និងកេងកង,true,235,2ee5c7e0,102,false,0,0
/books/មេរៀនទី៣-ការប្រើប្រាស់-google-docs,មេរៀនទី៣៖ ការប្រើប្រាស់ Google Docs,true,237,59eef3e3,108,true,0,0
/books/កម្មវិធីសិក្សាលម្អិត-ជីវវិទ្យា-សម្រាប់-កម្រិតមធ្យមសិក្សាបឋមភូមិ,កម្មវិធីសិក្សាលម្អិត ជីវវិទ្យា សម្រាប់ កម្រិតមធ្យមសិក្សាបឋមភូមិ,true,260,7c61b4b3,239,true,0,0
/books/cambodia-economy-charting-course-of-brighter-future,Cambodia Economy: Charting Course of Brighter Future,true,381,a30cdeb2,1,false,0,0
/books/សៀវភៅ-រូបមន្ត-និង-របៀប-ដោះ-ស្រាយ-លំហាត់-រូបវិទ្យា-ថ្នាក់-ទី៧,សៀវភៅ​រូបមន្ត និង​របៀប​ដោះ​ស្រាយ​លំហាត់​រូបវិទ្យា​ថ្នាក់​ទី៧,true,257,7c61b4b3,239,false,0,0
/books/ការប្រើប្រាស់-google-slides,ការប្រើប្រាស់ Google Slides,true,229,59eef3e3,108,true,0,0
/books/ថ្នាក់ទី២-ភាសាខ្មែរ,ថ្នាក់ទី២៖ ភាសាខ្មែរ,true,245,bb49e20d,76,false,0,0
/books/កញ្ចប់ឯកសារទី៣-ការសិក្សាបំប៉នបន្ថែម-គណិតវិទ្យា-ថ្នាក់ទី២,កញ្ចប់ឯកសារទី៣ ការសិក្សាបំប៉នបន្ថែម (គណិតវិទ្យា ថ្នាក់ទី២),true,264,3d4a6881,330,true,0,0
/books/ថ្នាក់ទី១-តូតូរៀនតាមជីតា,ថ្នាក់ទី១៖ តូតូរៀនតាមជីតា,true,234,2ee5c7e0,102,false,0,0
/books/វិធីសាស្រ្តគណនាម៉៉ាទ្រីនៃអនុគមន៍អ៊ិចស្ប៉ូ-ដោយប្រើ-អាល់កូរីត-putze,វិធីសាស្រ្តគណនាម៉៉ាទ្រីនៃអនុគមន៍អ៊ិចស្ប៉ូ ដោយប្រើ អាល់កូរីត Putze,true,271,3d4a6881,330,false,0,0
/books/សៀវភៅមេរៀន-typing,សៀវភៅមេរៀន Typing,true,219,59eef3e3,108,true,0,0
/books/សៀវភៅ-គណិតវិទ្យា-ថ្នាក់-ទី-៩,សៀវភៅ​គណិតវិទ្យា​ថ្នាក់​ទី​៩,true,234,3d4a6881,330,true,0,0
/books/ការសាងសង់-និងគណនាសំណង់ឈើ,ការសាងសង់ និងគណនាសំណង់ឈើ,true,230,8db1d2a1,13,true,0,0
/books/ថ្នាក់ទី២-អាហារពណ៌ឥន្ទធនូ,ថ្នាក់ទី២៖ អាហារពណ៌ឥន្ទធនូ,true,233,86fbd334,11,false,0,0
/books/គីមីវិទ្យា-1,គីមីវិទ្យា,true,208,7c61b4b3,239,false,0,0
/books/រូបវិទ្យា-ថ្នាក់-ទី-៩-មេរៀន-ទី-១-ដំណាលត្រង់នៃពន្លឺ,រូបវិទ្យា ថ្នាក់​ទី​៩ មេរៀន​ទី​១៖ ​ដំណាលត្រង់នៃពន្លឺ,true,249,7c61b4b3,239,true,0,0
/books/កញ្ចប់-ឯកសារទី២-ការសិក្សាបំប៉នបន្ថែម-សម្រាប់មុខវិជ្ជាគណិតវិទ្យា-ថ,កញ្ចប់​ឯកសារទី២ ការសិក្សាបំប៉នបន្ថែម សម្រាប់មុខវិជ្ជាគណិតវិទ្យា ថ,true,271,3d4a6881,330,true,0,0
/books/ការ-ស្វែង-រក-ព័ត៌មាន-លើ-អ៊ីនធឺណិត,ការ​ស្វែង​រក​ព័ត៌មាន​លើ​អ៊ីនធឺណិត,true,235,59eef3e3,108,true,0,0
/books/ផែនដីបរិស្ថានវិទ្យា,ផែនដីបរិស្ថានវិទ្យា,true,220,686ecb43,168,true,0,0
/books/ការធ្វើដ៏មានគុណភាពល្អពីស្លឹកឈើក្រៀមស្ងួត,ការធ្វើដ៏មានគុណភាពល្អពីស្លឹកឈើក្រៀមស្ងួត,true,241,686ecb43,168,true,0,0
/books/សន្ទានុក្រមកាប្រែប្រួលអាកាសធាតុ,សន្ទានុក្រមកាប្រែប្រួលអាកាសធាតុ,true,232,686ecb43,168,true,0,0
/books/ប្រហុក,ប្រហុក,true,198,6b3b17ea,10,false,0,0
/books/ថ្នាក់ទី១-តើនរណាជួយកូនបាន,ថ្នាក់ទី១៖ តើនរណាជួយកូនបាន,true,235,2ee5c7e0,102,false,0,0
/books/ស្តង់កម្ពុជាសម្រាប់ទឹកកកពិសា,ស្តង់កម្ពុជាសម្រាប់ទឹកកកពិសា,true,234,8db1d2a1,13,true,0,0
/books/southeast-asia-primary-learning-metrics-2024-main-survey,Southeast Asia Primary Learning Metrics 2024 Main Survey,true,263,d25e47c3,1,false,0,0
/books/ឯកសារណែនាំគ្រូបង្រៀន-ជីវវិទ្យាថ្នាក់ទី៧-ដល់ទី៩-បញ្ជាបខ្លឹមសារបន្,ឯកសារណែនាំគ្រូបង្រៀន«ជីវវិទ្យាថ្នាក់ទី៧ ដល់ទី៩» បញ្ជាបខ្លឹមសារបន្,true,271,3d4a6881,330,true,0,0
/books/ផែនដីវិទ្យា-ថ្នាក់-ទី-៩-ជំពូក-ទី-២-មេរៀន-ទី-២-បំណាក់ស្រុតនិងពំ,ផែនដីវិទ្យា​ ថ្នាក់​ទី​៩ ជំពូក​ទី​២ មេរៀន​ទី​២៖ ​បំណាក់ស្រុតនិងពំ,true,266,686ecb43,168,true,0,0
/books/មេរៀន-សុខភាពបន្តពូជ-បញ្ជូលជាមួយគ្នា,មេរៀន សុខភាពបន្តពូជ (បញ្ជូលជាមួយគ្នា),true,205,bacd6d22,41,true,0,0
/books/វិញ្ញាសាប្រអឡងគ្រូបឋម-២០០២ដល់២០១៩,វិញ្ញាសាប្រអឡងគ្រូបឋម_២០០២ដល់២០១៩,true,234,686ecb43,168,true,0,0
/books/teacher-guide-mathematics-grade-2,Teacher Guide: Mathematics Grade 2,true,249,49ab0832,16,false,0,0
/books/សៀភៅ-ការសរសេរកម្មវិធីកុំព្យូទ័រឆ្នាំទី៣-ភាគ២,សៀភៅ ការសរសេរកម្មវិធីកុំព្យូទ័រឆ្នាំទី៣ ភាគ២,true,245,686ecb43,168,true,0,0
/books/សៀវភៅសិស្ស-អប់រំសុខភាព-ថ្នាក់ទី៩,សៀវភៅសិស្ស អប់រំសុខភាព ថ្នាក់ទី៩,true,200,bacd6d22,41,false,0,0
/books/កម្រងកិច្ចការផ្ទះភាសាខ្មែរ-និងគណិតវិទ្យាថ្នាក់ទី១,កម្រងកិច្ចការផ្ទះភាសាខ្មែរ និងគណិតវិទ្យាថ្នាក់ទី១,true,276,c5771d26,18,false,0,0
/books/ការផលិតសម្ភារៈពិសោធ-និងវិធីសាស្ត្របង្រៀនពិសោធ-ជីវវិទ្យា,ការផលិតសម្ភារៈពិសោធ និងវិធីសាស្ត្របង្រៀនពិសោធ «ជីវវិទ្យា»,true,254,7c61b4b3,239,true,0,0
/books/ពិធីសារស្ដីពី-ការ-ធ្វើ-រោគវិនិច្ឆ័យ-និង-ការ-ព្យាបាលជំងឺ-កូវីដ១៩-ន,ពិធីសារស្ដីពី ការ​ធ្វើ​រោគវិនិច្ឆ័យ និង​ការ​ព្យាបាលជំងឺ​កូវីដ១៩ ន,true,266,686ecb43,168,true,0,0
/books/ការប្រើប្រាស់បច្ចេកវិទ្យា-ដើម្បីគាំទ្រដល់ការបង្រៀន-និងរៀន,ការប្រើប្រាស់បច្ចេកវិទ្យា ដើម្បីគាំទ្រដល់ការបង្រៀន និងរៀន,true,200,6d6f32b9,2,false,0,0
/books/គណិតវិទ្យា-ថ្នាក់ទី១០-ភាគ២,គណិតវិទ្យា ថ្នាក់ទី១០ (ភាគ២),true,249,bd1e639d,67,false,0,0
/books/បច្ចេកទេស-ចិញ្ចឹម-គោ-ជា-លក្ខណៈ-គ្រួសារ,បច្ចេកទេស​ចិញ្ចឹម​គោ​ជា​លក្ខណៈ​គ្រួសារ,true,239,686ecb43,168,true,0,0
/books/វិធីសាស្រ្តដោះស្រាយសមីការឌីផេរ៉ង់ស្យែល,វិធីសាស្រ្តដោះស្រាយសមីការឌីផេរ៉ង់ស្យែល,true,239,686ecb43,168,true,0,0
/books/សៀវភៅគណិតវិទ្យា-សម្រាប់ថ្នាក់វិទ្យាសាស្រ្សសង្គម-ថ្នាក់ទី១២,សៀវភៅគណិតវិទ្យា សម្រាប់ថ្នាក់វិទ្យាសាស្រ្សសង្គម ថ្នាក់ទី១២,true,264,3d4a6881,330,true,0,0
/books/ថ្នាក់ទី១០-គណិតវិទ្យា-ភាគ១,ថ្នាក់ទី១០៖ គណិតវិទ្យា ភាគ១,true,254,bb49e20d,76,false,0,0
/books/កម្មវិធីរៀនសរសេរកូតពស់ថ្លាន់-python,កម្មវិធីរៀនសរសេរកូតពស់ថ្លាន់(python),true,252,64851361,20,false,0,0
/books/វ៉ិចទ័រ,វ៉ិចទ័រ,true,213,3d4a6881,330,true,0,0
/books/វចនានុក្រមអាយធី-បច្ចេកវិទ្យាព័ត៌មាន,វចនានុក្រមអាយធី(បច្ចេកវិទ្យាព័ត៌មាន),true,255,67071660,34,false,0,0
/books/ថ្នាក់ទី៧-ភាសាខ្មែរ,ថ្នាក់ទី៧៖ ភាសាខ្មែរ,true,245,bb49e20d,76,false,0,0
/books/គណិតវិទ្យា-ថ្នាក់ទី១១,គណិតវិទ្យា ថ្នាក់ទី១១,true,227,3d4a6881,330,true,0,0
/books/សៀវភៅពន្លឿនការសិក្សា-វិទ្យាសាស្ត្រអនុវត្ត-ថ្នាក់ឆ្នាំទី៣-សម្រាប់គ,សៀវភៅពន្លឿនការសិក្សា វិទ្យាសាស្ត្រអនុវត្ត ថ្នាក់ឆ្នាំទី៣ សម្រាប់គ,true,233,bacd6d22,41,false,0,0
/books/សៀវភៅគណិតវិទ្យារថ្នាក់ទី១០-ភាគ១,សៀវភៅគណិតវិទ្យារថ្នាក់ទី១០_ភាគ១,true,237,3d4a6881,330,true,0,0
/books/ថ្នាក់ទី២-តើអ្នកដឹងអ្វីខ្លះអំពីទូរស័ព្ទ,ថ្នាក់ទី២៖ តើអ្នកដឹងអ្វីខ្លះអំពីទូរស័ព្ទ,true,247,86fbd334,11,false,0,0
/books/គីមីទូទៅ២-ឆ្នាំទី១,គីមីទូទៅ២ (ឆ្នាំទី១),true,218,7c61b4b3,239,true,0,0
/books/អាំងតេក្រាល-1,អាំងតេក្រាល,true,217,3d4a6881,330,true,0,0
/books/ឯកសារណែនាំគ្រូបង្រៀន-ផែនដីវិទ្យាថ្នាក់ទី៧-ដល់ទី៩-បញ្ជាបខ្លឹមសារប,ឯកសារណែនាំគ្រូបង្រៀន«ផែនដីវិទ្យាថ្នាក់ទី៧ ដល់ទី៩» បញ្ជាបខ្លឹមសារប,true,271,3d4a6881,330,true,0,0
/books/ថ្នាក់ទី១២-ផែនដីនិងបរិស្ថានវិទ្យា,ថ្នាក់ទី១២៖ ផែនដីនិងបរិស្ថានវិទ្យា,true,264,7098a849,9,false,0,0
/books/បច្ចេកទេសការដាំដុះដំណាំស្រូវ១,បច្ចេកទេសការដាំដុះដំណាំស្រូវ១,true,231,59eef3e3,108,true,0,0
/books/ស្វីតចំនួនពិតថ្នាក់ទី-១១,ស្វីតចំនួនពិតថ្នាក់ទី ១១.,true,226,686ecb43,168,true,0,0
/books/គីមីវិទ្យា-ថ្នាក់-ទី-៨-មេរៀន-ទី-២-សមាសភាពទឹក,គីមីវិទ្យា ថ្នាក់​ទី​​៨ មេរៀន​ទី​២៖ សមាសភាពទឹក,true,244,7c61b4b3,239,true,0,0
/books/សៀវភៅសិស្ស-អប់រំសុខភាព-ថ្នាក់ទី១១,សៀវភៅសិស្ស អប់រំសុខភាព ថ្នាក់ទី១១,true,201,bacd6d22,41,true,0,0
/books/martingale-in-probability-theory,Martingale in Probability Theory,true,253,bd1e639d,67,false,0,0
/books/សៀវភៅពន្លឿនការសិក្សា-គណិតវិទ្យា-ថ្នាក់ឆ្នាំទី១-សម្រាប់គ្រូបង្រៀន,សៀវភៅពន្លឿនការសិក្សា គណិតវិទ្យា ថ្នាក់ឆ្នាំទី១ សម្រាប់គ្រូបង្រៀន,true,270,3d4a6881,330,false,0,0
/books/ឯកសារ-បណ្ដាញ-ចំណេះដឹង-សម្រាប់-សិស្ស-ស្វ័យ-សិក្សា-គីមីវិទ្យា-ថ្នាក-4,ឯកសារ​បណ្ដាញ​ចំណេះដឹង​សម្រាប់​សិស្ស​ស្វ័យ​សិក្សា គីមីវិទ្យា ថ្នាក,true,263,7c61b4b3,239,true,0,0
/books/សៀវភៅណែនាំស្ដីពី-ការ-គ្រប់គ្រង-មន្ទីរ-ពិសោធ-វិទ្យាសាស្ត្,សៀវភៅណែនាំស្ដីពី ការ​គ្រប់គ្រង​មន្ទីរ​ពិសោធ​វិទ្យាសាស្ត្,true,254,7c61b4b3,239,true,0,0
/books/technology-in-education,Technology in Education,true,295,cf011dc5,1,false,0,0
/books/សៀវភៅណែនាំពីជំងឺ-កូវីដ១៩-សម្រាប់កុមារ,សៀវភៅណែនាំពីជំងឺ_កូវីដ១៩_សម្រាប់កុមារ,true,238,686ecb43,168,true,0,0
/books/កញ្ចប់ឯកសារទី៥-ការសិក្សាបំប៉នបន្ថែម-គណិតវិទ្យា-ថ្នាក់ទី៣,កញ្ចប់ឯកសារទី៥ ការសិក្សាបំប៉នបន្ថែម (គណិតវិទ្យា ថ្នាក់ទី៣),true,264,3d4a6881,330,true,0,0
/books/ដំរី,ដំរី,true,196,6b3b17ea,10,false,0,0
/books/ធរណីមាត្រក្នុងលំហ,ធរណីមាត្រក្នុងលំហ,true,223,3d4a6881,330,true,0,0
/books/បទបង្ហាញស្ដីពីយុទ្ធសាស្ត្រនៃការអនុវត្តកញ្ចប់សម្ភារៈអំណាន-និងគណិតវ,បទបង្ហាញស្ដីពីយុទ្ធសាស្ត្រនៃការអនុវត្តកញ្ចប់សម្ភារៈអំណាន និងគណិតវ,true,271,3d4a6881,330,true,0,0
/books/ថ្នាក់ទី១០-ភាសាខ្មែរ,ថ្នាក់ទី១០៖ ភាសាខ្មែរ,true,247,bb49e20d,76,false,0,0
/books/រូបវិទ្យាអាតូម-និងម៉ូលេគុល,រូបវិទ្យាអាតូម និងម៉ូលេគុល,true,223,7c61b4b3,239,true,0,0
/books/ថ្នាក់ទី២-ដំណាំស្រូវ,ថ្នាក់ទី២៖ ដំណាំស្រូវ,true,228,86fbd334,11,false,0,0
/books/ឯកសារស្វ័យសិក្សាគីមីវិទ្យាថ្នាក់ទី១២,ឯកសារស្វ័យសិក្សាគីមីវិទ្យាថ្នាក់ទី១២,true,234,7c61b4b3,239,true,0,0
/books/ថ្នាក់ទី១១-អក្សរសាស្ត្រខ្មែរ,ថ្នាក់ទី១១៖ អក្សរសាស្ត្រខ្មែរ,true,255,bb49e20d,76,false,0,0
/books/លីមីត-និងភាពជាប់នៃអនុគមន៍,លីមីត និងភាពជាប់នៃអនុគមន៍,true,231,3d4a6881,330,true,0,0
/books/ការបង្កើតរូបពីខ្សាច់-និងការលេងខ្សាច់,ការបង្កើតរូបពីខ្សាច់ និងការលេងខ្សាច់,true,237,686ecb43,168,true,0,0
/books/ឯកសារបណ្ដាញចំណេះដឹងសម្រាប់សិស្សស្វ័យសិក្សា-មុខវិជ្ជាគីមីវិទ្យា-ថ្-1,ឯកសារបណ្ដាញចំណេះដឹងសម្រាប់សិស្សស្វ័យសិក្សា មុខវិជ្ជាគីមីវិទ្យា ថ្,true,263,7c61b4b3,239,true,0,0
/books/ជីវវិទ្យា-មេរៀនទី២-អង់ស្យូស្ពែម,ជីវវិទ្យា មេរៀនទី២ អង់ស្យូស្ពែម,true,228,7c61b4b3,239,true,0,0
/books/សៀវភៅព័ត៌មានស្តីពី-ទស្សនាវដ្ដីកម្ពុជា-សម្រាប់ការស្រាវជ្រាវអប់រំ-ន,សៀវភៅព័ត៌មានស្តីពី ទស្សនាវដ្ដីកម្ពុជា សម្រាប់ការស្រាវជ្រាវអប់រំ ន,true,271,3d4a6881,330,true,0,0
/books/សៀវភៅគ្រូថ្នាក់ទី១-មុខវិជ្ជាអប់រំសុខភាព,សៀវភៅគ្រូថ្នាក់ទី១ មុខវិជ្ជាអប់រំសុខភាព,true,207,bacd6d22,41,true,0,0
/books/សៀវភៅអក្ខរកម្មគណិតវិទ្យាកម្រិត២,សៀវភៅអក្ខរកម្មគណិតវិទ្យាកម្រិត២,true,237,3d4a6881,330,true,0,0
/books/កិច្ចការផ្ទះ-ជីវវិទ្យាថ្នាក់ទី៩,កិច្ចការផ្ទះ ជីវវិទ្យាថ្នាក់ទី៩,true,228,7c61b4b3,239,true,0,0
/books/ជំពូកទី២-មេរៀនទី២-ចំណង់ផ្លូវភេទ,ជំពូកទី២ មេរៀនទី២ ចំណង់ផ្លូវភេទ,true,199,bacd6d22,41,true,0,0
/books/ប្រឡងជ្រើសរើសសិស្សពូកែទូទាំងប្រទេស-ផ្នែករូបវិទ្យា-ថ្នាក់ទី១២,ប្រឡងជ្រើសរើសសិស្សពូកែទូទាំងប្រទេស ផ្នែករូបវិទ្យា ថ្នាក់ទី១២,true,257,7c61b4b3,239,true,0,0
/books/គណិតគណនា,គណិតគណនា,true,214,3d4a6881,330,true,0,0
/books/ការប្រើប្រាស់ល្បែងសិក្សាក្នុងការអប់រំ,ការប្រើប្រាស់ល្បែងសិក្សាក្នុងការអប់រំ.,true,240,59eef3e3,108,false,0,0
/books/វិញ្ញសាគីមីថ្នាក៊ទី១២,វិញ្ញសាគីមីថ្នាក៊ទី១២,true,219,7c61b4b3,239,true,0,0
/books/គណិតវិទ្យា-ថ្នាក់ទី៤,គណិតវិទ្យា ថ្នាក់ទី៤,true,241,bd1e639d,67,true,0,0
/books/សៀវភៅណែនាំពិសោធន៍គីមីវិទ្យា-សេចក្ដីព្រាងទី២,សៀវភៅណែនាំពិសោធន៍គីមីវិទ្យា (សេចក្ដីព្រាងទី២),true,252,ec177daa,6,false,0,0
/books/រូបវិទ្យាអង្គធាតុរឹង,រូបវិទ្យាអង្គធាតុរឹង,true,217,7c61b4b3,239,true,0,0
/books/គម្រូកិច្ចតែងការសម្រាប់ការបង្រៀនអំពីពហុកោណថ្នាក់ទី២,គម្រូកិច្ចតែងការសម្រាប់ការបង្រៀនអំពីពហុកោណថ្នាក់ទី២,true,257,3d4a6881,330,false,0,0
/books/ឯកសារ-បណ្ដាញ-ចំណេះដឹង-សម្រាប់-សិស្ស-ស្វ័យ-សិក្សា-គណិតវិទ្យា-កម្រ-1,ឯកសារ​បណ្ដាញ​ចំណេះដឹង​សម្រាប់​សិស្ស​ស្វ័យ​សិក្សា គណិតវិទ្យា (កម្រ,true,271,3d4a6881,330,true,0,0
/books/អក្សរសិល្ប៍-និងភាសាខ្មែរកណ្តាល-តាមរយៈសិលាចារឹកនគរវត្ត,អក្សរសិល្ប៍ និងភាសាខ្មែរកណ្តាល តាមរយៈសិលាចារឹកនគរវត្ត,true,230,55253b9e,1,false,0,0
/books/ការ-បណ្ដុះ-សណ្ដែកសៀង,ការ​បណ្ដុះ​សណ្ដែកសៀង,true,221,686ecb43,168,true,0,0
/books/អប់រំសុខភាព-ថ្នាក់ទី១០,អប់រំសុខភាព ថ្នាក់ទី១០,true,190,bacd6d22,41,false,0,0
/books/ល្បិចទូទៅនៃគំនិត,ល្បិចទូទៅនៃគំនិត,true,159,7fe0c56b,5,false,0,0
/books/ជំពូកទី១-មេរៀនទី៦-ការរើសអើងអ្នករស់នៅជាមួយមេរោគអេដស៍,ជំពូកទី១ មេរៀនទី៦៖ ការរើសអើងអ្នករស់នៅជាមួយមេរោគអេដស៍,true,220,bacd6d22,41,true,0,0
/books/សៀវភៅពិសោធន៍រូបវិទ្យា-កម្រិតទុតិយភូមិ,សៀវភៅពិសោធន៍រូបវិទ្យា កម្រិតទុតិយភូមិ,true,234,7c61b4b3,239,true,0,0
/books/mathematical-olampiad,Mathematical Olampiad,true,242,bd1e639d,67,false,0,0
/books/សៀវភៅហ្វឹកហាត់លំហាត់គណិតវិទ្យាថ្នាក់ទី៣-ភាគ៤-បញ្ចប់,សៀវភៅហ្វឹកហាត់លំហាត់គណិតវិទ្យាថ្នាក់ទី៣ ភាគ៤(បញ្ចប់),true,258,3d4a6881,330,true,0,0
/books/សៀវភៅកិច្ចការផ្ទះ-គណិតវិទ្យា-ថ្នាក់ទី១១-ភាគ១,សៀវភៅកិច្ចការផ្ទះ គណិតវិទ្យា (ថ្នាក់ទី១១) ភាគ១,true,252,3d4a6881,330,true,0,0
/books/ការអនុវត្តបញ្ញាសិប្បនិម្មិត-ai,ការអនុវត្តបញ្ញាសិប្បនិម្មិត (AI),true,218,d702efc6,21,false,0,0
/books/សៀវភៅជីវវិទ្យា-ថ្នាក់ទី១០,សៀវភៅជីវវិទ្យា ថ្នាក់ទី១០,true,222,7c61b4b3,239,true,0,0
/books/ការសរសេរកម្មវិធីកុំព្យូទ័រ-ភាគ១,ការសរសេរកម្មវិធីកុំព្យូទ័រ ភាគ១,true,250,67071660,34,true,0,0
/books/គណិតវិទ្យា-កម្រិតខ្ពស់-ថ្នាក់ទី១២,គណិតវិទ្យា កម្រិតខ្ពស់ ថ្នាក់ទី១២,true,239,3d4a6881,330,true,0,0
/books/កិច្ចតែងការ-បង្រៀនគីមីវិទ្យា-ថ្នាក់ទី១១,កិច្ចតែងការ​បង្រៀនគីមីវិទ្យា ថ្នាក់ទី១១,true,237,7c61b4b3,239,true,0,0
/books/សៀវភៅណែនាំ-ពិសោធន៍-ផែនដី,សៀវភៅណែនាំ​ពិសោធន៍​ផែនដី,true,225,686ecb43,168,false,0,0
/books/សិក្ខាសាលាស្ដីពីការចែករំលែកឧត្តមានុវត្តនៃការអនុវត្តកញ្ចប់សម្ភារៈអ,សិក្ខាសាលាស្ដីពីការចែករំលែកឧត្តមានុវត្តនៃការអនុវត្តកញ្ចប់សម្ភារៈអ,true,271,3d4a6881,330,true,0,0
/books/អប់រំសុខភាព-ថ្នាក់ទី៧,អប់រំសុខភាព ថ្នាក់ទី៧,true,189,bacd6d22,41,false,0,0
/books/កម្រងវិញ្ញាសាគណិវិទ្យាសម្រាប់ត្រៀមប្រឡងសញ្ញាបត្រមធ្យមសិក្សាបឋមភូម,កម្រងវិញ្ញាសាគណិវិទ្យាសម្រាប់ត្រៀមប្រឡងសញ្ញាបត្រមធ្យមសិក្សាបឋមភូម,true,266,686ecb43,168,false,0,0
/books/សៀវភៅរូបវិទ្យាថ្នាក់ទី១០,សៀវភៅរូបវិទ្យាថ្នាក់ទី១០,true,244,bd1e639d,67,true,0,0
/books/បដិវត្តកម្មឌីជីថល,បដិវត្តកម្មឌីជីថល,true,204,d702efc6,21,false,0,0
/books/អត្រាកំណែរតេស្តគណិតវិទ្យាសម្រាប់ខែមិថុនា-5,អត្រាកំណែរតេស្តគណិតវិទ្យាសម្រាប់ខែមិថុនា,true,246,3d4a6881,330,true,0,0
/books/តេស្តគណីតវិទ្យាតាមបែបgoogle-form,តេស្តគណីតវិទ្យាតាមបែបgoogle form,true,233,686ecb43,168,true,0,0
/books/សមីការឌីផេរ៉ង់ស្យែលដោយផ្នែក,សមីការឌីផេរ៉ង់ស្យែលដោយផ្នែក,true,248,bd1e639d,67,false,0,0
/books/សៀវភៅកិច្ចការផ្ទះគណិតវិទ្យាថ្នាក់ទី៩-2,សៀវភៅកិច្ចការផ្ទះគណិតវិទ្យាថ្នាក់ទី៩,true,242,3d4a6881,330,true,0,0
/books/ថ្នាក់ទី១១-គណិតវិទ្យា-កម្រិតខ្ពស់,ថ្នាក់ទី១១៖ គណិតវិទ្យា កម្រិតខ្ពស់,true,261,bb49e20d,76,false,0,0
/books/ជីវវិទ្យា-មេរៀនទី១-ស៊ីមណូស្ពែម,ជីវវិទ្យា​ មេរៀនទី១ ស៊ីមណូស្ពែម​,true,229,7c61b4b3,239,true,0,0
/books/សាំង-អូហ្គូស្ទីន-saint-augustine,សាំង អូហ្គូស្ទីន (Saint Augustine),true,215,e289de75,8,false,0,0
/books/ថ្នាក់ទី១-តើកូនឆ្មានៅឯណា,ថ្នាក់ទី១៖ តើកូនឆ្មានៅឯណា,true,234,2ee5c7e0,102,false,0,0
/books/ឯកសារបណ្ដាញចំណេះដឹងសម្រាប់សិស្សស្វ័យសិក្សា-មុខវិជ្ជាគីមីវិទ្យា-ថ្-4,ឯកសារបណ្ដាញចំណេះដឹងសម្រាប់សិស្សស្វ័យសិក្សា មុខវិជ្ជាគីមីវិទ្យា ថ្,true,263,7c61b4b3,239,true,0,0
/books/កម្រងវិញ្ញាសា-ប្រឡងជ្រើសរើសសិស្សពូកែទូទាំងប្រទេស-គណិតវិទ្យា-ថ្នាក,កម្រងវិញ្ញាសា ប្រឡងជ្រើសរើសសិស្សពូកែទូទាំងប្រទេស គណិតវិទ្យា ថ្នាក,true,271,3d4a6881,330,true,0,0
/books/អេពីគួរ-epicurus,អេពីគួរ (Epicurus),true,199,e289de75,8,false,0,0
/books/ស្លាយមេរៀន-ការីលីនេអ៊ែរ,ស្លាយមេរៀន ការីលីនេអ៊ែរ,true,244,bd1e639d,67,false,0,0
/books/cambodia-recent-macroeconomic-financial-developments,Cambodia Recent Macroeconomic & Financial Developments,true,329,c5a9c8dc,1,false,0,0
/books/កញ្ចប់ឯកសារទី៤-ការសិក្សាបំប៉នបន្ថែម-គណិតវិទ្យា-ថ្នាក់ទី៣,កញ្ចប់ឯកសារទី៤ ការសិក្សាបំប៉នបន្ថែម (គណិតវិទ្យា ថ្នាក់ទី៣),true,264,3d4a6881,330,true,0,0
/books/តក្កវិទ្យា,តក្កវិទ្យា,true,216,3d4a6881,330,false,0,0
/books/ធរណីមាត្រ-ថ្នាក់ទី៨,ធរណីមាត្រ ថ្នាក់ទី៨,true,225,3d4a6881,330,true,0,0
/books/stem-monitoring-and-assessment-toolkit,STEM Monitoring and Assessment Toolkit,true,262,c1127915,36,true,0,0
/books/កំណែលំហាត់គណិតវិទ្យាជ្រើសរើស-ភាគទី០១-ត្រៀមសិស្សពូកែទី១២,កំណែលំហាត់គណិតវិទ្យាជ្រើសរើស ភាគទី០១ (ត្រៀមសិស្សពូកែទី១២ ),true,264,3d4a6881,330,true,0,0
/books/តេស្ត-sea-plm-២០២៤-កម្រងសំណួរសាលារៀន,តេស្ត SEA-PLM ២០២៤ កម្រងសំណួរសាលារៀន,true,179,c97a1213,1,false,0,0
/books/សៀវភៅកិច្ចតែងការបង្រៀន-គណិតវិទ្យាថ្នាក់ទី៤,សៀវភៅកិច្ចតែងការបង្រៀន គណិតវិទ្យាថ្នាក់ទី៤,true,248,3d4a6881,330,false,0,0
/books/ដំណាំស្រូវ,ដំណាំស្រូវ,true,202,6b3b17ea,10,false,0,0
/books/វិញ្ញាសារូបវិទ្យាទី12,វិញ្ញាសារូបវិទ្យាទី12,true,218,7c61b4b3,239,false,0,0
/books/សៀវភៅណែនាំពិសោធន៍គីមីវិទ្យា,សៀវភៅណែនាំពិសោធន៍គីមីវិទ្យា,true,234,ec177daa,6,false,0,0
/books/គ្រប់គ្រង-មន្ទីរ-ពិសោធន៍-វិទ្យាសាស្ត្រ,គ្រប់គ្រង​មន្ទីរ​ពិសោធន៍ វិទ្យាសាស្ត្រ,true,236,7c61b4b3,239,true,0,0
/books/សៀវភៅ-ណែនាំ-បច្ចេកទេស-កែច្នៃ-កៅស៊ូ-សន្លឹក-ប្រភេទ-rss-និង-ads,សៀវភៅ​ណែនាំ​បច្ចេកទេស​កែច្នៃ​កៅស៊ូ​សន្លឹក ប្រភេទ RSS និង ADS,true,253,314bb48c,6,true,0,0
/books/របរបណ្តុះផ្សិតចំបើង,របរបណ្តុះផ្សិតចំបើង,true,216,7018f742,23,true,0,0
/books/សៀវភៅកិច្ចការផ្ទះថ្នាក់ទី៤-គណិតវិទ្យា,សៀវភៅកិច្ចការផ្ទះថ្នាក់ទី៤ _ គណិតវិទ្យា,true,245,3d4a6881,330,true,0,0
/books/គណិតវិទ្យា-ថ្នាក់-ទី-៨-មេរៀន-ទី-៤-រង្វាស់រង្វាល់,គណិតវិទ្យា ថ្នាក់​ទី​៨ មេរៀន​ទី​៤៖ រង្វាស់រង្វាល់,true,255,3d4a6881,330,true,0,0
/books/សំណួរតេស្តគំរូនៃកម្មវិធីអន្តរជាតិ-pisa-រូបវិទ្យា-ថ្នាក់ទី-៨-សម្-1,សំណួរតេស្តគំរូនៃកម្មវិធីអន្តរជាតិ(PISA) រូបវិទ្យា ថ្នាក់ទី ៨ (សម្,true,262,7c61b4b3,239,true,0,0
/books/សៀវភៅស្នាដៃសិក្ខាកាមជំនាញកុំព្យូទ័ររដ្ឋបាល-ឆ្នាំ២០២៤,សៀវភៅស្នាដៃសិក្ខាកាមជំនាញកុំព្យូទ័ររដ្ឋបាល ឆ្នាំ២០២៤,true,271,67071660,34,false,0,0
/books/បច្ចេកវិទ្យា-និងវិស័យការងារ,បច្ចេកវិទ្យា និងវិស័យការងារ,true,246,67071660,34,true,0,0
/books/ថ្នាក់ទី១២-ប្រវត្តិវិទ្យា,ថ្នាក់ទី១២៖ ប្រវត្តិវិទ្យា,true,254,bb49e20d,76,false,0,0
/books/ស្វ៊ីតចំនួនពិត-ថ្នាក់ទិ-១១,ស្វ៊ីតចំនួនពិត ថ្នាក់ទិ ១១​,true,233,3d4a6881,330,true,0,0
/books/សមីការត្រីកោណមាត្រ-សម្រាប់ថ្នាក់ទី-១១-និង-១២,សមីការត្រីកោណមាត្រ សម្រាប់ថ្នាក់ទី ១១​ និង​ ១២​,true,248,686ecb43,168,true,0,0
/books/សៀគ្វីឌីជីថល,សៀគ្វីឌីជីថល,true,214,59eef3e3,108,true,0,0
/books/វិញ្ញាសាប្រឡងសិស្សពូកែថ្នាក់ទី១២,វិញ្ញាសាប្រឡងសិស្សពូកែថ្នាក់ទី១២,true,233,686ecb43,168,true,0,0
/books/ថ្នាក់ទី១-ខ្ញុំចង់ក្លាយជា,ថ្នាក់ទី១៖ ខ្ញុំចង់ក្លាយជា,true,235,2ee5c7e0,102,false,0,0
/books/មេកានិច,មេកានិច,true,209,59eef3e3,108,true,0,0
/books/ការធ្វើឱ្យកុមារមានសុវត្ថីភាពនៅលើប្រព័ន្ធអនឡាញ-ក្នុងអំឡុងពេលនៃការរ,ការធ្វើឱ្យកុមារមានសុវត្ថីភាពនៅលើប្រព័ន្ធអនឡាញ ក្នុងអំឡុងពេលនៃការរ,true,268,2426146f,37,false,0,0
/books/សៀវភៅកិច្ចការផ្ទះរូបវិទ្យាថ្នាក់ទី១២,សៀវភៅកិច្ចការផ្ទះរូបវិទ្យាថ្នាក់ទី១២,true,233,7c61b4b3,239,true,0,0
/books/អត្រាកំណែក្រៅផ្លូវការនៃការប្រលងបញ្ចប់ឆមាសទី១លើមុខវិជ្ជា-ទ្រឹស្ដីប,អត្រាកំណែក្រៅផ្លូវការនៃការប្រលងបញ្ចប់ឆមាសទី១លើមុខវិជ្ជា ទ្រឹស្ដីប,true,266,686ecb43,168,true,0,0
/books/របៀប-ប្រើ-ប្រាស់-កម្មវិធី-ស្លឹក-រិត,របៀប​ប្រើ​ប្រាស់​កម្មវិធី​ស្លឹក​រិត,true,237,59eef3e3,108,true,0,0
/books/សត្រាប់រត្ររៀមត្របឡងសញ្ញាបត្ររមធ្យមសិក្សាទុរិយភូមិ-គណិតវិទ្យា,សត្រាប់រត្ររៀមត្របឡងសញ្ញាបត្ររមធ្យមសិក្សាទុរិយភូមិ គណិតវិទ្យា,true,267,3d4a6881,330,false,0,0
/books/ឯកសារបណ្តាញចំណេះដឹងស្វ័យសិក្សាសម្រាប់សិស្សមុខវិជ្ជារូបវិទ្យា-ថ្នា-2,ឯកសារបណ្តាញចំណេះដឹងស្វ័យសិក្សាសម្រាប់សិស្សមុខវិជ្ជារូបវិទ្យា ថ្នា,true,262,7c61b4b3,239,true,0,0
/books/កម្រងវិញ្ញាសាគណិតវិទ្យា,កម្រងវិញ្ញាសាគណិតវិទ្យា,true,229,3d4a6881,330,true,0,0
/books/ថ្នាក់ទី៩-វិទ្យាសាស្ត្រ,ថ្នាក់ទី៩៖ វិទ្យាសាស្ត្រ,true,253,7098a849,9,false,0,0
/books/កំណែ-វិញ្ញាសាប្រឡងមធ្យមសិក្សាទុតិយភូមិ-2023-ដោយ-bacii-maths,កំណែ វិញ្ញាសាប្រឡងមធ្យមសិក្សាទុតិយភូមិ 2023 ដោយ BACII MATHS,true,265,3d4a6881,330,true,0,0
/books/វិញ្ញាសាត្រៀម-ប្រឡង-បាក់ឌុប,វិញ្ញាសាត្រៀម​ប្រឡង​បាក់ឌុប,true,228,686ecb43,168,true,0,0
/books/សៀវភៅណែនាំ-ពិសោធន៍គិមីវិទ្យា,សៀវភៅណែនាំ​ពិសោធន៍គិមីវិទ្យា,true,229,686ecb43,168,true,0,0
/books/ថ្នាក់ទី១-ចៅងីគូរគំនូរ,ថ្នាក់ទី១៖ ចៅងីគូរគំនូរ,true,232,2ee5c7e0,102,false,0,0
/books/សៀវភៅចិន-អូឡាំពេជ-ភាគ២,សៀវភៅចិន អូឡាំពេជ ភាគ២,true,243,bd1e639d,67,false,0,0
/books/ថ្នាក់ទី១០-ជីវវិទ្យា,ថ្នាក់ទី១០៖ ជីវវិទ្យា,true,247,bb49e20d,76,false,0,0
/books/ថ្នាក់ទី១-ផ្ទះផ្សេងៗគ្នា,ថ្នាក់ទី១៖ ផ្ទះផ្សេងៗគ្នា,true,234,2ee5c7e0,102,false,0,0
/books/គីមីវិទ្យា-ថ្នាក់-ទី-៨-ជំពូកទី-៣-ទឹក-និង-សូលុយស្យុង,គីមីវិទ្យា ថ្នាក់​ទី​​៨ ជំពូកទី​​៣៖ ​​​​​ទឹក និង​សូលុយស្យុង,true,257,7c61b4b3,239,true,0,0
/books/អិចស្ប៉ូណង់ស្យែល-ថ្នាក់ទី-១១,អិចស្ប៉ូណង់ស្យែល ថ្នាក់ទី ១១,true,234,3d4a6881,330,false,0,0
/books/ថ្នាក់ទី១២-ជីវវិទ្យា,ថ្នាក់ទី១២៖ ជីវវិទ្យា,true,247,bb49e20d,76,false,0,0
/books/កម្មវិធីសិក្សាលម្អិត-ជីវវិទ្យា-បណ្ដុំវិទ្យាសាស្ត្រ-សម្រាប់-កម្រិត,កម្មវិធីសិក្សាលម្អិត ជីវវិទ្យា បណ្ដុំវិទ្យាសាស្ត្រ សម្រាប់ កម្រិត,true,262,7c61b4b3,239,true,0,0
/books/កម្រងវិញ្ញាសានិងអត្រាកំណែផែនដីវិទ្យាថ្នាក់ទី១២,កម្រងវិញ្ញាសានិងអត្រាកំណែផែនដីវិទ្យាថ្នាក់ទី១២,true,252,3d4a6881,330,false,0,0
/books/វិភាគទាននៃការសិក្សាអក្សរសិល្ប៍ខ្មែរ-លើកកម្ពស់អំណាន,វិភាគទាននៃការសិក្សាអក្សរសិល្ប៍ខ្មែរ លើកកម្ពស់អំណាន,true,311,ae20b897,1,false,0,0
/books/norm-linear-space-lecture-sildes,Norm Linear Space Lecture Sildes,true,253,bd1e639d,67,false,0,0
/books/ជំពូកទី១-មេរៀនទី៣-ផ្នត់គំនិតទាក់ទងនឹងយេនឌ័រផ្លូវភេទនិងជំងឺអេដស៍-1,ជំពូកទី១ មេរៀនទី៣ ផ្នត់គំនិតទាក់ទងនឹងយេនឌ័រផ្លូវភេទនិងជំងឺអេដស៍ (,true,233,bacd6d22,41,true,0,0
/books/ដេរីវេនៃអនុគមន៍-កិច្ចការផ្ទះ-២២-មករា-២០២៣,ដេរីវេនៃអនុគមន៍ កិច្ចការផ្ទះ ២២-មករា-២០២៣,true,247,3d4a6881,330,true,0,0
/books/ហ្សង់-ហ្សាក់-រូសូ-jean-jacques-rousseau,ហ្សង់-ហ្សាក់ រូសូ (Jean-Jacques Rousseau),true,222,e289de75,8,false,0,0
/books/គណិតវិទ្យា-ថ្នាក់-ទី-៧-មេរៀន-ទី-៧-រង្វាស់រង្វាល់,គណិតវិទ្យា ថ្នាក់​ទី​៧ មេរៀន​ទី​៧៖ រង្វាស់រង្វាល់,true,255,3d4a6881,330,true,0,0
/books/ក្លឹបផែនដីវិទ្យា,ក្លឹបផែនដីវិទ្យា,true,217,686ecb43,168,true,0,0
/books/គីមីវិទ្យាថ្នាក់ទី១០-ជំពូក១-មេរៀនទី១-ទ្រឹស្ដីអាតូម,គីមីវិទ្យាថ្នាក់ទី១០ ជំពូក១ មេរៀនទី១ ទ្រឹស្ដីអាតូម,true,248,7c61b4b3,239,true,0,0
/books/សៀវភៅគ្រូ-អប់រំសុខភាព-ថ្នាក់ទី៦,សៀវភៅគ្រូ អប់រំសុខភាព ថ្នាក់ទី៦,true,199,bacd6d22,41,false,0,0
/books/សៀភៅ-programming-arduino-ide,សៀភៅ Programming Arduino IDE,true,229,686ecb43,168,true,0,0
/books/ឯកសារ-បណ្ដាញ-ចំណេះដឹង-សម្រាប់-សិស្ស-ស្វ័យ-សិក្សា-គីមីវិទ្យា-ថ្នាក,ឯកសារ​បណ្ដាញ​ចំណេះដឹង​សម្រាប់​សិស្ស​ស្វ័យ​សិក្សា គីមីវិទ្យា ថ្នាក,true,263,7c61b4b3,239,true,0,0
/books/គណិតវិទ្យា-ថ្នាក់-ទី-៨-មេរៀន-ទី-១០-ស្ថិតិ,គណិតវិទ្យា ថ្នាក់​ទី​៨ មេរៀន​ទី​១០៖ ស្ថិតិ,true,248,3d4a6881,330,true,0,0
/books/គណិតវិទ្យា,គណិតវិទ្យា,true,216,3d4a6881,330,true,0,0
/books/ជីវវិទ្យា-ថ្នាក់ទី៩-មេរៀនទី-១-ភ្នាក់ងារបង្ករោគ,ជីវវិទ្យា ថ្នាក់ទី៩ មេរៀនទី ១៖​ ភ្នាក់ងារបង្ករោគ,true,245,7c61b4b3,239,true,0,0
/books/រូបវិទ្យាទំនើប-ភាគ១,រូបវិទ្យាទំនើប ភាគ១,true,216,7c61b4b3,239,true,0,0
/books/មេរៀនpower-point-កម្រិតខ្ពស់,មេរៀនPower Point កម្រិតខ្ពស់,true,230,59eef3e3,108,true,0,0
/books/សិក្សាអនុគមន៍,សិក្សាអនុគមន៍,true,219,3d4a6881,330,true,0,0
/books/ការសរសេរកម្មវិធីកុំព្យូទ័រ-ភាសc,ការសរសេរកម្មវិធីកុំព្យូទ័រ ភាសC,true,250,67071660,34,true,0,0
/books/ថ្នាក់ទី១-រមៀល,ថ្នាក់ទី១៖ រមៀល,true,224,2ee5c7e0,102,false,0,0
/books/១៥០០-លំហាត់គណិតវិទ្យា-olympiad-ភាគ១,១៥០០ លំហាត់គណិតវិទ្យា Olympiad (ភាគ១),true,243,3d4a6881,330,false,0,0
/books/រូបវិទ្យា-ថ្នាក់ទី-១២,រូបវិទ្យា ថ្នាក់ទី ១២,true,218,7c61b4b3,239,true,0,0
/books/ជំពូកទី១-មេរៀនទី៤-ការធ្វើតេស្តឈាមរកមេរោគអេដស៍,ជំពូកទី១ មេរៀនទី៤ ការធ្វើតេស្តឈាមរកមេរោគអេដស៍,true,213,bacd6d22,41,true,0,0
/books/មេរៀនទី៧-ការប្រើប្រាស់-google-meets,មេរៀនទី៧ ការប្រើប្រាស់ Google Meets,true,237,59eef3e3,108,true,0,0
/books/គណិតវិទ្យា-ថ្នាក់ទី៦,គណិតវិទ្យា ថ្នាក់ទី៦,true,241,bd1e639d,67,true,0,0
/books/វិធីសាស្រ្តបង្រៀនតាមបែបរិះរក,វិធីសាស្រ្តបង្រៀនតាមបែបរិះរក,true,252,c1127915,36,true,0,0
/books/សៀវភៅកិច្ចការផ្ទះគណិតវិទ្យ,សៀវភៅកិច្ចការផ្ទះគណិតវិទ្យ,true,232,3d4a6881,330,true,0,0
/books/equiconvergence-theorem-for-functionally-differential-of-the-firs,EQUICONVERGENCE THEOREM FOR FUNCTIONALLY DIFFERENTIAL OF THE FIRS,true,289,c1127915,36,false,0,0
/books/នីកូឡូ-ម៉ាគីអាវែល្លី-niccolò-machiavelli,នីកូឡូ ម៉ាគីអាវែល្លី (Niccolò Machiavelli),true,223,e289de75,8,false,0,0
/books/discovering-geometry-workbook1-for-grade-7-9,Discovering Geometry Workbook1 For Grade 7-9,true,265,bd1e639d,67,false,0,0
/books/វិធីសាស្រ្តបង្រៀនតាមបែប-5e,វិធីសាស្រ្តបង្រៀនតាមបែប 5E,true,250,c1127915,36,true,0,0
/books/ថ្នាក់ទី១១-បច្ចេកវិទ្យាព័ត៌មាន,ថ្នាក់ទី១១៖ បច្ចេកវិទ្យាព័ត៌មាន,true,238,ba59f4ec,2,false,0,0
/books/មេរៀន-សង្ខេប-រូបវិទ្យា-និង-លំហាត់-គំរូ-សម្រាប់-ជា-ជំនួយ-ដល់-សិស្ស,មេរៀន​សង្ខេប​រូបវិទ្យា និង​លំហាត់​គំរូ សម្រាប់​ជា​ជំនួយ​ដល់​សិស្ស,true,262,7c61b4b3,239,true,0,0
/books/សាលាឌីជីថល,សាលាឌីជីថល,true,212,59eef3e3,108,true,0,0
/books/ថ្នាក់ទី២-តើពុកកំពុងធ្វើអ្វី,ថ្នាក់ទី២៖ តើពុកកំពុងធ្វើអ្វី,true,238,2ee5c7e0,102,false,0,0
/books/ភាពជាប់នៃអនុគមន៍,ភាពជាប់នៃអនុគមន៍,true,222,3d4a6881,330,true,0,0
/books/ថ្នាក់ទី១២-ភូមិវិទ្យា,ថ្នាក់ទី១២៖ ភូមិវិទ្យា,true,250,bb49e20d,76,false,0,0
/books/វិញ្ញាសាប្រឡងបាក់ឌុប-២០០៣ដល់២០២៣,វិញ្ញាសាប្រឡងបាក់ឌុប_២០០៣ដល់២០២៣,true,238,3d4a6881,330,true,0,0
/books/រូបមន្តសង្ខេបរូបវិទ្យាថ្នាក់ទី១២,រូបមន្តសង្ខេបរូបវិទ្យាថ្នាក់ទី១២,true,229,7c61b4b3,239,true,0,0
/books/ជីវវិទ្យា-ថ្នាក់-ទី-៧-មេរៀន-ទី២-រុក្ខជាតិមានផ្កា,ជីវវិទ្យា​ថ្នាក់​ទី​៧ មេរៀន​ទី២៖ រុក្ខជាតិមានផ្កា​,true,247,7c61b4b3,239,true,0,0
/books/ជីវវិទ្យា-ថ្នាក់ទី១២,ជីវវិទ្យា ថ្នាក់ទី១២,true,240,bd1e639d,67,true,0,0
/books/គន្លឹះដោះស្រាយលំហាត់សមីការ-និងវិសមីការ,គន្លឹះដោះស្រាយលំហាត់សមីការ និងវិសមីការ,true,244,3d4a6881,330,true,0,0
/books/ការពង្រឹងវិន័យ-សីលធម៌-និងឥរិយាបថរបស់សិស្ស,ការពង្រឹងវិន័យ សីលធម៌ និងឥរិយាបថរបស់សិស្ស,true,205,8fdd08cc,8,false,0,0
/books/សៀវភៅកិច្ចការផ្ទះជីវវិទ្យាថ្នាក់ទី៩-សំណួរ,សៀវភៅកិច្ចការផ្ទះជីវវិទ្យាថ្នាក់ទី៩ (សំណួរ),true,240,7c61b4b3,239,true,0,0
/books/អត្រាកំណែរតេស្តគណិតវិទ្យាសម្រាប់ខែមិថុនា-2,អត្រាកំណែរតេស្តគណិតវិទ្យាសម្រាប់ខែមិថុនា,true,246,3d4a6881,330,true,0,0
/books/ជំពូកទី១-មេរៀនទី៥-ការថែទាំនិងព្យាបាលអ្នករស់នៅជាមួយមេរោគអេដស៍-ភា-1,ជំពូកទី១ មេរៀនទី៥៖ ការថែទាំនិងព្យាបាលអ្នករស់នៅជាមួយមេរោគអេដស៍ (ភា,true,233,bacd6d22,41,true,0,0
/books/គណិតវិទ្យាសម្រាប់ថ្នាក់ទី៩,គណិតវិទ្យាសម្រាប់ថ្នាក់ទី៩,true,232,3d4a6881,330,true,0,0
/books/វគ្គបណ្តុះបណ្តាលស្តីពី-ការប្រើបច្ចេកវិទ្យាព័ត៌មាន-និងសារ-គមនាគមន៍,វគ្គបណ្តុះបណ្តាលស្តីពី ការប្រើបច្ចេកវិទ្យាព័ត៌មាន និងសារ គមនាគមន៍,true,280,ed6bd704,25,false,0,0
/books/រូបវិទ្យា-ថ្នាក់-ទី-៨-មេរៀន-ទី-២-ទំនួលសូរ,រូបវិទ្យា ថ្នាក់​ទី​៨ មេរៀន​ទី​២៖ ​ទំនួលសូរ,true,240,7c61b4b3,239,true,0,0
/books/កម្មវិធីសិក្សាលម្អិត-រូបវិទ្យា-កម្រិតមធ្យមសិក្សាបឋមភូមិ,កម្មវិធីសិក្សាលម្អិត រូបវិទ្យា កម្រិតមធ្យមសិក្សាបឋមភូមិ,true,252,7c61b4b3,239,true,0,0
/books/សៀវភៅជំនួយសម្រាប់សិស្ស-បច្ចេកទេសការដាំដំណាំសរីរាង្គ,សៀវភៅជំនួយសម្រាប់សិស្ស បច្ចេកទេសការដាំដំណាំសរីរាង្គ,true,253,59eef3e3,108,true,0,0
/books/សៀវភៅ-ស៊េរីនៃចំនួន-numerical-series,សៀវភៅ ស៊េរីនៃចំនួន (Numerical Series),true,243,3d4a6881,330,true,0,0
/books/សៀវភៅកិច្ចការផ្ទះគណិតវិទ្យាថ្នាក់ទី៧,សៀវភៅកិច្ចការផ្ទះគណិតវិទ្យាថ្នាក់ទី៧,true,242,3d4a6881,330,true,0,0
/books/ប្រូបាប៊ីលីតេ,ប្រូបាប៊ីលីតេ,true,219,3d4a6881,330,true,0,0
/books/ថ្នាក់ទី១-ណារ៉ាត់ចេះ,ថ្នាក់ទី១៖ ណារ៉ាត់ចេះ,true,230,2ee5c7e0,102,false,0,0
/books/គណិតវិទ្យា៦,គណិតវិទ្យា៦,true,237,bb49e20d,76,false,0,0
/books/ផែនដីវិទ្យា-ថ្នាក់ទី១១,ផែនដីវិទ្យា ថ្នាក់ទី១១,true,246,c1127915,36,true,0,0
/books/សមីការឌីផេរ៉ង់ស្យែល-ថ្នាក់ទី១២,សមីការឌីផេរ៉ង់ស្យែល ថ្នាក់ទី១២,true,236,3d4a6881,330,false,0,0
/books/បច្ចេកវិទ្យាឌីជីថល,បច្ចេកវិទ្យាឌីជីថល,true,204,d702efc6,21,false,0,0
/books/របៀបបង្កើតform,របៀបបង្កើតform,true,216,59eef3e3,108,true,0,0
/books/ឯកសារស្វ័យសិក្សាគីមីវិទ្យាថ្នាក់ទី៩,ឯកសារស្វ័យសិក្សាគីមីវិទ្យាថ្នាក់ទី៩,true,233,7c61b4b3,239,true,0,0
/books/ឯកសារបណ្តាញចំណេះដឹងស្វ័យសិក្សាសម្រាប់សិស្សមុខវិជ្ជាគណិតវិទ្យា-ថ្ន-5,ឯកសារបណ្តាញចំណេះដឹងស្វ័យសិក្សាសម្រាប់សិស្សមុខវិជ្ជាគណិតវិទ្យា ថ្ន,true,271,3d4a6881,330,true,0,0
/books/ថ្នាក់ទី១-ណារី-និងបូណានៅសាលារៀន,ថ្នាក់ទី១៖ ណារី និងបូណានៅសាលារៀន,true,241,2ee5c7e0,102,false,0,0
/books/រដូវប្រាំង-និងរដូវវស្សា,រដូវប្រាំង និងរដូវវស្សា,true,215,6b3b17ea,10,false,0,0
/books/ឯកសារបណ្តាញចំណេះដឹងស្វ័យសិក្សាសម្រាប់សិស្សមុខវិជ្ជាគណិតវិទ្យា-ថ្ន-4,ឯកសារបណ្តាញចំណេះដឹងស្វ័យសិក្សាសម្រាប់សិស្សមុខវិជ្ជាគណិតវិទ្យា ថ្ន,true,271,3d4a6881,330,true,0,0
/books/សៀវភៅមគ្គុទេសក៍-ដំណើរការចុះបញ្ជីអាជីវកម្ម-តាមប្រព័ន្ធបច្ចេកវិទ្យា,សៀវភៅមគ្គុទេសក៍ ដំណើរការចុះបញ្ជីអាជីវកម្ម តាមប្រព័ន្ធបច្ចេកវិទ្យា,true,284,67071660,34,false,0,0
/books/ការអនុវត្តវិធីសាស្ត្របង្រៀន-តាមបែបប្លូមតាកសូណូមី-និងវិធីបង្រៀនតាម,ការអនុវត្តវិធីសាស្ត្របង្រៀន តាមបែបប្លូមតាកសូណូមី និងវិធីបង្រៀនតាម,true,257,7018f742,23,true,0,0
/books/ថ្នាក់ទី៣-កូនសេះលឿង,ថ្នាក់ទី៣៖ កូនសេះលឿង,true,229,2ee5c7e0,102,false,0,0
/books/រូបវិទ្យា-បណ្តុំវិទ្យាសាស្ត្រពិត,រូបវិទ្យា បណ្តុំវិទ្យាសាស្ត្រពិត,true,229,7c61b4b3,239,true,0,0
/books/the-book-of-geet-book-one-basic-science-paul-pantone-clarence-cl,The Book of GEET Book One Basic Science (Paul Pantone Clarence Cl,true,289,c1127915,36,false,0,0
/books/លំហាត់រូបវិទ្យា,លំហាត់រូបវិទ្យា,true,212,7c61b4b3,239,true,0,0
/books/ស្វ៊ីតចំនួនពិត,ស្វ៊ីតចំនួនពិត,true,220,3d4a6881,330,true,0,0
/books/រូបវិទ្យា,រូបវិទ្យា,true,206,7c61b4b3,239,true,0,0
/books/ថ្នាក់ទី១-ទេ-អត់ឮទេ,ថ្នាក់ទី១៖ ទេ អត់ឮទេ!,true,230,2ee5c7e0,102,false,0,0
/books/ថ្នាក់ទី៥-វិទ្យាសាស្ត្រ,ថ្នាក់ទី៥៖ វិទ្យាសាស្ត្រ,true,253,7098a849,9,false,0,0
/books/វិធីសាស្ត្រធ្វើបទបង្ហាញគម្រោងអាជីវកម្មបង្កើតថ្មី-startups-ទៅកាន,វិធីសាស្ត្រធ្វើបទបង្ហាញគម្រោងអាជីវកម្មបង្កើតថ្មី (Startups) ទៅកាន,true,267,59eef3e3,108,true,0,0
/books/បច្ចេកទេស-ដាំ-កៅស៊ូ,បច្ចេកទេស​ដាំ​កៅស៊ូ,true,220,686ecb43,168,true,0,0
/books/សៀវភៅពន្លឿនការសិក្សា-គណិតវិទ្យា-ថ្នាក់ឆ្នាំទី២,សៀវភៅពន្លឿនការសិក្សា គណិតវិទ្យា ថ្នាក់ឆ្នាំទី២,true,252,3d4a6881,330,true,0,0
/books/ថូម៉ាស-ហបស៍-thomas-hobbes,ថូម៉ាស ហបស៍ (Thomas Hobbes),true,208,e289de75,8,false,0,0
/books/វិញ្ញាសាបាក់ឌុប២០២៣,វិញ្ញាសាបាក់ឌុប២០២៣,true,225,3d4a6881,330,true,0,0
/books/ថ្នាក់ទី២-ដំរី,ថ្នាក់ទី២៖ ដំរី,true,222,86fbd334,11,false,0,0
/books/ភាសាខ្មែរ-ថ្នាក់ទី២,ភាសាខ្មែរ ថ្នាក់ទី២,true,243,c1127915,36,true,0,0
/books/ថ្នាក់ទី១-តៅហ៊ូឆា,ថ្នាក់ទី១៖ តៅហ៊ូឆា,true,227,2ee5c7e0,102,false,0,0
/books/លទ្ធផលនៃការអនុវត្តកញ្ចប់សម្ភារៈគណិតវិទ្យាថ្នាក់ដំបូង,លទ្ធផលនៃការអនុវត្តកញ្ចប់សម្ភារៈគណិតវិទ្យាថ្នាក់ដំបូង,true,258,3d4a6881,330,true,0,0
/books/កញ្ចប់ឯកសារទី៣-ការសិក្សាបំប៉នបន្ថែម-គណិតវិទ្យា-ថ្នាក់ទី៥,កញ្ចប់ឯកសារទី៣ ការសិក្សាបំប៉នបន្ថែម (គណិតវិទ្យា ថ្នាក់ទី៥),true,264,3d4a6881,330,true,0,0
/books/គណិតវិទ្យា-ថ្នាក់-ទី-៨-មេរៀន-ទី-១១-ប្រូបាប,គណិតវិទ្យា ថ្នាក់​ទី​៨ មេរៀន​ទី​១១៖ ប្រូបាប,true,249,3d4a6881,330,true,0,0
/books/សៀវភៅ-ត្រួតពិនិត្យសត្វ-និងសាច់,សៀវភៅ ត្រួតពិនិត្យសត្វ​ និងសាច់,true,199,bacd6d22,41,true,0,0
/books/បទបង្ហាញ-ស្ដីពីការប្រើប្រាស់បញ្ញាសិប្បនិម្មិត-ai-ដើម្បីលើកកម្ពស់អ,បទបង្ហាញ ស្ដីពីការប្រើប្រាស់បញ្ញាសិប្បនិម្មិត AI ដើម្បីលើកកម្ពស់អ,true,267,59eef3e3,108,true,0,0
/books/សៀវភៅហ្វឹកហាត់លេខ-កូនស្វាឆ្លាត-ល,សៀវភៅហ្វឹកហាត់លេខ កូនស្វាឆ្លាត ល,true,233,686ecb43,168,true,0,0
/books/សម្ព័ន្ធហ្គេមដើម្បីការផ្លាស់ប្ដូរ-game-changers-coalition,សម្ព័ន្ធហ្គេមដើម្បីការផ្លាស់ប្ដូរ Game Changers Coalition,true,259,59eef3e3,108,true,0,0
/books/កម្រងវិញ្ញាសារូបវិទ្យា,កម្រងវិញ្ញាសារូបវិទ្យា,true,219,7c61b4b3,239,true,0,0
/books/គម្រូប្រូបាប៊ីលីតេ,គម្រូប្រូបាប៊ីលីតេ,true,239,bd1e639d,67,false,0,0
/books/ឯកសារបណ្ដាញចំណេះដឹងសម្រាប់សិស្សស្វ័យសិក្សា-មុខជីវវិទ្យា-ថ្នាក់ទី៧,ឯកសារបណ្ដាញចំណេះដឹងសម្រាប់សិស្សស្វ័យសិក្សា មុខជីវវិទ្យា ថ្នាក់ទី៧,true,262,7c61b4b3,239,true,0,0
/books/អាជីវកម្មខ្នាតតូច,អាជីវកម្មខ្នាតតូច,true,219,59eef3e3,108,true,0,0
/books/សៀវភៅគ្រប់គ្រងសម្ភារៈពិសោធន៍វិទ្យាសាស្ត្រ-ផែនដីវិទ្យា-nie,សៀវភៅគ្រប់គ្រងសម្ភារៈពិសោធន៍វិទ្យាសាស្ត្រ៖ ផែនដីវិទ្យា (NIE),true,271,3499f02c,2,false,0,0
/books/ថ្នាក់ទី១-ចេះសរសេរអី,ថ្នាក់ទី១៖ ចេះសរសេរអី,true,230,2ee5c7e0,102,false,0,0
/books/ច្បាប់ស្ដីពី-ការប្រឆាំងការឆបោកតាមប្រព័ន្ធបច្ចេកវិទ្យា,ច្បាប់ស្ដីពី ការប្រឆាំងការឆបោកតាមប្រព័ន្ធបច្ចេកវិទ្យា,true,272,67071660,34,true,0,0
/books/ថ្នាក់ទី១-តូច-និងធំ,ថ្នាក់ទី១៖ តូច និងធំ,true,229,2ee5c7e0,102,false,0,0
/books/សៀវភៅ-ត្រីវិស័យស្តី-ពី-ការ-ទប់ស្កាត់-និង-ការពារ-ជំងឺរលាកសួតបង្កដោ,សៀវភៅ​ត្រីវិស័យស្តី​ពី​ការ​ទប់ស្កាត់ និង​ការពារ​ជំងឺរលាកសួតបង្កដោ,true,266,686ecb43,168,true,0,0
/books/ឯកសារស្វ័យសិក្សាគីមីវិទ្យាថ្នាក់ទី៨,ឯកសារស្វ័យសិក្សាគីមីវិទ្យាថ្នាក់ទី៨,true,233,7c61b4b3,239,true,0,0
/books/គីមីសរីរាង្គទំនើប-ភាគ១,គីមីសរីរាង្គទំនើប ភាគ១,true,220,7c61b4b3,239,true,0,0
/books/ឯកសារបំប៉នសមត្ថភាព,ឯកសារបំប៉នសមត្ថភាព,true,242,c1127915,36,false,0,0
/books/ផែនដីនិងបរិស្ថានវិទ្យា-ថ្នាក់ទី១០,ផែនដីនិងបរិស្ថានវិទ្យា ថ្នាក់ទី១០,true,234,686ecb43,168,true,0,0
/books/បណ្ណាល័យបឋមសិក្សា-ផ្នែកទី២សកម្មភាពអំណានក្នុងម៉ោងបណ្ណាល័យ,បណ្ណាល័យបឋមសិក្សា ផ្នែកទី២សកម្មភាពអំណានក្នុងម៉ោងបណ្ណាល័យ,true,281,2279f44b,1,false,0,0
/books/ប្រូបាប៊ីលីតេ-និងស្ថិតិភាគ១,ប្រូបាប៊ីលីតេ និងស្ថិតិភាគ១,true,233,3d4a6881,330,true,0,0
/books/បច្ចេកវិទ្យាព័ត៌មាន-និង-សារគមនាគមន៍-ថ្នាក់ទី១១,បច្ចេកវិទ្យាព័ត៌មាន និង សារគមនាគមន៍ (ថ្នាក់ទី១១),true,268,ed6bd704,25,false,0,0
/books/ជំពូកទី១-មេរៀនទី១-ជំងឺកាមរោគ-ភាគ១,ជំពូកទី១ មេរៀនទី១៖ ជំងឺកាមរោគ (ភាគ១),true,204,bacd6d22,41,true,0,0
/books/ការអនុវត្តវិធីសាស្ត្របង្រៀនតាមទ្រឹស្ដីអប់រំបែបស្ថាបនានិយមលើមុខវិជ-1,ការអនុវត្តវិធីសាស្ត្របង្រៀនតាមទ្រឹស្ដីអប់រំបែបស្ថាបនានិយមលើមុខវិជ,true,271,3d4a6881,330,false,0,0
/books/ជីវវិទ្យា-ថ្នាក់ទី៨-មេរៀនទី-២-របបអាហារ-និងថាមពល,ជីវវិទ្យា ថ្នាក់ទី៨ មេរៀនទី ២៖ របបអាហារ និងថាមពល,true,245,7c61b4b3,239,true,0,0
/books/របៀបប្រើប្រាស់-ms-word-សម្រាប់ការងាររដ្ឋបាល,របៀបប្រើប្រាស់_Ms_Word_សម្រាប់ការងាររដ្ឋបាល,true,245,59eef3e3,108,true,0,0
/books/រូបវិទ្យា-ថ្នាក់-ទី-៨-មេរៀន-ទី-២-ល្បឿន-ខណៈ-និង-សំទុះ,រូបវិទ្យា ថ្នាក់​ទី​៨ មេរៀន​ទី​២៖ ​ល្បឿន​ខណៈ និង​សំទុះ,true,251,7c61b4b3,239,true,0,0
/books/ការផលិតសម្ភារៈពិសោធ-និងវិធីសាស្ត្របង្រៀនពិសោធ-រូបវិទ្យា,ការផលិតសម្ភារៈពិសោធ និងវិធីសាស្ត្របង្រៀនពិសោធ «រូបវិទ្យា»,true,254,7c61b4b3,239,true,0,0
/books/សៀវភៅបង្រៀនភាសាខ្មែរនៅផ្ទះសម្រាប់ថ្នាក់ទី១-ឆមាសទី១,សៀវភៅបង្រៀនភាសាខ្មែរនៅផ្ទះសម្រាប់ថ្នាក់ទី១ ឆមាសទី១,true,274,bb49e20d,76,false,0,0
/books/ស្ត្រី-និង-បច្ចេកវិទ្យា-គមនាគមន៍-ព័ត៌មានវិទ្យា-ក្នុង-វិស័យ-អប់រំ,ស្ត្រី និង​បច្ចេកវិទ្យា គមនាគមន៍ ព័ត៌មានវិទ្យា​ក្នុង​វិស័យ​អប់រំ,true,289,ed6bd704,25,false,0,0
/books/គីមីវិទ្យា-ថ្នាក់-ទី-៩-មេរៀន-ទី-១-តារាង-ខួប-នៃ-ធាតុ-គីមី,គីមីវិទ្យា ថ្នាក់​ទី​​៩ មេរៀន​ទី​១៖ តារាង​ខួប​នៃ​ធាតុ​គីមី,true,256,7c61b4b3,239,true,0,0
/books/ថ្នាក់ទី១-ពួកគេចេះរាំ,ថ្នាក់ទី១៖ ពួកគេចេះរាំ,true,231,2ee5c7e0,102,false,0,0
/books/សៀវភៅណែនាំពិសោធន៍ផែនដីវិទ្យា,សៀវភៅណែនាំពិសោធន៍ផែនដីវិទ្យា,true,238,3499f02c,2,false,0,0
/books/ក្របខណ្ឌកម្មវិធីសិក្សា-ថ្នាក់បរិញ្ញាបត្រអប់រំ-ជំនាញជីវវិទ្យា,ក្របខណ្ឌកម្មវិធីសិក្សា ថ្នាក់បរិញ្ញាបត្រអប់រំ ជំនាញជីវវិទ្យា,true,257,7c61b4b3,239,true,0,0
/books/ស្តង់ដារសំរាប់-ម្សៅដំឡូងមី,ស្តង់ដារសំរាប់ ម្សៅដំឡូងមី,true,232,8db1d2a1,13,true,0,0
/books/រូបវិទ្យា-ថ្នាក់-ទី-៨-មេរៀន-ទី-៣-ចំណាំងផ្លាតសូរ-និងសូរខ្ទរ,រូបវិទ្យា ថ្នាក់​ទី​៨ មេរៀន​ទី​៣៖ ​ចំណាំងផ្លាតសូរ និងសូរខ្ទរ,true,257,7c61b4b3,239,true,0,0
/books/វិញ្ញាសាជីវៈ-ត្រៀមប្រឡងមធ្យមសិក្សាទុតិយភូមិ,វិញ្ញាសាជីវៈ ត្រៀមប្រឡងមធ្យមសិក្សាទុតិយភូមិ,true,240,7c61b4b3,239,false,0,0
/books/ប្រូបាប៊ីលីតេនិងស្ថិតិភាគ១,ប្រូបាប៊ីលីតេនិងស្ថិតិភាគ១,true,232,3d4a6881,330,true,0,0
/books/ថ្នាក់ទី១-សួនកុមារ,ថ្នាក់ទី១៖ សួនកុមារ,true,228,2ee5c7e0,102,false,0,0
/books/សៀវភៅចិន-គណិតវិទ្យាអូឡាំពេច,សៀវភៅចិន គណិតវិទ្យាអូឡាំពេច,true,248,bd1e639d,67,false,0,0
/books/សៀវភៅគីមីថ្នាក់ទី១១,សៀវភៅគីមីថ្នាក់ទី១១,true,217,7c61b4b3,239,true,0,0
/books/ថ្នាក់ទី២-ដប់ពីរខែ,ថ្នាក់ទី២៖ ដប់ពីរខែ,true,228,2ee5c7e0,102,false,0,0
/books/ថ្នាក់ទី១-ថ្ងៃមិនល្អរបស់លោកគ្រូសាន,ថ្នាក់ទី១៖ ថ្ងៃមិនល្អរបស់លោកគ្រូសាន,true,244,2ee5c7e0,102,false,0,0
/books/សៀវភៅសិក្សាគោលសម្រាប់មត្តេយ្យសិក្សា-បុរេគណិត-1,សៀវភៅសិក្សាគោលសម្រាប់មត្តេយ្យសិក្សា បុរេគណិត,true,250,3d4a6881,330,true,0,0
/books/គីមីវិទ្យា-ថ្នាក់-ទី-៩-មេរៀន-ទី-២-អាស៊ីត,គីមីវិទ្យា ថ្នាក់​ទី​​៩ មេរៀន​ទី​២៖ អាស៊ីត​,true,241,7c61b4b3,239,true,0,0
/books/ជីវវិទ្យា-ថ្នាក់ទី៨-ជំពូកទី-៣-មេរៀនទី១-បន្សាយ,ជីវវិទ្យា ថ្នាក់ទី៨ ជំពូកទី​៣ មេរៀនទី១៖ បន្សាយ,true,243,7c61b4b3,239,true,0,0
/books/ការអប់រំបំណិនជីវិតស្ដីពីសុខភាពបន្តពូជ-និងសុខភាពផ្លូវភេទ-2,ការអប់រំបំណិនជីវិតស្ដីពីសុខភាពបន្តពូជ និងសុខភាពផ្លូវភេទ,true,223,bacd6d22,41,false,0,0
/books/ដេរីវេនៃអនុគមន៍-1,ដេរីវេនៃអនុគមន៍,true,216,686ecb43,168,true,0,0
/books/វិធីសាស្ដ្របង្រៀនតាមបែបរិះរក-និង-5es-ជីវវិទ្យា,វិធីសាស្ដ្របង្រៀនតាមបែបរិះរក និង 5Es - ជីវវិទ្យា,true,245,7c61b4b3,239,true,0,0
/books/កម្រងវិញ្ញាសា-ict-ត្រៀមប្រឡងគ្រូបង្រៀនកម្រិតអនុវិទ្យាល័យ,កម្រងវិញ្ញាសា ICT ត្រៀមប្រឡងគ្រូបង្រៀនកម្រិតអនុវិទ្យាល័យ,true,275,67071660,34,false,0,0
/books/ផលិតកម្មវៃឆ្លាត-smart-manufacturing,ផលិតកម្មវៃឆ្លាត (Smart Manufacturing),true,239,59eef3e3,108,true,0,0
/books/វិទ្យាសាស្ត្រ-ថ្នាក់ទី៨-1,វិទ្យាសាស្ត្រ ថ្នាក់ទី៨,true,247,c1127915,36,false,0,0
/books/កំណែលំហាត់ធរណីមាត្រថ្នាក់ទី៩,កំណែលំហាត់ធរណីមាត្រថ្នាក់ទី៩,true,234,3d4a6881,330,true,0,0
/books/វិធីសាស្រ្តដែលគេ-hack-telegram-និង-ការការពារ,វិធីសាស្រ្តដែលគេ Hack Telegram និង ការការពារ,true,246,59eef3e3,108,true,0,0
/books/ការបង្រៀនពេញមួយថ្ងៃដោយប្រើមូលនិធិសមធម៌,ការបង្រៀនពេញមួយថ្ងៃដោយប្រើមូលនិធិសមធម៌,true,197,b0119433,7,false,0,0
/books/ថ្នាក់ទី១-តុក-តុក-តុក,ថ្នាក់ទី១៖ តុក តុក តុក,true,231,2ee5c7e0,102,false,0,0
/books/maple-2015,Maple 2015,true,212,59eef3e3,108,false,0,0
/books/ថ្នាក់ទី១-តាហៅចៅ,ថ្នាក់ទី១៖ តាហៅចៅ,true,226,2ee5c7e0,102,false,0,0
/books/មេរៀនទី៦-ជើងឯកសម្រាប់កម្ពុជា,មេរៀនទី៦៖ ជើងឯកសម្រាប់កម្ពុជា,true,222,314bb48c,6,false,0,0
/books/ឯកសារបណ្តាញចំណេះដឹងស្វ័យសិក្សាសម្រាប់សិស្សមុខវិជ្ជារូបវិទ្យា-ថ្នា-1,ឯកសារបណ្តាញចំណេះដឹងស្វ័យសិក្សាសម្រាប់សិស្សមុខវិជ្ជារូបវិទ្យា ថ្នា,true,262,7c61b4b3,239,true,0,0
/books/សម្ភារៈសំណង់,សម្ភារៈសំណង់,true,218,8db1d2a1,13,true,0,0
/books/សៀវភៅហ្វឹកគណិតវិទ្យាថ្នាក់ទី៩-ចំនួនអសនិទាន,សៀវភៅហ្វឹកគណិតវិទ្យាថ្នាក់ទី៩-ចំនួនអសនិទាន,true,248,3d4a6881,330,true,0,0
/books/សៀវភៅកិច្ចការផ្ទះគណិតវិទ្យាថ្នាក់ទី៩,សៀវភៅកិច្ចការផ្ទះគណិតវិទ្យាថ្នាក់ទី៩,true,242,3d4a6881,330,true,0,0
/books/គីមីវិទ្យា-ថ្នាក់-ទី-៧-មេរៀន-ទី-២-ចំណែកថ្នាក់-រូបធាតុ,គីមីវិទ្យា ថ្នាក់​ទី​​៧ មេរៀន​ទី​២៖ ចំណែកថ្នាក់​រូបធាតុ,true,253,7c61b4b3,239,true,0,0
/books/វិធីសាស្រ្តបង្រៀនកុមារតូច,វិធីសាស្រ្តបង្រៀនកុមារតូច,true,212,3861ee6a,8,false,0,0
/books/ប្រឡងជ្រើសរើសសិស្សពូកែប្រចាំកម្រង,ប្រឡងជ្រើសរើសសិស្សពូកែប្រចាំកម្រង,true,234,686ecb43,168,false,0,0
/books/សៀវភៅកិច្ចការផ្ទះជីវវិទ្យា-ថ្នាក់ទី១២,សៀវភៅកិច្ចការផ្ទះជីវវិទ្យា ថ្នាក់ទី១២,true,234,7c61b4b3,239,true,0,0
/books/ថ្នាក់ទី១-បងប្អូនប្រុស,ថ្នាក់ទី១៖ បងប្អូនប្រុស,true,232,2ee5c7e0,102,false,0,0
/books/វិធីសាស្ត្របង្រៀន-ibl-និង5e-មុខវិជ្ជាគីមីវិទ្យា,វិធីសាស្ត្របង្រៀន IBL និង5E មុខវិជ្ជាគីមីវិទ្យា,true,253,3d4a6881,330,true,0,0
/books/កិច្ចតែងការបង្រៀនរូបវិទ្យាថ្នាក់ទី៨,កិច្ចតែងការបង្រៀនរូបវិទ្យាថ្នាក់ទី៨,true,232,7c61b4b3,239,true,0,0
/books/ការអប់រំបំណិនជីវិតស្ដីពីសុខភាពបន្តពូជ-និងសុខភាពផ្លូវភេទ,ការអប់រំបំណិនជីវិតស្ដីពីសុខភាពបន្តពូជ និងសុខភាពផ្លូវភេទ,true,223,bacd6d22,41,false,0,0
/books/សៀវភៅរូបវិទ្យាថ្នាក់ទី១២-បំប៉នចំណេះដឹង,សៀវភៅរូបវិទ្យាថ្នាក់ទី១២ (បំប៉នចំណេះដឹង),true,237,7c61b4b3,239,true,0,0
/books/លំហាត់គំរូ,លំហាត់គំរូ,true,211,686ecb43,168,false,0,0
/books/របៀបវារៈស្រាវជ្រាវជាតិ-ឆ្នាំ២០២៥,របៀបវារៈស្រាវជ្រាវជាតិ ឆ្នាំ២០២៥,true,188,a2b67c98,1,false,0,0
/books/មេរៀនទី៤-ជើងឯកសម្រាប់កម្ពុជា,មេរៀនទី៤៖ ជើងឯកសម្រាប់កម្ពុជា,true,222,314bb48c,6,false,0,0
/books/action-research-for-teacher-candidates,Action Research for Teacher Candidates,true,307,53182507,1,false,0,1
/books/ឯកសារ-បង្រៀន-ការ-បង្ការ-ការ-ទប់ស្កាត់-គ្រោះ-ថ្នាក់-បង្ក-ដោយ-ការ-ប,ឯកសារ​បង្រៀន​ការ​បង្ការ ការ​ទប់ស្កាត់ គ្រោះ​ថ្នាក់​បង្ក​ដោយ​ការ​ប,true,233,bacd6d22,41,true,0,0
/books/សៀវភៅគាំទ្រការពិសោធន៍សម្រាប់ថ្នាក់ទី៧-ដល់ទី៩,សៀវភៅគាំទ្រការពិសោធន៍សម្រាប់ថ្នាក់ទី៧ ដល់ទី៩,true,245,686ecb43,168,true,0,0
/books/១០២-លំហាត់រូបវិទ្យា,១០២​លំហាត់រូបវិទ្យា,true,216,7c61b4b3,239,false,0,0
/books/educational-technology-a-primer-for-the-21st-century,Educational Technology: A Primer for the 21st Century,true,284,b02640f2,1,false,0,0
/books/រូបវិទ្យាទូទៅ-1,រូបវិទ្យាទូទៅ,true,210,7c61b4b3,239,false,0,0
/books/វិទ្យាសាស្ត្រ-ថ្នាក់ទី៥,វិទ្យាសាស្ត្រ ថ្នាក់ទី៥,true,247,c1127915,36,true,0,0
/books/ប្រជុំវិញ្ញាសាគីមីវិទ្យាថ្នាក់ទី១២-ភាគ-i-1997,ប្រជុំវិញ្ញាសាគីមីវិទ្យាថ្នាក់ទី១២ (ភាគ I) (1997),true,247,7c61b4b3,239,true,0,0
/books/body-composition-and-mortality-in-a-cohort-study-of-chinese-patie,Body composition and mortality in a cohort study of Chinese patie,true,282,bd1e639d,67,false,0,0
/books/សៀវភៅកិច្ចការផ្ទះរូបវិទ្យាថ្នាក់ទី៨,សៀវភៅកិច្ចការផ្ទះរូបវិទ្យាថ្នាក់ទី៨,true,232,7c61b4b3,239,true,0,0
/books/គណិតវិទ្យា១០,គណិតវិទ្យា១០,true,218,3d4a6881,330,true,0,0
/books/គណិតវិទ្យា-ថ្នាក់-ទី-៧-មេរៀន-ទី-៨-មាឌ-និងផ្ទៃក្រឡាខាង,គណិតវិទ្យា ថ្នាក់​ទី​៧ មេរៀន​ទី​៨៖ មាឌ និងផ្ទៃក្រឡាខាង,true,260,3d4a6881,330,true,0,0
/books/សៀវភៅពិសោធន៍ជីវវិទ្យា-ទី៧៨៩,សៀវភៅពិសោធន៍ជីវវិទ្យា(ទី៧៨៩),true,225,7c61b4b3,239,false,0,0
/books/ម៉ាក្រូសេដ្ឋកិច្ច,ម៉ាក្រូសេដ្ឋកិច្ច,true,228,ab534dbc,1,false,0,0
/books/start-a-startup,Start a Startup,true,221,8db1d2a1,13,false,0,0
/books/កម្មវិធី-បង្រៀន-របស់-intel-វគ្គ-សិក្សា-ចាប់-ផ្ដើម-ដំបូង,​កម្មវិធី​បង្រៀន​របស់ Intel វគ្គ​សិក្សា​ចាប់​ផ្ដើម​​ដំបូង,true,260,96902f4e,4,false,0,0
/books/មុខរបរដែលខ្ញុំស្រលាញ់,មុខរបរដែលខ្ញុំស្រលាញ់,true,213,6b3b17ea,10,false,0,0
/books/ជំពូកទី១-មេរៀនទី១-ជំងឺកាមរោគ-ភាគ៣-តចប់,ជំពូកទី១ មេរៀនទី១​ ជំងឺកាមរោគ (ភាគ៣ តចប់),true,209,bacd6d22,41,true,0,0
/books/កម្រងកិច្ចការផ្ទះភាសាខ្មែរថ្នាក់ទី២-សម្រាប់១ឆ្នាំ,កម្រងកិច្ចការផ្ទះភាសាខ្មែរថ្នាក់ទី២ សម្រាប់១ឆ្នាំ,true,275,c5771d26,18,false,0,0
/books/វ៉ិចទ័រក្នុងលំហ,វ៉ិចទ័រក្នុងលំហ,true,216,686ecb43,168,true,0,0
/books/បទបង្ហាញទី៩-ឧត្តមសិក្សា-និងការអភិវឌ្ឍសង្គម-សេដ្ឋកិច្ច,បទបង្ហាញទី៩៖ ឧត្តមសិក្សា និងការអភិវឌ្ឍសង្គម សេដ្ឋកិច្ច,true,256,638c7460,2,false,0,0
/books/ឯកសារបណ្តាញចំណេះដឹងស្វ័យសិក្សាសម្រាប់សិស្សមុខវិជ្ជាគណិតវិទ្យា-ថ្ន-3,ឯកសារបណ្តាញចំណេះដឹងស្វ័យសិក្សាសម្រាប់សិស្សមុខវិជ្ជាគណិតវិទ្យា ថ្ន,true,271,3d4a6881,330,true,0,0
/books/វិញ្ញាសាគណិតវិទ្យា-ដែលធ្លាប់ចេញប្រឡងពីឆ្នាំ-២០០២-ដល់-២០២៥,វិញ្ញាសាគណិតវិទ្យា ដែលធ្លាប់ចេញប្រឡងពីឆ្នាំ ២០០២ ដល់ ២០២៥,true,263,3d4a6881,330,true,0,0
/books/ថ្នាក់ទី១-នេះជាពូសំ,ថ្នាក់ទី១៖ នេះជាពូសំ,true,229,2ee5c7e0,102,false,0,0
/books/សញ្ញាណទស្សនវិជ្ជា,សញ្ញាណទស្សនវិជ្ជា,true,198,e289de75,8,false,0,0
/books/សៀវភៅ-កូនស្វាឆ្លាត-ប៣-មេរៀនទី៨-ដល់-ទី១០,សៀវភៅ កូនស្វាឆ្លាត ប៣ មេរៀនទី៨ ដល់ ទី១០,true,240,686ecb43,168,true,0,0
/books/មេរៀនស្វ័យសិក្សា-ថ្នាក់ទី៧-ផែនដីវិទ្យា-ប្រព័ន្ធព្រះអាទិត្យ,មេរៀនស្វ័យសិក្សា ថ្នាក់ទី៧ ផែនដីវិទ្យា ប្រព័ន្ធព្រះអាទិត្យ,true,259,686ecb43,168,true,0,0
/books/ថ្នាក់ទី៣-ដុំដែកវេទមន្ត,ថ្នាក់ទី៣៖ ដុំដែកវេទមន្ត,true,233,2ee5c7e0,102,false,0,0
/books/ថ្នាក់ទី១-សម្លកកូររបស់ប៉ាបូបូ,ថ្នាក់ទី១៖ សម្លកកូររបស់ប៉ាបូបូ,true,239,2ee5c7e0,102,false,0,0
/books/សមីការឌីផេរ៉ង់ស្យែល,សមីការឌីផេរ៉ង់ស្យែល,true,225,3d4a6881,330,true,0,0
/books/ថ្នាក់ទី៣-គណិតវិទ្យា,ថ្នាក់ទី៣៖ គណិតវិទ្យា,true,247,bb49e20d,76,false,0,0
/books/ឯកសារជំនួយស្មារតី-អភិវឌ្ឍន៍វិញ្ញាសាប្រលងប្រចាំខែ-នៅកម្រិតមធ្យមសិក,ឯកសារជំនួយស្មារតី អភិវឌ្ឍន៍វិញ្ញាសាប្រលងប្រចាំខែ នៅកម្រិតមធ្យមសិក,true,266,686ecb43,168,false,0,0
/books/គីមីវិទ្យា-ថ្នាក់-ទី-៨-ជំពូកទី១-មេរៀន-ទី-២-ធាតុ-អង្គធាតុសុទ្ធ-ន,គីមីវិទ្យា ថ្នាក់​ទី​​៨ ជំពូកទី១ មេរៀន​ទី​២៖ ធាតុ អង្គធាតុសុទ្ធ ន,true,263,7c61b4b3,239,true,0,0
/books/ការបង្កើតរូបរាងជាមួយដុំឈើ,ការបង្កើតរូបរាងជាមួយដុំឈើ,true,193,bacd6d22,41,true,0,0
/books/ជីវវិទ្យា-ថ្នាក់ទី១០,ជីវវិទ្យា ថ្នាក់ទី១០,true,240,bd1e639d,67,false,0,0
/books/ជំពូកទី១-មេរៀនទី៣-ផ្នត់គំនិតទាក់ទងនឹងយេនឌ័រផ្លូវភេទនិងជំងឺអេដស៍,ជំពូកទី១ មេរៀនទី៣ ផ្នត់គំនិតទាក់ទងនឹងយេនឌ័រផ្លូវភេទនិងជំងឺអេដស៍ (,true,233,bacd6d22,41,true,0,0
/books/ថ្នាក់ទី១-ជួយធ្វើម្ហូប,ថ្នាក់ទី១៖ ជួយធ្វើម្ហូប,true,232,2ee5c7e0,102,false,0,0
/books/អាហារូបករណ៍-វៀតណាម-១៩៩៩-ដល់-២០២២,អាហារូបករណ៍_វៀតណាម ១៩៩៩ ដល់ ២០២២,true,233,686ecb43,168,true,0,0
/books/មេរៀន-សង្ខេប-គីមីវិទ្យា-និង-លំហាត់-គំរូ-សម្រាប់-ជា-ជំនួយ-ដល់-សិស្,មេរៀន​សង្ខេប​គីមីវិទ្យា និង​លំហាត់​គំរូ សម្រាប់​ជា​ជំនួយ​ដល់​សិស្,true,263,7c61b4b3,239,true,0,0
/books/ចំណីសត្វ,ចំណីសត្វ,true,209,686ecb43,168,true,0,0
/books/កម្មវិធីសិក្សាវិទ្យាសាស្ត្រ-ថ្នាក់ទី១-៦-ជំនាន់ចុងក្រោយ-msr,កម្មវិធីសិក្សាវិទ្យាសាស្ត្រ ថ្នាក់ទី១-៦ (ជំនាន់ចុងក្រោយ MSR),true,280,c116031e,2,false,0,0
/books/អនុគមន៍លោការីតនិងអ៊ិចស្ប៉ូណង់ស្យែល,អនុគមន៍លោការីតនិងអ៊ិចស្ប៉ូណង់ស្យែល,true,240,3d4a6881,330,true,0,0
/books/ច្បាប់ស្ដីពីសហលក្ខន្ដិកៈមន្ត្រីរាជការស៊ីវិល,ច្បាប់ស្ដីពីសហលក្ខន្ដិកៈមន្ត្រីរាជការស៊ីវិល,true,244,686ecb43,168,true,0,0
/books/សៀវភៅគីមីថ្នាក់ទី១០,សៀវភៅគីមីថ្នាក់ទី១០,true,217,7c61b4b3,239,true,0,0
/books/កម្រងវិញ្ញាសាគណិតវិទ្យាថ្នាក់ទី៩,កម្រងវិញ្ញាសាគណិតវិទ្យាថ្នាក់ទី៩,true,238,3d4a6881,330,true,0,0
/books/យានជំនិះទៅសាលារៀន,យានជំនិះទៅសាលារៀន,true,209,6b3b17ea,10,false,0,0
/books/curriculum-development-process-slides,Curriculum Development Process (Slides),true,216,5448c4f2,5,false,0,0
/books/ការអនុវត្តវិធីសាស្ត្របង្រៀន-តាមទ្រឹស្តីអប់រំបែបស្ថាបនានិយម-លើមុខវ-2,ការអនុវត្តវិធីសាស្ត្របង្រៀន តាមទ្រឹស្តីអប់រំបែបស្ថាបនានិយម លើមុខវិជ្ជាជីវវិទ្យា,true,257,47023977,1,true,0,0
/books/សៀវភៅធរណីមាត្រថ្នាក់ទី៩,សៀវភៅធរណីមាត្រថ្នាក់ទី៩,true,229,3d4a6881,330,true,0,0
/books/ឯកសារជំនួយស្មារតី-វិញ្ញាសាត្រៀមប្រឡងបាក់ឌុប-គីមីវិទ្យា-សម្រាប់បំប,ឯកសារជំនួយស្មារតី វិញ្ញាសាត្រៀមប្រឡងបាក់ឌុប គីមីវិទ្យា សម្រាប់បំប,true,263,7c61b4b3,239,false,0,0
/books/ការ-វិវត្តទៅជាក្មេង-ប្រុស-ពេញ-វ័យ,ការ​វិវត្តទៅជាក្មេង​ប្រុស​ពេញ​វ័យ,true,234,686ecb43,168,false,0,0
/books/ឯកសារបណ្ដាញចំណេះដឹងសម្រាប់សិស្សស្វ័យសិក្សា-មុខជីវវិទ្យា-ថ្នាក់ទី១-2,ឯកសារបណ្ដាញចំណេះដឹងសម្រាប់សិស្សស្វ័យសិក្សា មុខជីវវិទ្យា ថ្នាក់ទី១,true,263,7c61b4b3,239,true,0,0
/books/ចំនួនសនិទាន,ចំនួនសនិទាន,true,212,686ecb43,168,false,0,0
/books/កម្រងលំហាត់និងដំណោះស្រាយប្រូបាប,កម្រងលំហាត់និងដំណោះស្រាយប្រូបាប,true,237,3d4a6881,330,true,0,0
/books/វិទ្យាសាស្ត្រ-សិក្សាសង្គម-ថ្នាក់ទី១,វិទ្យាសាស្ត្រ-សិក្សាសង្គម ថ្នាក់ទី១,true,236,686ecb43,168,true,0,0
/books/pisa-2022-interpretations-insights-and-interpretations,PISA 2022 Interpretations Insights and Interpretations,true,260,8db1d2a1,13,false,0,0
/books/គីមីវិទ្យាថ្នាក់ទី១០,គីមីវិទ្យាថ្នាក់ទី១០,true,218,7c61b4b3,239,true,0,0
/books/អប់រំសុខភាព-សម្រាប់គ្រូ,អប់រំសុខភាព សម្រាប់គ្រូ,true,191,bacd6d22,41,false,0,0
/books/សៀវភៅណែនាំពិសោធរូបវិទ្យា,សៀវភៅណែនាំពិសោធរូបវិទ្យា,true,221,7c61b4b3,239,false,0,0
/books/សទ្ទានុក្រមពាក្យច្បាប់-រដ្ឋប្បវេណី-និងនីតិវិធីរដ្ឋប្បវេណី,សទ្ទានុក្រមពាក្យច្បាប់ រដ្ឋប្បវេណី និងនីតិវិធីរដ្ឋប្បវេណី,true,290,1a17c740,1,false,0,0
/books/ការរៀននិងបង្រៀនស្នេមនៅកម្រិតមធ្យមសិក្សាទុតិយភូមិ,ការរៀននិងបង្រៀនស្នេមនៅកម្រិតមធ្យមសិក្សាទុតិយភូមិ,true,252,41779126,5,false,0,0
/books/គំរូសំណួរតេស្ត-អំណាន-និងគណិតវិទ្យា-sea-plm,គំរូសំណួរតេស្ត អំណាន និងគណិតវិទ្យា SEA-PLM,true,273,3d11dceb,1,false,0,0
/books/សៀវភៅកម្រងស្នាដៃសិក្ខាកាមឆ្នាំ២០២៥,សៀវភៅកម្រងស្នាដៃសិក្ខាកាមឆ្នាំ២០២៥,true,236,59eef3e3,108,false,0,0
/books/ផែនដីវិទ្យា-ថ្នាក់-ទី-៨-ជំពូក-ទី-២-បរិយាកាស-លើ-ផែន-ដី,ផែនដីវិទ្យា​ ថ្នាក់​ទី​៨ ជំពូក​ទី​២៖ ​បរិយាកាស​លើ​ផែន​ដី,true,257,686ecb43,168,true,0,0
/books/វិសមីការនិងប្រព័ន្ធវវិសមីការ,វិសមីការនិងប្រព័ន្ធវវិសមីការ,true,229,686ecb43,168,true,0,0
/books/សៀវភៅកិច្ចការផ្ទះជីវៈវិទ្យាថ្នាក់ទី៧,សៀវភៅកិច្ចការផ្ទះជីវៈវិទ្យាថ្នាក់ទី៧,true,233,7c61b4b3,239,true,0,0
/books/ឯកសារស្វ័យសិក្សារូបវិទ្យាថ្នាក់ទី១២,ឯកសារស្វ័យសិក្សារូបវិទ្យាថ្នាក់ទី១២,true,232,7c61b4b3,239,true,0,0
/books/សៀវភៅ-គាំទ្រ-ការពិសោធន៍-សម្រាប់-គ្រូ-មុខវិជ្ជា-វិទ្យាសាស្ត្រ-ថ្នា,សៀវភៅ​គាំទ្រ​ការពិសោធន៍​សម្រាប់​គ្រូ​មុខវិជ្ជា​វិទ្យាសាស្ត្រ​ថ្នា,true,263,7c61b4b3,239,true,0,0
/books/សៀវភៅពិសោធន៍ជីវវិទ្យា-កម្រិតបឋមភូមិ-និងទុតិយភូមិ,សៀវភៅពិសោធន៍ជីវវិទ្យា កម្រិតបឋមភូមិ និងទុតិយភូមិ,true,245,7c61b4b3,239,true,0,0
/books/វិញ្ញាសាគណិតវិទ្យាកាលប្រលងគ្រូអនុ-បរិញ្ញា-១-១៨-ឧសភា-២០២៤,វិញ្ញាសាគណិតវិទ្យាកាលប្រលងគ្រូអនុ.បរិញ្ញា+១ (១៨ ឧសភា ២០២៤),true,264,3d4a6881,330,false,0,0
/books/ការអនុវត្តវិធីសាស្ត្របង្រៀន-តាមបែបដោះស្រាយបញ្ហា-និងវិធីបង្រៀនតាមប-1,ការអនុវត្តវិធីសាស្ត្របង្រៀន តាមបែបដោះស្រាយបញ្ហា និងវិធីបង្រៀនតាមប,true,271,3d4a6881,330,true,0,0
/books/សៀវភៅពន្លឿនការសិក្សា-គណិតវិទ្យា-ថ្នាក់ឆ្នាំទី២-សម្រាប់គ្រូបង្រៀន,សៀវភៅពន្លឿនការសិក្សា គណិតវិទ្យា ថ្នាក់ឆ្នាំទី២ សម្រាប់គ្រូបង្រៀន,true,270,3d4a6881,330,false,0,0
/books/វិញ្ញាសាអាហារូបករណ៍សិក្សានៅប្រទេសចិន-២០០២ដល់២០២០,វិញ្ញាសាអាហារូបករណ៍សិក្សានៅប្រទេសចិន_២០០២ដល់២០២០,true,249,686ecb43,168,true,0,0
/books/ការ-អភិវឌ្ឍ-របស់-កុមារ,ការ​អភិវឌ្ឍ​របស់​កុមារ,true,223,686ecb43,168,true,0,0
/books/លំហាត់រូបវិទ្យា-ភាគ២,លំហាត់រូបវិទ្យា ភាគ២,true,229,2b59b08a,3,false,0,0
/books/ឯកសារការសិក្សាបែបស្ថាបនានិយម-និងការគិតបែបគណនា,ឯកសារការសិក្សាបែបស្ថាបនានិយម និងការគិតបែបគណនា,true,280,e2e4573c,1,false,0,0
/books/លំហាត់មេរៀនរូបវិទ្យាថ្នាក់ទី៨,លំហាត់មេរៀនរូបវិទ្យាថ្នាក់ទី៨,true,226,7c61b4b3,239,true,0,0
/books/active-learning-flipped-classroom,Active Learning + Flipped Classroom,true,222,3861ee6a,8,false,0,0
/books/ការអនុវត្តវិធីសាស្ត្របង្រៀន-តាមបែបប្លូមតាកសូណូមី-និងវិធីបង្រៀនតាម-1,ការអនុវត្តវិធីសាស្ត្របង្រៀន តាមបែបប្លូមតាកសូណូមី និងវិធីបង្រៀនតាម,true,271,3d4a6881,330,true,0,0
/books/ឯកសារបណ្ដាញចំណេះដឹងសម្រាប់សិស្សស្វ័យសិក្សា-មុខជីវវិទ្យា-ថ្នាក់ទី១,ឯកសារបណ្ដាញចំណេះដឹងសម្រាប់សិស្សស្វ័យសិក្សា មុខជីវវិទ្យា ថ្នាក់ទី១,true,262,7c61b4b3,239,true,0,0
/books/ឯកសារស្វ័យសិក្សារូបវិទ្យាវិទ្យាថ្នាក់ទី៧,ឯកសារស្វ័យសិក្សារូបវិទ្យាវិទ្យាថ្នាក់ទី៧,true,237,7c61b4b3,239,true,0,0
/books/សៀគ្វី-អគ្គិសនី-ដំណើរ-ការ-សៀគ្វី,សៀគ្វី​អគ្គិសនី​ ៖ ​ដំណើរ​ការ​សៀគ្វី​,true,238,686ecb43,168,true,0,0
/books/គីមីវិទ្យាថ្នាក់ទី១០-ជំពូក៣-មេរៀនទី១-សម្ព័ន្ធគីមី,គីមីវិទ្យាថ្នាក់ទី១០ ជំពូក៣ មេរៀនទី១ សម្ព័ន្ធគីមី,true,247,7c61b4b3,239,true,0,0
/books/ការ-ចិញ្ចឹម-មាន់-គ្រប់គ្រង-មេ-និង-កូន-មាន់-នៅ-ជនបទ,ការ​ចិញ្ចឹម​មាន់ គ្រប់គ្រង​មេ និង​កូន​មាន់​នៅ​ជនបទ,true,251,686ecb43,168,true,0,0
/books/ជីវវិទ្យា-ថ្នាក់ទី៩-ជំពូកទី-២-មេរៀនទី២-មជ្ឈមណ្ឌលប្រសាទ,ជីវវិទ្យា ថ្នាក់ទី៩ ជំពូកទី​២ មេរៀនទី២៖ មជ្ឈមណ្ឌលប្រសាទ,true,252,7c61b4b3,239,true,0,0
/books/ឯកសារបណ្ដាញចំណេះដឹងសម្រាប់សិស្សស្វ័យសិក្សា-មុខជីវវិទ្យា-ថ្នាក់ទី១-1,ឯកសារបណ្ដាញចំណេះដឹងសម្រាប់សិស្សស្វ័យសិក្សា មុខជីវវិទ្យា ថ្នាក់ទី១,true,262,7c61b4b3,239,true,0,0
/books/អគ្គិសនី-ភាគទី៣,អគ្គិសនី ភាគទី៣,true,212,7c61b4b3,239,true,0,0
/books/ផែនដីនិងបរិស្ថានវិទ្យា,ផែនដីនិងបរិស្ថានវិទ្យា,true,223,686ecb43,168,true,0,0
/books/សៀវភៅណែនាំពិសោធន៍វិទ្យាសាស្ត្រ-សម្រាប់ការរៀន-និងបង្រៀន-នៅមធ្យមសិក,សៀវភៅណែនាំពិសោធន៍វិទ្យាសាស្ត្រ សម្រាប់ការរៀន និងបង្រៀន នៅមធ្យមសិក,true,262,7c61b4b3,239,true,0,0
/books/ឯកសារ-បណ្ដាញ-ចំណេះដឹង-សម្រាប់-សិស្ស-ស្វ័យ-សិក្សា-ជីវវិទ្យា-ថ្នាក់-2,ឯកសារ​បណ្ដាញ​ចំណេះដឹង​សម្រាប់​សិស្ស​ស្វ័យ​សិក្សា ជីវវិទ្យា ថ្នាក់,true,262,7c61b4b3,239,true,0,0
/books/គណិតវិទ្យា-ថ្នាក់ទី១០-ភាគ១,គណិតវិទ្យា ថ្នាក់ទី១០ (ភាគ១),true,249,bd1e639d,67,false,0,0
/books/សៀវភៅណែនាំស្តីពីការគ្រប់គ្រងការស្រាវជ្រាវនៅតាមគ្រឹះស្ថានឧត្តមសិក្សា-២០២២,សៀវភៅណែនាំស្តីពីការគ្រប់គ្រងការស្រាវជ្រាវនៅតាមគ្រឹះស្ថានឧត្តមសិក្សា (២០២២),true,256,eabfd5b0,1,false,0,0
/books/អនុគមន៍សនិទាន,អនុគមន៍សនិទាន,true,214,686ecb43,168,true,0,0
/books/រស្មីសំយោគ-និង-ដង្ហើម,រស្មីសំយោគ និង ដង្ហើម,true,218,7c61b4b3,239,true,0,0
/books/សិក្សាសង្គម-ថ្នាក់ទី៧,សិក្សាសង្គម ថ្នាក់ទី៧,true,245,c1127915,36,true,0,0
/books/បច្ចេកវិទ្យាជីវៈ,បច្ចេកវិទ្យាជីវៈ,true,213,7c61b4b3,239,true,0,0
/books/ឯកសារ-បណ្ដាញ-ចំណេះដឹង-សម្រាប់-សិស្ស-ស្វ័យ-សិក្សា-ជីវវិទ្យា-ថ្នាក់-1,ឯកសារ​បណ្ដាញ​ចំណេះដឹង​សម្រាប់​សិស្ស​ស្វ័យ​សិក្សា ជីវវិទ្យា ថ្នាក់,true,262,7c61b4b3,239,true,0,0
/books/កម្មន្ត-ថាមពល-និងអានុភាព,កម្មន្ត ថាមពល និងអានុភាព,true,221,7c61b4b3,239,true,0,0
/books/គណិតវិទ្យា-ថ្នាក់ទី៨-1,គណិតវិទ្យា_ថ្នាក់ទី៨,true,241,bd1e639d,67,true,0,0
/books/មេរៀនគីមីវិទ្យាថ្នាក់ទី៩,មេរៀនគីមីវិទ្យាថ្នាក់ទី៩,true,222,7c61b4b3,239,true,0,0
/books/english-for-academic-research-writing-exercises,English for Academic Research: Writing Exercises,true,205,2e23e484,1,false,0,0
/books/កិច្ច-តែងការបង្រៀន-ជីវវិទ្យា-ថ្នាក់ទី១១,កិច្ច​តែងការបង្រៀន ជីវវិទ្យា ថ្នាក់ទី១១,true,237,7c61b4b3,239,true,0,0
/books/របៀបដំឡើងប្រព័ន្ធប្រតិបត្តិការ,របៀបដំឡើងប្រព័ន្ធប្រតិបត្តិការ,true,236,8db1d2a1,13,false,0,0
/books/ឯកសារបណ្ដាញចំណេះដឹងសម្រាប់សិស្សស្វ័យសិក្សា-មុខជីវវិទ្យា-ថ្នាក់ទី៨,ឯកសារបណ្ដាញចំណេះដឹងសម្រាប់សិស្សស្វ័យសិក្សា មុខជីវវិទ្យា ថ្នាក់ទី៨,true,262,7c61b4b3,239,true,0,0
/books/ថ្នាក់ទី១១-ទេសចរណ៍,ថ្នាក់ទី១១៖ ទេសចរណ៍,true,246,bb49e20d,76,false,0,0
/books/ផែនដីវិទ្យា-ថ្នាក់-ទី-៧-ជំពូក-ទី-២-មេរៀន-ទី-២-លក្ខណៈរដូវនៅលើភព,ផែនដីវិទ្យា​ ថ្នាក់​ទី​៧ ជំពូក​ទី​២ មេរៀន​ទី​២៖ ​លក្ខណៈរដូវនៅលើភព,true,266,686ecb43,168,true,0,0
/books/national-strategic-plan-on-drowning-prevention-and-management,National Strategic Plan on Drowning Prevention and Management,true,278,bd1e639d,67,false,0,0
/books/សៀវភៅកិច្ចការផ្ទះថ្នាក់ទី៥-គណិតវិទ្យា,សៀវភៅកិច្ចការផ្ទះថ្នាក់ទី៥ _ គណិតវិទ្យា,true,245,3d4a6881,330,false,0,0
/books/គណិតវិភាគ-1,គណិតវិភាគ,true,215,3d4a6881,330,false,0,0
/books/កម្រងកិច្ចការផ្ទះគណិតវិទ្យា-ថ្នាក់ទី៤-ឆ្នាំ២០២១-សៀវភៅសិក្សាគោល,កម្រងកិច្ចការផ្ទះគណិតវិទ្យា ថ្នាក់ទី៤ ឆ្នាំ២០២១ (សៀវភៅសិក្សាគោល),true,270,3d4a6881,330,true,0,0
/books/ផែនដីវិទ្យា-ថ្នាក់-ទី-៨-ជំពូក-ទី-២-មេរៀន-ទី-៤-ប្រភេទសិលា,ផែនដីវិទ្យា​ ថ្នាក់​ទី​៨ ជំពូក​ទី​២ មេរៀន​ទី​៤៖ ប្រភេទសិលា,true,259,686ecb43,168,true,0,0
/books/សៀវភៅគ្រប់គ្រងសម្ភារៈពិសោធន៍វិទ្យាសាស្ត្រ-គីមីវិទ្យា-nie,សៀវភៅគ្រប់គ្រងសម្ភារៈពិសោធន៍វិទ្យាសាស្ត្រ៖ គីមីវិទ្យា (NIE),true,267,ec177daa,6,false,0,0
/books/អប់រំសុខភាព-សម្រាប់សិស្ស,អប់រំសុខភាព សម្រាប់សិស្ស,true,192,bacd6d22,41,false,0,0
/books/ថ្នាក់ទី១២-សេដ្ឋកិច្ចវិទ្យា,ថ្នាក់ទី១២៖ សេដ្ឋកិច្ចវិទ្យា,true,256,bb49e20d,76,false,0,0
/books/សៀវភៅណែសម្រាប់ការបណ្ដុះបណ្ដាលអាស៊ានស្ដីពីការត្រួតពិនិត្យផ្ទៀងផ្ទា,សៀវភៅណែសម្រាប់ការបណ្ដុះបណ្ដាលអាស៊ានស្ដីពីការត្រួតពិនិត្យផ្ទៀងផ្ទា,true,267,59eef3e3,108,false,0,0
/books/ថ្នាក់ទី៥-សិក្សាសង្គម,ថ្នាក់ទី៥៖ សិក្សាសង្គម,true,249,bb49e20d,76,false,0,0
/books/គីមីវិទ្យា-ថ្នាក់-ទី-១២-មេរៀន-សង្ខេប-និង-លំហាត់-គំរូ-សម្រាប់-ជា,គីមីវិទ្យា ថ្នាក់​ទី​១២៖ មេរៀន​សង្ខេប​ និង​លំហាត់​គំរូ​សម្រាប់​ជា,true,263,7c61b4b3,239,true,0,0
/books/សៀវភៅណែនាំសម្រាប់អ្នកបណ្តុះបណ្តាល-ស៥,សៀវភៅណែនាំសម្រាប់អ្នកបណ្តុះបណ្តាល ស៥,true,238,59eef3e3,108,false,0,0
/books/techno-srj-scientific-research-journal,Techno-SRJ Scientific Research Journal,true,259,bd1e639d,67,false,0,1
/books/កំណែទម្រង់វិស័យអប់រំនៅកម្ពុជា,កំណែទម្រង់វិស័យអប់រំនៅកម្ពុជា,true,306,7c52cf8a,1,false,0,0
/books/ឯកសារជំនួយស្មារតីសម្រាប់សិស្សថ្នាក់ទី១២-មុខវិជ្ជាគណិតវិទ្យា,ឯកសារជំនួយស្មារតីសម្រាប់សិស្សថ្នាក់ទី១២ មុខវិជ្ជាគណិតវិទ្យា,true,265,3d4a6881,330,true,0,0
/books/ឯកសារបណ្ដាញចំណេះដឹងសម្រាប់សិស្សស្វ័យសិក្សា-មុខវិជ្ជាគីមីវិទ្យា-ថ្-3,ឯកសារបណ្ដាញចំណេះដឹងសម្រាប់សិស្សស្វ័យសិក្សា មុខវិជ្ជាគីមីវិទ្យា ថ្,true,263,7c61b4b3,239,true,0,0
/books/ការអនុវត្តវិធីសាស្ត្របង្រៀន-តាមបែបរិះរក-ibl-និងវិធីបង្រៀនតាម5es,ការអនុវត្តវិធីសាស្ត្របង្រៀន តាមបែបរិះរក(IBL) និងវិធីបង្រៀនតាម5Es,true,270,3d4a6881,330,false,0,0
/books/ឯកសារ-ស្វ័យ-សិក្សា-គីមីវិទ្យា-ថ្នាក់-ទី១០,ឯកសារ​ស្វ័យ​សិក្សា គីមីវិទ្យា​ ថ្នាក់​ទី១០,true,240,7c61b4b3,239,true,0,0
/books/កម្រងវិញ្ញាសាត្រៀមប្រឡសញ្ញាបត្រមធ្យមសិក្សាទុតិយភូមិ-01-10,កម្រងវិញ្ញាសាត្រៀមប្រឡសញ្ញាបត្រមធ្យមសិក្សាទុតិយភូមិ(01-10),true,256,7c61b4b3,239,false,0,0
/books/តេស្ត-sea-plm-២០២៤-កម្រងសំណួរគ្រូបង្រៀន,តេស្ត SEA-PLM ២០២៤ កម្រងសំណួរគ្រូបង្រៀន,true,205,086d02cd,1,false,0,0
